{
"type": "FeatureCollection",
"name": "Base_Cout_Activite",
"features": [
{ "type": "Feature", "properties": { "Année": 2024, "Mois": "Juin", "UC": "Tous", "TAG": null, "NAP": null, "NAA": null, "NAC": null, "NAD": null, "TAR 1": null, "TAR 2": null, "TAR 1.1": null, "TAR 1.2": null, "TAR 2.1": null, "TAR 2.2": null, "TAA 1.1.1": null, "TAA 1.1.2": null, "TAA 1.1.3": null, "TAA 1.1.4": null, "TAA 1.2.1": null, "TAA 1.2.2": null, "TAA 1.2.3": null, "TAA 1.2.4": null, "TAA 2.1.1": null, "TAA 2.1.2": null, "TAA 2.1.3": null, "TAA 2.1.4": null, "TAA 2.2.1": null, "TAA 2.2.2": null, "TAA 2.2.3": null, "TAA 2.2.4": null, "DC": 715524.94, "BT": 34500000, "TD": 0.020739853333333332, "BD 2024 (EUR)": 715524.94, "BD 2024 (%)": 0.020739853333333332, "BD 2025 (EUR)": 2758290.3, "BD 2025 (%)": 0.079950443478260858, "BD 2026 (EUR)": 96537.81, "BD 2026 (%)": 0.002798197391304348, "BD 2027 (EUR)": null, "BD 2027 (%)": null, "BD 2028 (EUR)": null, "BD 2028 (%)": null, "BD 2029 (EUR)": null, "BD 2029 (%)": null, "BD 2030 (EUR)": null, "BD 2030 (%)": null, "BD C1 (EUR)": null, "BD C1 (%)": null, "BD C2 (EUR)": null, "BD C2 (%)": null, "BD C3 (EUR)": null, "BD C3 (%)": null, "BD C4 (EUR)": null, "BD C4 (%)": null, "BDF (EUR)": null, "BDF (%)": null, "BDA (EUR)": null, "BDA (%)": null, "BDC (EUR)": null, "BDC (%)": null, "BDMI (EUR)": null, "BDMI (%)": null, "BDMP (EUR)": null, "BDMP (%)": null, "BDS (EUR)": null, "BDS (%)": null, "TAC": null, "PA (EUR)": null, "D (EUR)": null, "TAC  C1": null, "PA C1 (EUR)": null, "D C1 (EUR)": null, "TAC C2": null, "PA C2 (EUR)": null, "D C2 (EUR)": null, "TAC  C3": null, "PA C3 (EUR)": null, "D C3 (EUR)": null, "TAC C4": null, "PA C4 (EUR)": null, "D C4 (EUR)": null, "TAC F": null, "PAF (EUR)": null, "DF (EUR)": null, "TAC A": null, "PAA (EUR)": null, "DA (EUR)": null, "TAC C": null, "PAC (EUR)": null, "DC (EUR)": null, "TAC MI": null, "PAMI (EUR)": null, "DMI (EUR)": null, " TAC MP": null, "PAMP (EUR)": null, "DMP (EUR)": null }, "geometry": null },
{ "type": "Feature", "properties": { "Année": 2024, "Mois": "Juillet", "UC": "Tous", "TAG": null, "NAP": null, "NAA": null, "NAC": null, "NAD": null, "TAR 1": null, "TAR 2": null, "TAR 1.1": null, "TAR 1.2": null, "TAR 2.1": null, "TAR 2.2": null, "TAA 1.1.1": null, "TAA 1.1.2": null, "TAA 1.1.3": null, "TAA 1.1.4": null, "TAA 1.2.1": null, "TAA 1.2.2": null, "TAA 1.2.3": null, "TAA 1.2.4": null, "TAA 2.1.1": null, "TAA 2.1.2": null, "TAA 2.1.3": null, "TAA 2.1.4": null, "TAA 2.2.1": null, "TAA 2.2.2": null, "TAA 2.2.3": null, "TAA 2.2.4": null, "DC": 715524.94, "BT": 34500000, "TD": 0.020739853333333332, "BD 2024 (EUR)": 715524.94, "BD 2024 (%)": 0.020739853333333332, "BD 2025 (EUR)": 2758290.3, "BD 2025 (%)": 0.079950443478260858, "BD 2026 (EUR)": 96537.81, "BD 2026 (%)": 0.002798197391304348, "BD 2027 (EUR)": null, "BD 2027 (%)": null, "BD 2028 (EUR)": null, "BD 2028 (%)": null, "BD 2029 (EUR)": null, "BD 2029 (%)": null, "BD 2030 (EUR)": null, "BD 2030 (%)": null, "BD C1 (EUR)": null, "BD C1 (%)": null, "BD C2 (EUR)": null, "BD C2 (%)": null, "BD C3 (EUR)": null, "BD C3 (%)": null, "BD C4 (EUR)": null, "BD C4 (%)": null, "BDF (EUR)": null, "BDF (%)": null, "BDA (EUR)": null, "BDA (%)": null, "BDC (EUR)": null, "BDC (%)": null, "BDMI (EUR)": null, "BDMI (%)": null, "BDMP (EUR)": null, "BDMP (%)": null, "BDS (EUR)": null, "BDS (%)": null, "TAC": null, "PA (EUR)": null, "D (EUR)": null, "TAC  C1": null, "PA C1 (EUR)": null, "D C1 (EUR)": null, "TAC C2": null, "PA C2 (EUR)": null, "D C2 (EUR)": null, "TAC  C3": null, "PA C3 (EUR)": null, "D C3 (EUR)": null, "TAC C4": null, "PA C4 (EUR)": null, "D C4 (EUR)": null, "TAC F": null, "PAF (EUR)": null, "DF (EUR)": null, "TAC A": null, "PAA (EUR)": null, "DA (EUR)": null, "TAC C": null, "PAC (EUR)": null, "DC (EUR)": null, "TAC MI": null, "PAMI (EUR)": null, "DMI (EUR)": null, " TAC MP": null, "PAMP (EUR)": null, "DMP (EUR)": null }, "geometry": null },
{ "type": "Feature", "properties": { "Année": 2024, "Mois": "Août", "UC": "Tous", "TAG": null, "NAP": null, "NAA": null, "NAC": null, "NAD": null, "TAR 1": null, "TAR 2": null, "TAR 1.1": null, "TAR 1.2": null, "TAR 2.1": null, "TAR 2.2": null, "TAA 1.1.1": null, "TAA 1.1.2": null, "TAA 1.1.3": null, "TAA 1.1.4": null, "TAA 1.2.1": null, "TAA 1.2.2": null, "TAA 1.2.3": null, "TAA 1.2.4": null, "TAA 2.1.1": null, "TAA 2.1.2": null, "TAA 2.1.3": null, "TAA 2.1.4": null, "TAA 2.2.1": null, "TAA 2.2.2": null, "TAA 2.2.3": null, "TAA 2.2.4": null, "DC": 715524.94, "BT": 34500000, "TD": 0.020739853333333332, "BD 2024 (EUR)": 715524.94, "BD 2024 (%)": 0.020739853333333332, "BD 2025 (EUR)": 2758290.3, "BD 2025 (%)": 0.079950443478260858, "BD 2026 (EUR)": 96537.81, "BD 2026 (%)": 0.002798197391304348, "BD 2027 (EUR)": null, "BD 2027 (%)": null, "BD 2028 (EUR)": null, "BD 2028 (%)": null, "BD 2029 (EUR)": null, "BD 2029 (%)": null, "BD 2030 (EUR)": null, "BD 2030 (%)": null, "BD C1 (EUR)": null, "BD C1 (%)": null, "BD C2 (EUR)": null, "BD C2 (%)": null, "BD C3 (EUR)": null, "BD C3 (%)": null, "BD C4 (EUR)": null, "BD C4 (%)": null, "BDF (EUR)": null, "BDF (%)": null, "BDA (EUR)": null, "BDA (%)": null, "BDC (EUR)": null, "BDC (%)": null, "BDMI (EUR)": null, "BDMI (%)": null, "BDMP (EUR)": null, "BDMP (%)": null, "BDS (EUR)": null, "BDS (%)": null, "TAC": null, "PA (EUR)": null, "D (EUR)": null, "TAC  C1": null, "PA C1 (EUR)": null, "D C1 (EUR)": null, "TAC C2": null, "PA C2 (EUR)": null, "D C2 (EUR)": null, "TAC  C3": null, "PA C3 (EUR)": null, "D C3 (EUR)": null, "TAC C4": null, "PA C4 (EUR)": null, "D C4 (EUR)": null, "TAC F": null, "PAF (EUR)": null, "DF (EUR)": null, "TAC A": null, "PAA (EUR)": null, "DA (EUR)": null, "TAC C": null, "PAC (EUR)": null, "DC (EUR)": null, "TAC MI": null, "PAMI (EUR)": null, "DMI (EUR)": null, " TAC MP": null, "PAMP (EUR)": null, "DMP (EUR)": null }, "geometry": null },
{ "type": "Feature", "properties": { "Année": 2024, "Mois": "Septembre", "UC": "Tous", "TAG": null, "NAP": null, "NAA": null, "NAC": null, "NAD": null, "TAR 1": null, "TAR 2": null, "TAR 1.1": null, "TAR 1.2": null, "TAR 2.1": null, "TAR 2.2": null, "TAA 1.1.1": null, "TAA 1.1.2": null, "TAA 1.1.3": null, "TAA 1.1.4": null, "TAA 1.2.1": null, "TAA 1.2.2": null, "TAA 1.2.3": null, "TAA 1.2.4": null, "TAA 2.1.1": null, "TAA 2.1.2": null, "TAA 2.1.3": null, "TAA 2.1.4": null, "TAA 2.2.1": null, "TAA 2.2.2": null, "TAA 2.2.3": null, "TAA 2.2.4": null, "DC": 715524.94, "BT": 34500000, "TD": 0.020739853333333332, "BD 2024 (EUR)": 715524.94, "BD 2024 (%)": 0.020739853333333332, "BD 2025 (EUR)": 2758290.3, "BD 2025 (%)": 0.079950443478260858, "BD 2026 (EUR)": 96537.81, "BD 2026 (%)": 0.002798197391304348, "BD 2027 (EUR)": null, "BD 2027 (%)": null, "BD 2028 (EUR)": null, "BD 2028 (%)": null, "BD 2029 (EUR)": null, "BD 2029 (%)": null, "BD 2030 (EUR)": null, "BD 2030 (%)": null, "BD C1 (EUR)": null, "BD C1 (%)": null, "BD C2 (EUR)": null, "BD C2 (%)": null, "BD C3 (EUR)": null, "BD C3 (%)": null, "BD C4 (EUR)": null, "BD C4 (%)": null, "BDF (EUR)": null, "BDF (%)": null, "BDA (EUR)": null, "BDA (%)": null, "BDC (EUR)": null, "BDC (%)": null, "BDMI (EUR)": null, "BDMI (%)": null, "BDMP (EUR)": null, "BDMP (%)": null, "BDS (EUR)": null, "BDS (%)": null, "TAC": null, "PA (EUR)": null, "D (EUR)": null, "TAC  C1": null, "PA C1 (EUR)": null, "D C1 (EUR)": null, "TAC C2": null, "PA C2 (EUR)": null, "D C2 (EUR)": null, "TAC  C3": null, "PA C3 (EUR)": null, "D C3 (EUR)": null, "TAC C4": null, "PA C4 (EUR)": null, "D C4 (EUR)": null, "TAC F": null, "PAF (EUR)": null, "DF (EUR)": null, "TAC A": null, "PAA (EUR)": null, "DA (EUR)": null, "TAC C": null, "PAC (EUR)": null, "DC (EUR)": null, "TAC MI": null, "PAMI (EUR)": null, "DMI (EUR)": null, " TAC MP": null, "PAMP (EUR)": null, "DMP (EUR)": null }, "geometry": null },
{ "type": "Feature", "properties": { "Année": 2024, "Mois": "Octobre", "UC": "Tous", "TAG": null, "NAP": null, "NAA": null, "NAC": null, "NAD": null, "TAR 1": null, "TAR 2": null, "TAR 1.1": null, "TAR 1.2": null, "TAR 2.1": null, "TAR 2.2": null, "TAA 1.1.1": null, "TAA 1.1.2": null, "TAA 1.1.3": null, "TAA 1.1.4": null, "TAA 1.2.1": null, "TAA 1.2.2": null, "TAA 1.2.3": null, "TAA 1.2.4": null, "TAA 2.1.1": null, "TAA 2.1.2": null, "TAA 2.1.3": null, "TAA 2.1.4": null, "TAA 2.2.1": null, "TAA 2.2.2": null, "TAA 2.2.3": null, "TAA 2.2.4": null, "DC": 715524.94, "BT": 34500000, "TD": 0.020739853333333332, "BD 2024 (EUR)": 715524.94, "BD 2024 (%)": 0.020739853333333332, "BD 2025 (EUR)": 2758290.3, "BD 2025 (%)": 0.079950443478260858, "BD 2026 (EUR)": 96537.81, "BD 2026 (%)": 0.002798197391304348, "BD 2027 (EUR)": null, "BD 2027 (%)": null, "BD 2028 (EUR)": null, "BD 2028 (%)": null, "BD 2029 (EUR)": null, "BD 2029 (%)": null, "BD 2030 (EUR)": null, "BD 2030 (%)": null, "BD C1 (EUR)": null, "BD C1 (%)": null, "BD C2 (EUR)": null, "BD C2 (%)": null, "BD C3 (EUR)": null, "BD C3 (%)": null, "BD C4 (EUR)": null, "BD C4 (%)": null, "BDF (EUR)": null, "BDF (%)": null, "BDA (EUR)": null, "BDA (%)": null, "BDC (EUR)": null, "BDC (%)": null, "BDMI (EUR)": null, "BDMI (%)": null, "BDMP (EUR)": null, "BDMP (%)": null, "BDS (EUR)": null, "BDS (%)": null, "TAC": null, "PA (EUR)": null, "D (EUR)": null, "TAC  C1": null, "PA C1 (EUR)": null, "D C1 (EUR)": null, "TAC C2": null, "PA C2 (EUR)": null, "D C2 (EUR)": null, "TAC  C3": null, "PA C3 (EUR)": null, "D C3 (EUR)": null, "TAC C4": null, "PA C4 (EUR)": null, "D C4 (EUR)": null, "TAC F": null, "PAF (EUR)": null, "DF (EUR)": null, "TAC A": null, "PAA (EUR)": null, "DA (EUR)": null, "TAC C": null, "PAC (EUR)": null, "DC (EUR)": null, "TAC MI": null, "PAMI (EUR)": null, "DMI (EUR)": null, " TAC MP": null, "PAMP (EUR)": null, "DMP (EUR)": null }, "geometry": null },
{ "type": "Feature", "properties": { "Année": 2024, "Mois": "Novembre", "UC": "Tous", "TAG": null, "NAP": null, "NAA": null, "NAC": null, "NAD": null, "TAR 1": null, "TAR 2": null, "TAR 1.1": null, "TAR 1.2": null, "TAR 2.1": null, "TAR 2.2": null, "TAA 1.1.1": null, "TAA 1.1.2": null, "TAA 1.1.3": null, "TAA 1.1.4": null, "TAA 1.2.1": null, "TAA 1.2.2": null, "TAA 1.2.3": null, "TAA 1.2.4": null, "TAA 2.1.1": null, "TAA 2.1.2": null, "TAA 2.1.3": null, "TAA 2.1.4": null, "TAA 2.2.1": null, "TAA 2.2.2": null, "TAA 2.2.3": null, "TAA 2.2.4": null, "DC": 715524.94, "BT": 34500000, "TD": 0.020739853333333332, "BD 2024 (EUR)": 715524.94, "BD 2024 (%)": 0.020739853333333332, "BD 2025 (EUR)": 2758290.3, "BD 2025 (%)": 0.079950443478260858, "BD 2026 (EUR)": 96537.81, "BD 2026 (%)": 0.002798197391304348, "BD 2027 (EUR)": null, "BD 2027 (%)": null, "BD 2028 (EUR)": null, "BD 2028 (%)": null, "BD 2029 (EUR)": null, "BD 2029 (%)": null, "BD 2030 (EUR)": null, "BD 2030 (%)": null, "BD C1 (EUR)": null, "BD C1 (%)": null, "BD C2 (EUR)": null, "BD C2 (%)": null, "BD C3 (EUR)": null, "BD C3 (%)": null, "BD C4 (EUR)": null, "BD C4 (%)": null, "BDF (EUR)": null, "BDF (%)": null, "BDA (EUR)": null, "BDA (%)": null, "BDC (EUR)": null, "BDC (%)": null, "BDMI (EUR)": null, "BDMI (%)": null, "BDMP (EUR)": null, "BDMP (%)": null, "BDS (EUR)": null, "BDS (%)": null, "TAC": null, "PA (EUR)": null, "D (EUR)": null, "TAC  C1": null, "PA C1 (EUR)": null, "D C1 (EUR)": null, "TAC C2": null, "PA C2 (EUR)": null, "D C2 (EUR)": null, "TAC  C3": null, "PA C3 (EUR)": null, "D C3 (EUR)": null, "TAC C4": null, "PA C4 (EUR)": null, "D C4 (EUR)": null, "TAC F": null, "PAF (EUR)": null, "DF (EUR)": null, "TAC A": null, "PAA (EUR)": null, "DA (EUR)": null, "TAC C": null, "PAC (EUR)": null, "DC (EUR)": null, "TAC MI": null, "PAMI (EUR)": null, "DMI (EUR)": null, " TAC MP": null, "PAMP (EUR)": null, "DMP (EUR)": null }, "geometry": null },
{ "type": "Feature", "properties": { "Année": 2024, "Mois": "Décembre", "UC": "Tous", "TAG": null, "NAP": null, "NAA": null, "NAC": null, "NAD": null, "TAR 1": null, "TAR 2": null, "TAR 1.1": null, "TAR 1.2": null, "TAR 2.1": null, "TAR 2.2": null, "TAA 1.1.1": null, "TAA 1.1.2": null, "TAA 1.1.3": null, "TAA 1.1.4": null, "TAA 1.2.1": null, "TAA 1.2.2": null, "TAA 1.2.3": null, "TAA 1.2.4": null, "TAA 2.1.1": null, "TAA 2.1.2": null, "TAA 2.1.3": null, "TAA 2.1.4": null, "TAA 2.2.1": null, "TAA 2.2.2": null, "TAA 2.2.3": null, "TAA 2.2.4": null, "DC": 715524.94, "BT": 34500000, "TD": 0.020739853333333332, "BD 2024 (EUR)": 715524.94, "BD 2024 (%)": 0.020739853333333332, "BD 2025 (EUR)": 2758290.3, "BD 2025 (%)": 0.079950443478260858, "BD 2026 (EUR)": 96537.81, "BD 2026 (%)": 0.002798197391304348, "BD 2027 (EUR)": null, "BD 2027 (%)": null, "BD 2028 (EUR)": null, "BD 2028 (%)": null, "BD 2029 (EUR)": null, "BD 2029 (%)": null, "BD 2030 (EUR)": null, "BD 2030 (%)": null, "BD C1 (EUR)": null, "BD C1 (%)": null, "BD C2 (EUR)": null, "BD C2 (%)": null, "BD C3 (EUR)": null, "BD C3 (%)": null, "BD C4 (EUR)": null, "BD C4 (%)": null, "BDF (EUR)": null, "BDF (%)": null, "BDA (EUR)": null, "BDA (%)": null, "BDC (EUR)": null, "BDC (%)": null, "BDMI (EUR)": null, "BDMI (%)": null, "BDMP (EUR)": null, "BDMP (%)": null, "BDS (EUR)": null, "BDS (%)": null, "TAC": null, "PA (EUR)": null, "D (EUR)": null, "TAC  C1": null, "PA C1 (EUR)": null, "D C1 (EUR)": null, "TAC C2": null, "PA C2 (EUR)": null, "D C2 (EUR)": null, "TAC  C3": null, "PA C3 (EUR)": null, "D C3 (EUR)": null, "TAC C4": null, "PA C4 (EUR)": null, "D C4 (EUR)": null, "TAC F": null, "PAF (EUR)": null, "DF (EUR)": null, "TAC A": null, "PAA (EUR)": null, "DA (EUR)": null, "TAC C": null, "PAC (EUR)": null, "DC (EUR)": null, "TAC MI": null, "PAMI (EUR)": null, "DMI (EUR)": null, " TAC MP": null, "PAMP (EUR)": null, "DMP (EUR)": null }, "geometry": null },
{ "type": "Feature", "properties": { "Année": 2024, "Mois": "Juin", "UC": "UCT", "TAG": null, "NAP": null, "NAA": null, "NAC": null, "NAD": null, "TAR 1": null, "TAR 2": null, "TAR 1.1": null, "TAR 1.2": null, "TAR 2.1": null, "TAR 2.2": null, "TAA 1.1.1": null, "TAA 1.1.2": null, "TAA 1.1.3": null, "TAA 1.1.4": null, "TAA 1.2.1": null, "TAA 1.2.2": null, "TAA 1.2.3": null, "TAA 1.2.4": null, "TAA 2.1.1": null, "TAA 2.1.2": null, "TAA 2.1.3": null, "TAA 2.1.4": null, "TAA 2.2.1": null, "TAA 2.2.2": null, "TAA 2.2.3": null, "TAA 2.2.4": null, "DC": 715524.94, "BT": 34500000, "TD": 0.020739853333333332, "BD 2024 (EUR)": 715524.94, "BD 2024 (%)": 0.020739853333333332, "BD 2025 (EUR)": 2758290.3, "BD 2025 (%)": 0.079950443478260858, "BD 2026 (EUR)": 96537.81, "BD 2026 (%)": 0.002798197391304348, "BD 2027 (EUR)": null, "BD 2027 (%)": null, "BD 2028 (EUR)": null, "BD 2028 (%)": null, "BD 2029 (EUR)": null, "BD 2029 (%)": null, "BD 2030 (EUR)": null, "BD 2030 (%)": null, "BD C1 (EUR)": null, "BD C1 (%)": null, "BD C2 (EUR)": null, "BD C2 (%)": null, "BD C3 (EUR)": null, "BD C3 (%)": null, "BD C4 (EUR)": null, "BD C4 (%)": null, "BDF (EUR)": null, "BDF (%)": null, "BDA (EUR)": null, "BDA (%)": null, "BDC (EUR)": null, "BDC (%)": null, "BDMI (EUR)": null, "BDMI (%)": null, "BDMP (EUR)": null, "BDMP (%)": null, "BDS (EUR)": null, "BDS (%)": null, "TAC": null, "PA (EUR)": null, "D (EUR)": null, "TAC  C1": null, "PA C1 (EUR)": null, "D C1 (EUR)": null, "TAC C2": null, "PA C2 (EUR)": null, "D C2 (EUR)": null, "TAC  C3": null, "PA C3 (EUR)": null, "D C3 (EUR)": null, "TAC C4": null, "PA C4 (EUR)": null, "D C4 (EUR)": null, "TAC F": null, "PAF (EUR)": null, "DF (EUR)": null, "TAC A": null, "PAA (EUR)": null, "DA (EUR)": null, "TAC C": null, "PAC (EUR)": null, "DC (EUR)": null, "TAC MI": null, "PAMI (EUR)": null, "DMI (EUR)": null, " TAC MP": null, "PAMP (EUR)": null, "DMP (EUR)": null }, "geometry": null },
{ "type": "Feature", "properties": { "Année": 2024, "Mois": "Juillet", "UC": "UCT", "TAG": null, "NAP": null, "NAA": null, "NAC": null, "NAD": null, "TAR 1": null, "TAR 2": null, "TAR 1.1": null, "TAR 1.2": null, "TAR 2.1": null, "TAR 2.2": null, "TAA 1.1.1": null, "TAA 1.1.2": null, "TAA 1.1.3": null, "TAA 1.1.4": null, "TAA 1.2.1": null, "TAA 1.2.2": null, "TAA 1.2.3": null, "TAA 1.2.4": null, "TAA 2.1.1": null, "TAA 2.1.2": null, "TAA 2.1.3": null, "TAA 2.1.4": null, "TAA 2.2.1": null, "TAA 2.2.2": null, "TAA 2.2.3": null, "TAA 2.2.4": null, "DC": 715524.94, "BT": 34500000, "TD": 0.020739853333333332, "BD 2024 (EUR)": 715524.94, "BD 2024 (%)": 0.020739853333333332, "BD 2025 (EUR)": 2758290.3, "BD 2025 (%)": 0.079950443478260858, "BD 2026 (EUR)": 96537.81, "BD 2026 (%)": 0.002798197391304348, "BD 2027 (EUR)": null, "BD 2027 (%)": null, "BD 2028 (EUR)": null, "BD 2028 (%)": null, "BD 2029 (EUR)": null, "BD 2029 (%)": null, "BD 2030 (EUR)": null, "BD 2030 (%)": null, "BD C1 (EUR)": null, "BD C1 (%)": null, "BD C2 (EUR)": null, "BD C2 (%)": null, "BD C3 (EUR)": null, "BD C3 (%)": null, "BD C4 (EUR)": null, "BD C4 (%)": null, "BDF (EUR)": null, "BDF (%)": null, "BDA (EUR)": null, "BDA (%)": null, "BDC (EUR)": null, "BDC (%)": null, "BDMI (EUR)": null, "BDMI (%)": null, "BDMP (EUR)": null, "BDMP (%)": null, "BDS (EUR)": null, "BDS (%)": null, "TAC": null, "PA (EUR)": null, "D (EUR)": null, "TAC  C1": null, "PA C1 (EUR)": null, "D C1 (EUR)": null, "TAC C2": null, "PA C2 (EUR)": null, "D C2 (EUR)": null, "TAC  C3": null, "PA C3 (EUR)": null, "D C3 (EUR)": null, "TAC C4": null, "PA C4 (EUR)": null, "D C4 (EUR)": null, "TAC F": null, "PAF (EUR)": null, "DF (EUR)": null, "TAC A": null, "PAA (EUR)": null, "DA (EUR)": null, "TAC C": null, "PAC (EUR)": null, "DC (EUR)": null, "TAC MI": null, "PAMI (EUR)": null, "DMI (EUR)": null, " TAC MP": null, "PAMP (EUR)": null, "DMP (EUR)": null }, "geometry": null },
{ "type": "Feature", "properties": { "Année": 2024, "Mois": "Août", "UC": "UCT", "TAG": null, "NAP": null, "NAA": null, "NAC": null, "NAD": null, "TAR 1": null, "TAR 2": null, "TAR 1.1": null, "TAR 1.2": null, "TAR 2.1": null, "TAR 2.2": null, "TAA 1.1.1": null, "TAA 1.1.2": null, "TAA 1.1.3": null, "TAA 1.1.4": null, "TAA 1.2.1": null, "TAA 1.2.2": null, "TAA 1.2.3": null, "TAA 1.2.4": null, "TAA 2.1.1": null, "TAA 2.1.2": null, "TAA 2.1.3": null, "TAA 2.1.4": null, "TAA 2.2.1": null, "TAA 2.2.2": null, "TAA 2.2.3": null, "TAA 2.2.4": null, "DC": 715524.94, "BT": 34500000, "TD": 0.020739853333333332, "BD 2024 (EUR)": 715524.94, "BD 2024 (%)": 0.020739853333333332, "BD 2025 (EUR)": 2758290.3, "BD 2025 (%)": 0.079950443478260858, "BD 2026 (EUR)": 96537.81, "BD 2026 (%)": 0.002798197391304348, "BD 2027 (EUR)": null, "BD 2027 (%)": null, "BD 2028 (EUR)": null, "BD 2028 (%)": null, "BD 2029 (EUR)": null, "BD 2029 (%)": null, "BD 2030 (EUR)": null, "BD 2030 (%)": null, "BD C1 (EUR)": null, "BD C1 (%)": null, "BD C2 (EUR)": null, "BD C2 (%)": null, "BD C3 (EUR)": null, "BD C3 (%)": null, "BD C4 (EUR)": null, "BD C4 (%)": null, "BDF (EUR)": null, "BDF (%)": null, "BDA (EUR)": null, "BDA (%)": null, "BDC (EUR)": null, "BDC (%)": null, "BDMI (EUR)": null, "BDMI (%)": null, "BDMP (EUR)": null, "BDMP (%)": null, "BDS (EUR)": null, "BDS (%)": null, "TAC": null, "PA (EUR)": null, "D (EUR)": null, "TAC  C1": null, "PA C1 (EUR)": null, "D C1 (EUR)": null, "TAC C2": null, "PA C2 (EUR)": null, "D C2 (EUR)": null, "TAC  C3": null, "PA C3 (EUR)": null, "D C3 (EUR)": null, "TAC C4": null, "PA C4 (EUR)": null, "D C4 (EUR)": null, "TAC F": null, "PAF (EUR)": null, "DF (EUR)": null, "TAC A": null, "PAA (EUR)": null, "DA (EUR)": null, "TAC C": null, "PAC (EUR)": null, "DC (EUR)": null, "TAC MI": null, "PAMI (EUR)": null, "DMI (EUR)": null, " TAC MP": null, "PAMP (EUR)": null, "DMP (EUR)": null }, "geometry": null },
{ "type": "Feature", "properties": { "Année": 2024, "Mois": "Septembre", "UC": "UCT", "TAG": null, "NAP": null, "NAA": null, "NAC": null, "NAD": null, "TAR 1": null, "TAR 2": null, "TAR 1.1": null, "TAR 1.2": null, "TAR 2.1": null, "TAR 2.2": null, "TAA 1.1.1": null, "TAA 1.1.2": null, "TAA 1.1.3": null, "TAA 1.1.4": null, "TAA 1.2.1": null, "TAA 1.2.2": null, "TAA 1.2.3": null, "TAA 1.2.4": null, "TAA 2.1.1": null, "TAA 2.1.2": null, "TAA 2.1.3": null, "TAA 2.1.4": null, "TAA 2.2.1": null, "TAA 2.2.2": null, "TAA 2.2.3": null, "TAA 2.2.4": null, "DC": 715524.94, "BT": 34500000, "TD": 0.020739853333333332, "BD 2024 (EUR)": 715524.94, "BD 2024 (%)": 0.020739853333333332, "BD 2025 (EUR)": 2758290.3, "BD 2025 (%)": 0.079950443478260858, "BD 2026 (EUR)": 96537.81, "BD 2026 (%)": 0.002798197391304348, "BD 2027 (EUR)": null, "BD 2027 (%)": null, "BD 2028 (EUR)": null, "BD 2028 (%)": null, "BD 2029 (EUR)": null, "BD 2029 (%)": null, "BD 2030 (EUR)": null, "BD 2030 (%)": null, "BD C1 (EUR)": null, "BD C1 (%)": null, "BD C2 (EUR)": null, "BD C2 (%)": null, "BD C3 (EUR)": null, "BD C3 (%)": null, "BD C4 (EUR)": null, "BD C4 (%)": null, "BDF (EUR)": null, "BDF (%)": null, "BDA (EUR)": null, "BDA (%)": null, "BDC (EUR)": null, "BDC (%)": null, "BDMI (EUR)": null, "BDMI (%)": null, "BDMP (EUR)": null, "BDMP (%)": null, "BDS (EUR)": null, "BDS (%)": null, "TAC": null, "PA (EUR)": null, "D (EUR)": null, "TAC  C1": null, "PA C1 (EUR)": null, "D C1 (EUR)": null, "TAC C2": null, "PA C2 (EUR)": null, "D C2 (EUR)": null, "TAC  C3": null, "PA C3 (EUR)": null, "D C3 (EUR)": null, "TAC C4": null, "PA C4 (EUR)": null, "D C4 (EUR)": null, "TAC F": null, "PAF (EUR)": null, "DF (EUR)": null, "TAC A": null, "PAA (EUR)": null, "DA (EUR)": null, "TAC C": null, "PAC (EUR)": null, "DC (EUR)": null, "TAC MI": null, "PAMI (EUR)": null, "DMI (EUR)": null, " TAC MP": null, "PAMP (EUR)": null, "DMP (EUR)": null }, "geometry": null },
{ "type": "Feature", "properties": { "Année": 2024, "Mois": "Octobre", "UC": "UCT", "TAG": null, "NAP": null, "NAA": null, "NAC": null, "NAD": null, "TAR 1": null, "TAR 2": null, "TAR 1.1": null, "TAR 1.2": null, "TAR 2.1": null, "TAR 2.2": null, "TAA 1.1.1": null, "TAA 1.1.2": null, "TAA 1.1.3": null, "TAA 1.1.4": null, "TAA 1.2.1": null, "TAA 1.2.2": null, "TAA 1.2.3": null, "TAA 1.2.4": null, "TAA 2.1.1": null, "TAA 2.1.2": null, "TAA 2.1.3": null, "TAA 2.1.4": null, "TAA 2.2.1": null, "TAA 2.2.2": null, "TAA 2.2.3": null, "TAA 2.2.4": null, "DC": 715524.94, "BT": 34500000, "TD": 0.020739853333333332, "BD 2024 (EUR)": 715524.94, "BD 2024 (%)": 0.020739853333333332, "BD 2025 (EUR)": 2758290.3, "BD 2025 (%)": 0.079950443478260858, "BD 2026 (EUR)": 96537.81, "BD 2026 (%)": 0.002798197391304348, "BD 2027 (EUR)": null, "BD 2027 (%)": null, "BD 2028 (EUR)": null, "BD 2028 (%)": null, "BD 2029 (EUR)": null, "BD 2029 (%)": null, "BD 2030 (EUR)": null, "BD 2030 (%)": null, "BD C1 (EUR)": null, "BD C1 (%)": null, "BD C2 (EUR)": null, "BD C2 (%)": null, "BD C3 (EUR)": null, "BD C3 (%)": null, "BD C4 (EUR)": null, "BD C4 (%)": null, "BDF (EUR)": null, "BDF (%)": null, "BDA (EUR)": null, "BDA (%)": null, "BDC (EUR)": null, "BDC (%)": null, "BDMI (EUR)": null, "BDMI (%)": null, "BDMP (EUR)": null, "BDMP (%)": null, "BDS (EUR)": null, "BDS (%)": null, "TAC": null, "PA (EUR)": null, "D (EUR)": null, "TAC  C1": null, "PA C1 (EUR)": null, "D C1 (EUR)": null, "TAC C2": null, "PA C2 (EUR)": null, "D C2 (EUR)": null, "TAC  C3": null, "PA C3 (EUR)": null, "D C3 (EUR)": null, "TAC C4": null, "PA C4 (EUR)": null, "D C4 (EUR)": null, "TAC F": null, "PAF (EUR)": null, "DF (EUR)": null, "TAC A": null, "PAA (EUR)": null, "DA (EUR)": null, "TAC C": null, "PAC (EUR)": null, "DC (EUR)": null, "TAC MI": null, "PAMI (EUR)": null, "DMI (EUR)": null, " TAC MP": null, "PAMP (EUR)": null, "DMP (EUR)": null }, "geometry": null },
{ "type": "Feature", "properties": { "Année": 2024, "Mois": "Novembre", "UC": "UCT", "TAG": null, "NAP": null, "NAA": null, "NAC": null, "NAD": null, "TAR 1": null, "TAR 2": null, "TAR 1.1": null, "TAR 1.2": null, "TAR 2.1": null, "TAR 2.2": null, "TAA 1.1.1": null, "TAA 1.1.2": null, "TAA 1.1.3": null, "TAA 1.1.4": null, "TAA 1.2.1": null, "TAA 1.2.2": null, "TAA 1.2.3": null, "TAA 1.2.4": null, "TAA 2.1.1": null, "TAA 2.1.2": null, "TAA 2.1.3": null, "TAA 2.1.4": null, "TAA 2.2.1": null, "TAA 2.2.2": null, "TAA 2.2.3": null, "TAA 2.2.4": null, "DC": 715524.94, "BT": 34500000, "TD": 0.020739853333333332, "BD 2024 (EUR)": 715524.94, "BD 2024 (%)": 0.020739853333333332, "BD 2025 (EUR)": 2758290.3, "BD 2025 (%)": 0.079950443478260858, "BD 2026 (EUR)": 96537.81, "BD 2026 (%)": 0.002798197391304348, "BD 2027 (EUR)": null, "BD 2027 (%)": null, "BD 2028 (EUR)": null, "BD 2028 (%)": null, "BD 2029 (EUR)": null, "BD 2029 (%)": null, "BD 2030 (EUR)": null, "BD 2030 (%)": null, "BD C1 (EUR)": null, "BD C1 (%)": null, "BD C2 (EUR)": null, "BD C2 (%)": null, "BD C3 (EUR)": null, "BD C3 (%)": null, "BD C4 (EUR)": null, "BD C4 (%)": null, "BDF (EUR)": null, "BDF (%)": null, "BDA (EUR)": null, "BDA (%)": null, "BDC (EUR)": null, "BDC (%)": null, "BDMI (EUR)": null, "BDMI (%)": null, "BDMP (EUR)": null, "BDMP (%)": null, "BDS (EUR)": null, "BDS (%)": null, "TAC": null, "PA (EUR)": null, "D (EUR)": null, "TAC  C1": null, "PA C1 (EUR)": null, "D C1 (EUR)": null, "TAC C2": null, "PA C2 (EUR)": null, "D C2 (EUR)": null, "TAC  C3": null, "PA C3 (EUR)": null, "D C3 (EUR)": null, "TAC C4": null, "PA C4 (EUR)": null, "D C4 (EUR)": null, "TAC F": null, "PAF (EUR)": null, "DF (EUR)": null, "TAC A": null, "PAA (EUR)": null, "DA (EUR)": null, "TAC C": null, "PAC (EUR)": null, "DC (EUR)": null, "TAC MI": null, "PAMI (EUR)": null, "DMI (EUR)": null, " TAC MP": null, "PAMP (EUR)": null, "DMP (EUR)": null }, "geometry": null },
{ "type": "Feature", "properties": { "Année": 2024, "Mois": "Décembre", "UC": "UCT", "TAG": null, "NAP": null, "NAA": null, "NAC": null, "NAD": null, "TAR 1": null, "TAR 2": null, "TAR 1.1": null, "TAR 1.2": null, "TAR 2.1": null, "TAR 2.2": null, "TAA 1.1.1": null, "TAA 1.1.2": null, "TAA 1.1.3": null, "TAA 1.1.4": null, "TAA 1.2.1": null, "TAA 1.2.2": null, "TAA 1.2.3": null, "TAA 1.2.4": null, "TAA 2.1.1": null, "TAA 2.1.2": null, "TAA 2.1.3": null, "TAA 2.1.4": null, "TAA 2.2.1": null, "TAA 2.2.2": null, "TAA 2.2.3": null, "TAA 2.2.4": null, "DC": 715524.94, "BT": 34500000, "TD": 0.020739853333333332, "BD 2024 (EUR)": 715524.94, "BD 2024 (%)": 0.020739853333333332, "BD 2025 (EUR)": 2758290.3, "BD 2025 (%)": 0.079950443478260858, "BD 2026 (EUR)": 96537.81, "BD 2026 (%)": 0.002798197391304348, "BD 2027 (EUR)": null, "BD 2027 (%)": null, "BD 2028 (EUR)": null, "BD 2028 (%)": null, "BD 2029 (EUR)": null, "BD 2029 (%)": null, "BD 2030 (EUR)": null, "BD 2030 (%)": null, "BD C1 (EUR)": null, "BD C1 (%)": null, "BD C2 (EUR)": null, "BD C2 (%)": null, "BD C3 (EUR)": null, "BD C3 (%)": null, "BD C4 (EUR)": null, "BD C4 (%)": null, "BDF (EUR)": null, "BDF (%)": null, "BDA (EUR)": null, "BDA (%)": null, "BDC (EUR)": null, "BDC (%)": null, "BDMI (EUR)": null, "BDMI (%)": null, "BDMP (EUR)": null, "BDMP (%)": null, "BDS (EUR)": null, "BDS (%)": null, "TAC": null, "PA (EUR)": null, "D (EUR)": null, "TAC  C1": null, "PA C1 (EUR)": null, "D C1 (EUR)": null, "TAC C2": null, "PA C2 (EUR)": null, "D C2 (EUR)": null, "TAC  C3": null, "PA C3 (EUR)": null, "D C3 (EUR)": null, "TAC C4": null, "PA C4 (EUR)": null, "D C4 (EUR)": null, "TAC F": null, "PAF (EUR)": null, "DF (EUR)": null, "TAC A": null, "PAA (EUR)": null, "DA (EUR)": null, "TAC C": null, "PAC (EUR)": null, "DC (EUR)": null, "TAC MI": null, "PAMI (EUR)": null, "DMI (EUR)": null, " TAC MP": null, "PAMP (EUR)": null, "DMP (EUR)": null }, "geometry": null },
{ "type": "Feature", "properties": { "Année": 2024, "Mois": "Juin", "UC": "UCR-B", "TAG": null, "NAP": null, "NAA": null, "NAC": null, "NAD": null, "TAR 1": null, "TAR 2": null, "TAR 1.1": null, "TAR 1.2": null, "TAR 2.1": null, "TAR 2.2": null, "TAA 1.1.1": null, "TAA 1.1.2": null, "TAA 1.1.3": null, "TAA 1.1.4": null, "TAA 1.2.1": null, "TAA 1.2.2": null, "TAA 1.2.3": null, "TAA 1.2.4": null, "TAA 2.1.1": null, "TAA 2.1.2": null, "TAA 2.1.3": null, "TAA 2.1.4": null, "TAA 2.2.1": null, "TAA 2.2.2": null, "TAA 2.2.3": null, "TAA 2.2.4": null, "DC": 715524.94, "BT": 34500000, "TD": 0.020739853333333332, "BD 2024 (EUR)": 715524.94, "BD 2024 (%)": 0.020739853333333332, "BD 2025 (EUR)": 2758290.3, "BD 2025 (%)": 0.079950443478260858, "BD 2026 (EUR)": 96537.81, "BD 2026 (%)": 0.002798197391304348, "BD 2027 (EUR)": null, "BD 2027 (%)": null, "BD 2028 (EUR)": null, "BD 2028 (%)": null, "BD 2029 (EUR)": null, "BD 2029 (%)": null, "BD 2030 (EUR)": null, "BD 2030 (%)": null, "BD C1 (EUR)": null, "BD C1 (%)": null, "BD C2 (EUR)": null, "BD C2 (%)": null, "BD C3 (EUR)": null, "BD C3 (%)": null, "BD C4 (EUR)": null, "BD C4 (%)": null, "BDF (EUR)": null, "BDF (%)": null, "BDA (EUR)": null, "BDA (%)": null, "BDC (EUR)": null, "BDC (%)": null, "BDMI (EUR)": null, "BDMI (%)": null, "BDMP (EUR)": null, "BDMP (%)": null, "BDS (EUR)": null, "BDS (%)": null, "TAC": null, "PA (EUR)": null, "D (EUR)": null, "TAC  C1": null, "PA C1 (EUR)": null, "D C1 (EUR)": null, "TAC C2": null, "PA C2 (EUR)": null, "D C2 (EUR)": null, "TAC  C3": null, "PA C3 (EUR)": null, "D C3 (EUR)": null, "TAC C4": null, "PA C4 (EUR)": null, "D C4 (EUR)": null, "TAC F": null, "PAF (EUR)": null, "DF (EUR)": null, "TAC A": null, "PAA (EUR)": null, "DA (EUR)": null, "TAC C": null, "PAC (EUR)": null, "DC (EUR)": null, "TAC MI": null, "PAMI (EUR)": null, "DMI (EUR)": null, " TAC MP": null, "PAMP (EUR)": null, "DMP (EUR)": null }, "geometry": null },
{ "type": "Feature", "properties": { "Année": 2024, "Mois": "Juillet", "UC": "UCR-B", "TAG": null, "NAP": null, "NAA": null, "NAC": null, "NAD": null, "TAR 1": null, "TAR 2": null, "TAR 1.1": null, "TAR 1.2": null, "TAR 2.1": null, "TAR 2.2": null, "TAA 1.1.1": null, "TAA 1.1.2": null, "TAA 1.1.3": null, "TAA 1.1.4": null, "TAA 1.2.1": null, "TAA 1.2.2": null, "TAA 1.2.3": null, "TAA 1.2.4": null, "TAA 2.1.1": null, "TAA 2.1.2": null, "TAA 2.1.3": null, "TAA 2.1.4": null, "TAA 2.2.1": null, "TAA 2.2.2": null, "TAA 2.2.3": null, "TAA 2.2.4": null, "DC": 715524.94, "BT": 34500000, "TD": 0.020739853333333332, "BD 2024 (EUR)": 715524.94, "BD 2024 (%)": 0.020739853333333332, "BD 2025 (EUR)": 2758290.3, "BD 2025 (%)": 0.079950443478260858, "BD 2026 (EUR)": 96537.81, "BD 2026 (%)": 0.002798197391304348, "BD 2027 (EUR)": null, "BD 2027 (%)": null, "BD 2028 (EUR)": null, "BD 2028 (%)": null, "BD 2029 (EUR)": null, "BD 2029 (%)": null, "BD 2030 (EUR)": null, "BD 2030 (%)": null, "BD C1 (EUR)": null, "BD C1 (%)": null, "BD C2 (EUR)": null, "BD C2 (%)": null, "BD C3 (EUR)": null, "BD C3 (%)": null, "BD C4 (EUR)": null, "BD C4 (%)": null, "BDF (EUR)": null, "BDF (%)": null, "BDA (EUR)": null, "BDA (%)": null, "BDC (EUR)": null, "BDC (%)": null, "BDMI (EUR)": null, "BDMI (%)": null, "BDMP (EUR)": null, "BDMP (%)": null, "BDS (EUR)": null, "BDS (%)": null, "TAC": null, "PA (EUR)": null, "D (EUR)": null, "TAC  C1": null, "PA C1 (EUR)": null, "D C1 (EUR)": null, "TAC C2": null, "PA C2 (EUR)": null, "D C2 (EUR)": null, "TAC  C3": null, "PA C3 (EUR)": null, "D C3 (EUR)": null, "TAC C4": null, "PA C4 (EUR)": null, "D C4 (EUR)": null, "TAC F": null, "PAF (EUR)": null, "DF (EUR)": null, "TAC A": null, "PAA (EUR)": null, "DA (EUR)": null, "TAC C": null, "PAC (EUR)": null, "DC (EUR)": null, "TAC MI": null, "PAMI (EUR)": null, "DMI (EUR)": null, " TAC MP": null, "PAMP (EUR)": null, "DMP (EUR)": null }, "geometry": null },
{ "type": "Feature", "properties": { "Année": 2024, "Mois": "Août", "UC": "UCR-B", "TAG": null, "NAP": null, "NAA": null, "NAC": null, "NAD": null, "TAR 1": null, "TAR 2": null, "TAR 1.1": null, "TAR 1.2": null, "TAR 2.1": null, "TAR 2.2": null, "TAA 1.1.1": null, "TAA 1.1.2": null, "TAA 1.1.3": null, "TAA 1.1.4": null, "TAA 1.2.1": null, "TAA 1.2.2": null, "TAA 1.2.3": null, "TAA 1.2.4": null, "TAA 2.1.1": null, "TAA 2.1.2": null, "TAA 2.1.3": null, "TAA 2.1.4": null, "TAA 2.2.1": null, "TAA 2.2.2": null, "TAA 2.2.3": null, "TAA 2.2.4": null, "DC": 715524.94, "BT": 34500000, "TD": 0.020739853333333332, "BD 2024 (EUR)": 715524.94, "BD 2024 (%)": 0.020739853333333332, "BD 2025 (EUR)": 2758290.3, "BD 2025 (%)": 0.079950443478260858, "BD 2026 (EUR)": 96537.81, "BD 2026 (%)": 0.002798197391304348, "BD 2027 (EUR)": null, "BD 2027 (%)": null, "BD 2028 (EUR)": null, "BD 2028 (%)": null, "BD 2029 (EUR)": null, "BD 2029 (%)": null, "BD 2030 (EUR)": null, "BD 2030 (%)": null, "BD C1 (EUR)": null, "BD C1 (%)": null, "BD C2 (EUR)": null, "BD C2 (%)": null, "BD C3 (EUR)": null, "BD C3 (%)": null, "BD C4 (EUR)": null, "BD C4 (%)": null, "BDF (EUR)": null, "BDF (%)": null, "BDA (EUR)": null, "BDA (%)": null, "BDC (EUR)": null, "BDC (%)": null, "BDMI (EUR)": null, "BDMI (%)": null, "BDMP (EUR)": null, "BDMP (%)": null, "BDS (EUR)": null, "BDS (%)": null, "TAC": null, "PA (EUR)": null, "D (EUR)": null, "TAC  C1": null, "PA C1 (EUR)": null, "D C1 (EUR)": null, "TAC C2": null, "PA C2 (EUR)": null, "D C2 (EUR)": null, "TAC  C3": null, "PA C3 (EUR)": null, "D C3 (EUR)": null, "TAC C4": null, "PA C4 (EUR)": null, "D C4 (EUR)": null, "TAC F": null, "PAF (EUR)": null, "DF (EUR)": null, "TAC A": null, "PAA (EUR)": null, "DA (EUR)": null, "TAC C": null, "PAC (EUR)": null, "DC (EUR)": null, "TAC MI": null, "PAMI (EUR)": null, "DMI (EUR)": null, " TAC MP": null, "PAMP (EUR)": null, "DMP (EUR)": null }, "geometry": null },
{ "type": "Feature", "properties": { "Année": 2024, "Mois": "Septembre", "UC": "UCR-B", "TAG": null, "NAP": null, "NAA": null, "NAC": null, "NAD": null, "TAR 1": null, "TAR 2": null, "TAR 1.1": null, "TAR 1.2": null, "TAR 2.1": null, "TAR 2.2": null, "TAA 1.1.1": null, "TAA 1.1.2": null, "TAA 1.1.3": null, "TAA 1.1.4": null, "TAA 1.2.1": null, "TAA 1.2.2": null, "TAA 1.2.3": null, "TAA 1.2.4": null, "TAA 2.1.1": null, "TAA 2.1.2": null, "TAA 2.1.3": null, "TAA 2.1.4": null, "TAA 2.2.1": null, "TAA 2.2.2": null, "TAA 2.2.3": null, "TAA 2.2.4": null, "DC": 715524.94, "BT": 34500000, "TD": 0.020739853333333332, "BD 2024 (EUR)": 715524.94, "BD 2024 (%)": 0.020739853333333332, "BD 2025 (EUR)": 2758290.3, "BD 2025 (%)": 0.079950443478260858, "BD 2026 (EUR)": 96537.81, "BD 2026 (%)": 0.002798197391304348, "BD 2027 (EUR)": null, "BD 2027 (%)": null, "BD 2028 (EUR)": null, "BD 2028 (%)": null, "BD 2029 (EUR)": null, "BD 2029 (%)": null, "BD 2030 (EUR)": null, "BD 2030 (%)": null, "BD C1 (EUR)": null, "BD C1 (%)": null, "BD C2 (EUR)": null, "BD C2 (%)": null, "BD C3 (EUR)": null, "BD C3 (%)": null, "BD C4 (EUR)": null, "BD C4 (%)": null, "BDF (EUR)": null, "BDF (%)": null, "BDA (EUR)": null, "BDA (%)": null, "BDC (EUR)": null, "BDC (%)": null, "BDMI (EUR)": null, "BDMI (%)": null, "BDMP (EUR)": null, "BDMP (%)": null, "BDS (EUR)": null, "BDS (%)": null, "TAC": null, "PA (EUR)": null, "D (EUR)": null, "TAC  C1": null, "PA C1 (EUR)": null, "D C1 (EUR)": null, "TAC C2": null, "PA C2 (EUR)": null, "D C2 (EUR)": null, "TAC  C3": null, "PA C3 (EUR)": null, "D C3 (EUR)": null, "TAC C4": null, "PA C4 (EUR)": null, "D C4 (EUR)": null, "TAC F": null, "PAF (EUR)": null, "DF (EUR)": null, "TAC A": null, "PAA (EUR)": null, "DA (EUR)": null, "TAC C": null, "PAC (EUR)": null, "DC (EUR)": null, "TAC MI": null, "PAMI (EUR)": null, "DMI (EUR)": null, " TAC MP": null, "PAMP (EUR)": null, "DMP (EUR)": null }, "geometry": null },
{ "type": "Feature", "properties": { "Année": 2024, "Mois": "Octobre", "UC": "UCR-B", "TAG": null, "NAP": null, "NAA": null, "NAC": null, "NAD": null, "TAR 1": null, "TAR 2": null, "TAR 1.1": null, "TAR 1.2": null, "TAR 2.1": null, "TAR 2.2": null, "TAA 1.1.1": null, "TAA 1.1.2": null, "TAA 1.1.3": null, "TAA 1.1.4": null, "TAA 1.2.1": null, "TAA 1.2.2": null, "TAA 1.2.3": null, "TAA 1.2.4": null, "TAA 2.1.1": null, "TAA 2.1.2": null, "TAA 2.1.3": null, "TAA 2.1.4": null, "TAA 2.2.1": null, "TAA 2.2.2": null, "TAA 2.2.3": null, "TAA 2.2.4": null, "DC": 715524.94, "BT": 34500000, "TD": 0.020739853333333332, "BD 2024 (EUR)": 715524.94, "BD 2024 (%)": 0.020739853333333332, "BD 2025 (EUR)": 2758290.3, "BD 2025 (%)": 0.079950443478260858, "BD 2026 (EUR)": 96537.81, "BD 2026 (%)": 0.002798197391304348, "BD 2027 (EUR)": null, "BD 2027 (%)": null, "BD 2028 (EUR)": null, "BD 2028 (%)": null, "BD 2029 (EUR)": null, "BD 2029 (%)": null, "BD 2030 (EUR)": null, "BD 2030 (%)": null, "BD C1 (EUR)": null, "BD C1 (%)": null, "BD C2 (EUR)": null, "BD C2 (%)": null, "BD C3 (EUR)": null, "BD C3 (%)": null, "BD C4 (EUR)": null, "BD C4 (%)": null, "BDF (EUR)": null, "BDF (%)": null, "BDA (EUR)": null, "BDA (%)": null, "BDC (EUR)": null, "BDC (%)": null, "BDMI (EUR)": null, "BDMI (%)": null, "BDMP (EUR)": null, "BDMP (%)": null, "BDS (EUR)": null, "BDS (%)": null, "TAC": null, "PA (EUR)": null, "D (EUR)": null, "TAC  C1": null, "PA C1 (EUR)": null, "D C1 (EUR)": null, "TAC C2": null, "PA C2 (EUR)": null, "D C2 (EUR)": null, "TAC  C3": null, "PA C3 (EUR)": null, "D C3 (EUR)": null, "TAC C4": null, "PA C4 (EUR)": null, "D C4 (EUR)": null, "TAC F": null, "PAF (EUR)": null, "DF (EUR)": null, "TAC A": null, "PAA (EUR)": null, "DA (EUR)": null, "TAC C": null, "PAC (EUR)": null, "DC (EUR)": null, "TAC MI": null, "PAMI (EUR)": null, "DMI (EUR)": null, " TAC MP": null, "PAMP (EUR)": null, "DMP (EUR)": null }, "geometry": null },
{ "type": "Feature", "properties": { "Année": 2024, "Mois": "Novembre", "UC": "UCR-B", "TAG": null, "NAP": null, "NAA": null, "NAC": null, "NAD": null, "TAR 1": null, "TAR 2": null, "TAR 1.1": null, "TAR 1.2": null, "TAR 2.1": null, "TAR 2.2": null, "TAA 1.1.1": null, "TAA 1.1.2": null, "TAA 1.1.3": null, "TAA 1.1.4": null, "TAA 1.2.1": null, "TAA 1.2.2": null, "TAA 1.2.3": null, "TAA 1.2.4": null, "TAA 2.1.1": null, "TAA 2.1.2": null, "TAA 2.1.3": null, "TAA 2.1.4": null, "TAA 2.2.1": null, "TAA 2.2.2": null, "TAA 2.2.3": null, "TAA 2.2.4": null, "DC": 715524.94, "BT": 34500000, "TD": 0.020739853333333332, "BD 2024 (EUR)": 715524.94, "BD 2024 (%)": 0.020739853333333332, "BD 2025 (EUR)": 2758290.3, "BD 2025 (%)": 0.079950443478260858, "BD 2026 (EUR)": 96537.81, "BD 2026 (%)": 0.002798197391304348, "BD 2027 (EUR)": null, "BD 2027 (%)": null, "BD 2028 (EUR)": null, "BD 2028 (%)": null, "BD 2029 (EUR)": null, "BD 2029 (%)": null, "BD 2030 (EUR)": null, "BD 2030 (%)": null, "BD C1 (EUR)": null, "BD C1 (%)": null, "BD C2 (EUR)": null, "BD C2 (%)": null, "BD C3 (EUR)": null, "BD C3 (%)": null, "BD C4 (EUR)": null, "BD C4 (%)": null, "BDF (EUR)": null, "BDF (%)": null, "BDA (EUR)": null, "BDA (%)": null, "BDC (EUR)": null, "BDC (%)": null, "BDMI (EUR)": null, "BDMI (%)": null, "BDMP (EUR)": null, "BDMP (%)": null, "BDS (EUR)": null, "BDS (%)": null, "TAC": null, "PA (EUR)": null, "D (EUR)": null, "TAC  C1": null, "PA C1 (EUR)": null, "D C1 (EUR)": null, "TAC C2": null, "PA C2 (EUR)": null, "D C2 (EUR)": null, "TAC  C3": null, "PA C3 (EUR)": null, "D C3 (EUR)": null, "TAC C4": null, "PA C4 (EUR)": null, "D C4 (EUR)": null, "TAC F": null, "PAF (EUR)": null, "DF (EUR)": null, "TAC A": null, "PAA (EUR)": null, "DA (EUR)": null, "TAC C": null, "PAC (EUR)": null, "DC (EUR)": null, "TAC MI": null, "PAMI (EUR)": null, "DMI (EUR)": null, " TAC MP": null, "PAMP (EUR)": null, "DMP (EUR)": null }, "geometry": null },
{ "type": "Feature", "properties": { "Année": 2024, "Mois": "Décembre", "UC": "UCR-B", "TAG": null, "NAP": null, "NAA": null, "NAC": null, "NAD": null, "TAR 1": null, "TAR 2": null, "TAR 1.1": null, "TAR 1.2": null, "TAR 2.1": null, "TAR 2.2": null, "TAA 1.1.1": null, "TAA 1.1.2": null, "TAA 1.1.3": null, "TAA 1.1.4": null, "TAA 1.2.1": null, "TAA 1.2.2": null, "TAA 1.2.3": null, "TAA 1.2.4": null, "TAA 2.1.1": null, "TAA 2.1.2": null, "TAA 2.1.3": null, "TAA 2.1.4": null, "TAA 2.2.1": null, "TAA 2.2.2": null, "TAA 2.2.3": null, "TAA 2.2.4": null, "DC": 715524.94, "BT": 34500000, "TD": 0.020739853333333332, "BD 2024 (EUR)": 715524.94, "BD 2024 (%)": 0.020739853333333332, "BD 2025 (EUR)": 2758290.3, "BD 2025 (%)": 0.079950443478260858, "BD 2026 (EUR)": 96537.81, "BD 2026 (%)": 0.002798197391304348, "BD 2027 (EUR)": null, "BD 2027 (%)": null, "BD 2028 (EUR)": null, "BD 2028 (%)": null, "BD 2029 (EUR)": null, "BD 2029 (%)": null, "BD 2030 (EUR)": null, "BD 2030 (%)": null, "BD C1 (EUR)": null, "BD C1 (%)": null, "BD C2 (EUR)": null, "BD C2 (%)": null, "BD C3 (EUR)": null, "BD C3 (%)": null, "BD C4 (EUR)": null, "BD C4 (%)": null, "BDF (EUR)": null, "BDF (%)": null, "BDA (EUR)": null, "BDA (%)": null, "BDC (EUR)": null, "BDC (%)": null, "BDMI (EUR)": null, "BDMI (%)": null, "BDMP (EUR)": null, "BDMP (%)": null, "BDS (EUR)": null, "BDS (%)": null, "TAC": null, "PA (EUR)": null, "D (EUR)": null, "TAC  C1": null, "PA C1 (EUR)": null, "D C1 (EUR)": null, "TAC C2": null, "PA C2 (EUR)": null, "D C2 (EUR)": null, "TAC  C3": null, "PA C3 (EUR)": null, "D C3 (EUR)": null, "TAC C4": null, "PA C4 (EUR)": null, "D C4 (EUR)": null, "TAC F": null, "PAF (EUR)": null, "DF (EUR)": null, "TAC A": null, "PAA (EUR)": null, "DA (EUR)": null, "TAC C": null, "PAC (EUR)": null, "DC (EUR)": null, "TAC MI": null, "PAMI (EUR)": null, "DMI (EUR)": null, " TAC MP": null, "PAMP (EUR)": null, "DMP (EUR)": null }, "geometry": null },
{ "type": "Feature", "properties": { "Année": 2024, "Mois": "Juin", "UC": "UCR-D", "TAG": null, "NAP": null, "NAA": null, "NAC": null, "NAD": null, "TAR 1": null, "TAR 2": null, "TAR 1.1": null, "TAR 1.2": null, "TAR 2.1": null, "TAR 2.2": null, "TAA 1.1.1": null, "TAA 1.1.2": null, "TAA 1.1.3": null, "TAA 1.1.4": null, "TAA 1.2.1": null, "TAA 1.2.2": null, "TAA 1.2.3": null, "TAA 1.2.4": null, "TAA 2.1.1": null, "TAA 2.1.2": null, "TAA 2.1.3": null, "TAA 2.1.4": null, "TAA 2.2.1": null, "TAA 2.2.2": null, "TAA 2.2.3": null, "TAA 2.2.4": null, "DC": 715524.94, "BT": 34500000, "TD": 0.020739853333333332, "BD 2024 (EUR)": 715524.94, "BD 2024 (%)": 0.020739853333333332, "BD 2025 (EUR)": 2758290.3, "BD 2025 (%)": 0.079950443478260858, "BD 2026 (EUR)": 96537.81, "BD 2026 (%)": 0.002798197391304348, "BD 2027 (EUR)": null, "BD 2027 (%)": null, "BD 2028 (EUR)": null, "BD 2028 (%)": null, "BD 2029 (EUR)": null, "BD 2029 (%)": null, "BD 2030 (EUR)": null, "BD 2030 (%)": null, "BD C1 (EUR)": null, "BD C1 (%)": null, "BD C2 (EUR)": null, "BD C2 (%)": null, "BD C3 (EUR)": null, "BD C3 (%)": null, "BD C4 (EUR)": null, "BD C4 (%)": null, "BDF (EUR)": null, "BDF (%)": null, "BDA (EUR)": null, "BDA (%)": null, "BDC (EUR)": null, "BDC (%)": null, "BDMI (EUR)": null, "BDMI (%)": null, "BDMP (EUR)": null, "BDMP (%)": null, "BDS (EUR)": null, "BDS (%)": null, "TAC": null, "PA (EUR)": null, "D (EUR)": null, "TAC  C1": null, "PA C1 (EUR)": null, "D C1 (EUR)": null, "TAC C2": null, "PA C2 (EUR)": null, "D C2 (EUR)": null, "TAC  C3": null, "PA C3 (EUR)": null, "D C3 (EUR)": null, "TAC C4": null, "PA C4 (EUR)": null, "D C4 (EUR)": null, "TAC F": null, "PAF (EUR)": null, "DF (EUR)": null, "TAC A": null, "PAA (EUR)": null, "DA (EUR)": null, "TAC C": null, "PAC (EUR)": null, "DC (EUR)": null, "TAC MI": null, "PAMI (EUR)": null, "DMI (EUR)": null, " TAC MP": null, "PAMP (EUR)": null, "DMP (EUR)": null }, "geometry": null },
{ "type": "Feature", "properties": { "Année": 2024, "Mois": "Juillet", "UC": "UCR-D", "TAG": null, "NAP": null, "NAA": null, "NAC": null, "NAD": null, "TAR 1": null, "TAR 2": null, "TAR 1.1": null, "TAR 1.2": null, "TAR 2.1": null, "TAR 2.2": null, "TAA 1.1.1": null, "TAA 1.1.2": null, "TAA 1.1.3": null, "TAA 1.1.4": null, "TAA 1.2.1": null, "TAA 1.2.2": null, "TAA 1.2.3": null, "TAA 1.2.4": null, "TAA 2.1.1": null, "TAA 2.1.2": null, "TAA 2.1.3": null, "TAA 2.1.4": null, "TAA 2.2.1": null, "TAA 2.2.2": null, "TAA 2.2.3": null, "TAA 2.2.4": null, "DC": 715524.94, "BT": 34500000, "TD": 0.020739853333333332, "BD 2024 (EUR)": 715524.94, "BD 2024 (%)": 0.020739853333333332, "BD 2025 (EUR)": 2758290.3, "BD 2025 (%)": 0.079950443478260858, "BD 2026 (EUR)": 96537.81, "BD 2026 (%)": 0.002798197391304348, "BD 2027 (EUR)": null, "BD 2027 (%)": null, "BD 2028 (EUR)": null, "BD 2028 (%)": null, "BD 2029 (EUR)": null, "BD 2029 (%)": null, "BD 2030 (EUR)": null, "BD 2030 (%)": null, "BD C1 (EUR)": null, "BD C1 (%)": null, "BD C2 (EUR)": null, "BD C2 (%)": null, "BD C3 (EUR)": null, "BD C3 (%)": null, "BD C4 (EUR)": null, "BD C4 (%)": null, "BDF (EUR)": null, "BDF (%)": null, "BDA (EUR)": null, "BDA (%)": null, "BDC (EUR)": null, "BDC (%)": null, "BDMI (EUR)": null, "BDMI (%)": null, "BDMP (EUR)": null, "BDMP (%)": null, "BDS (EUR)": null, "BDS (%)": null, "TAC": null, "PA (EUR)": null, "D (EUR)": null, "TAC  C1": null, "PA C1 (EUR)": null, "D C1 (EUR)": null, "TAC C2": null, "PA C2 (EUR)": null, "D C2 (EUR)": null, "TAC  C3": null, "PA C3 (EUR)": null, "D C3 (EUR)": null, "TAC C4": null, "PA C4 (EUR)": null, "D C4 (EUR)": null, "TAC F": null, "PAF (EUR)": null, "DF (EUR)": null, "TAC A": null, "PAA (EUR)": null, "DA (EUR)": null, "TAC C": null, "PAC (EUR)": null, "DC (EUR)": null, "TAC MI": null, "PAMI (EUR)": null, "DMI (EUR)": null, " TAC MP": null, "PAMP (EUR)": null, "DMP (EUR)": null }, "geometry": null },
{ "type": "Feature", "properties": { "Année": 2024, "Mois": "Août", "UC": "UCR-D", "TAG": null, "NAP": null, "NAA": null, "NAC": null, "NAD": null, "TAR 1": null, "TAR 2": null, "TAR 1.1": null, "TAR 1.2": null, "TAR 2.1": null, "TAR 2.2": null, "TAA 1.1.1": null, "TAA 1.1.2": null, "TAA 1.1.3": null, "TAA 1.1.4": null, "TAA 1.2.1": null, "TAA 1.2.2": null, "TAA 1.2.3": null, "TAA 1.2.4": null, "TAA 2.1.1": null, "TAA 2.1.2": null, "TAA 2.1.3": null, "TAA 2.1.4": null, "TAA 2.2.1": null, "TAA 2.2.2": null, "TAA 2.2.3": null, "TAA 2.2.4": null, "DC": 715524.94, "BT": 34500000, "TD": 0.020739853333333332, "BD 2024 (EUR)": 715524.94, "BD 2024 (%)": 0.020739853333333332, "BD 2025 (EUR)": 2758290.3, "BD 2025 (%)": 0.079950443478260858, "BD 2026 (EUR)": 96537.81, "BD 2026 (%)": 0.002798197391304348, "BD 2027 (EUR)": null, "BD 2027 (%)": null, "BD 2028 (EUR)": null, "BD 2028 (%)": null, "BD 2029 (EUR)": null, "BD 2029 (%)": null, "BD 2030 (EUR)": null, "BD 2030 (%)": null, "BD C1 (EUR)": null, "BD C1 (%)": null, "BD C2 (EUR)": null, "BD C2 (%)": null, "BD C3 (EUR)": null, "BD C3 (%)": null, "BD C4 (EUR)": null, "BD C4 (%)": null, "BDF (EUR)": null, "BDF (%)": null, "BDA (EUR)": null, "BDA (%)": null, "BDC (EUR)": null, "BDC (%)": null, "BDMI (EUR)": null, "BDMI (%)": null, "BDMP (EUR)": null, "BDMP (%)": null, "BDS (EUR)": null, "BDS (%)": null, "TAC": null, "PA (EUR)": null, "D (EUR)": null, "TAC  C1": null, "PA C1 (EUR)": null, "D C1 (EUR)": null, "TAC C2": null, "PA C2 (EUR)": null, "D C2 (EUR)": null, "TAC  C3": null, "PA C3 (EUR)": null, "D C3 (EUR)": null, "TAC C4": null, "PA C4 (EUR)": null, "D C4 (EUR)": null, "TAC F": null, "PAF (EUR)": null, "DF (EUR)": null, "TAC A": null, "PAA (EUR)": null, "DA (EUR)": null, "TAC C": null, "PAC (EUR)": null, "DC (EUR)": null, "TAC MI": null, "PAMI (EUR)": null, "DMI (EUR)": null, " TAC MP": null, "PAMP (EUR)": null, "DMP (EUR)": null }, "geometry": null },
{ "type": "Feature", "properties": { "Année": 2024, "Mois": "Septembre", "UC": "UCR-D", "TAG": null, "NAP": null, "NAA": null, "NAC": null, "NAD": null, "TAR 1": null, "TAR 2": null, "TAR 1.1": null, "TAR 1.2": null, "TAR 2.1": null, "TAR 2.2": null, "TAA 1.1.1": null, "TAA 1.1.2": null, "TAA 1.1.3": null, "TAA 1.1.4": null, "TAA 1.2.1": null, "TAA 1.2.2": null, "TAA 1.2.3": null, "TAA 1.2.4": null, "TAA 2.1.1": null, "TAA 2.1.2": null, "TAA 2.1.3": null, "TAA 2.1.4": null, "TAA 2.2.1": null, "TAA 2.2.2": null, "TAA 2.2.3": null, "TAA 2.2.4": null, "DC": 715524.94, "BT": 34500000, "TD": 0.020739853333333332, "BD 2024 (EUR)": 715524.94, "BD 2024 (%)": 0.020739853333333332, "BD 2025 (EUR)": 2758290.3, "BD 2025 (%)": 0.079950443478260858, "BD 2026 (EUR)": 96537.81, "BD 2026 (%)": 0.002798197391304348, "BD 2027 (EUR)": null, "BD 2027 (%)": null, "BD 2028 (EUR)": null, "BD 2028 (%)": null, "BD 2029 (EUR)": null, "BD 2029 (%)": null, "BD 2030 (EUR)": null, "BD 2030 (%)": null, "BD C1 (EUR)": null, "BD C1 (%)": null, "BD C2 (EUR)": null, "BD C2 (%)": null, "BD C3 (EUR)": null, "BD C3 (%)": null, "BD C4 (EUR)": null, "BD C4 (%)": null, "BDF (EUR)": null, "BDF (%)": null, "BDA (EUR)": null, "BDA (%)": null, "BDC (EUR)": null, "BDC (%)": null, "BDMI (EUR)": null, "BDMI (%)": null, "BDMP (EUR)": null, "BDMP (%)": null, "BDS (EUR)": null, "BDS (%)": null, "TAC": null, "PA (EUR)": null, "D (EUR)": null, "TAC  C1": null, "PA C1 (EUR)": null, "D C1 (EUR)": null, "TAC C2": null, "PA C2 (EUR)": null, "D C2 (EUR)": null, "TAC  C3": null, "PA C3 (EUR)": null, "D C3 (EUR)": null, "TAC C4": null, "PA C4 (EUR)": null, "D C4 (EUR)": null, "TAC F": null, "PAF (EUR)": null, "DF (EUR)": null, "TAC A": null, "PAA (EUR)": null, "DA (EUR)": null, "TAC C": null, "PAC (EUR)": null, "DC (EUR)": null, "TAC MI": null, "PAMI (EUR)": null, "DMI (EUR)": null, " TAC MP": null, "PAMP (EUR)": null, "DMP (EUR)": null }, "geometry": null },
{ "type": "Feature", "properties": { "Année": 2024, "Mois": "Octobre", "UC": "UCR-D", "TAG": null, "NAP": null, "NAA": null, "NAC": null, "NAD": null, "TAR 1": null, "TAR 2": null, "TAR 1.1": null, "TAR 1.2": null, "TAR 2.1": null, "TAR 2.2": null, "TAA 1.1.1": null, "TAA 1.1.2": null, "TAA 1.1.3": null, "TAA 1.1.4": null, "TAA 1.2.1": null, "TAA 1.2.2": null, "TAA 1.2.3": null, "TAA 1.2.4": null, "TAA 2.1.1": null, "TAA 2.1.2": null, "TAA 2.1.3": null, "TAA 2.1.4": null, "TAA 2.2.1": null, "TAA 2.2.2": null, "TAA 2.2.3": null, "TAA 2.2.4": null, "DC": 715524.94, "BT": 34500000, "TD": 0.020739853333333332, "BD 2024 (EUR)": 715524.94, "BD 2024 (%)": 0.020739853333333332, "BD 2025 (EUR)": 2758290.3, "BD 2025 (%)": 0.079950443478260858, "BD 2026 (EUR)": 96537.81, "BD 2026 (%)": 0.002798197391304348, "BD 2027 (EUR)": null, "BD 2027 (%)": null, "BD 2028 (EUR)": null, "BD 2028 (%)": null, "BD 2029 (EUR)": null, "BD 2029 (%)": null, "BD 2030 (EUR)": null, "BD 2030 (%)": null, "BD C1 (EUR)": null, "BD C1 (%)": null, "BD C2 (EUR)": null, "BD C2 (%)": null, "BD C3 (EUR)": null, "BD C3 (%)": null, "BD C4 (EUR)": null, "BD C4 (%)": null, "BDF (EUR)": null, "BDF (%)": null, "BDA (EUR)": null, "BDA (%)": null, "BDC (EUR)": null, "BDC (%)": null, "BDMI (EUR)": null, "BDMI (%)": null, "BDMP (EUR)": null, "BDMP (%)": null, "BDS (EUR)": null, "BDS (%)": null, "TAC": null, "PA (EUR)": null, "D (EUR)": null, "TAC  C1": null, "PA C1 (EUR)": null, "D C1 (EUR)": null, "TAC C2": null, "PA C2 (EUR)": null, "D C2 (EUR)": null, "TAC  C3": null, "PA C3 (EUR)": null, "D C3 (EUR)": null, "TAC C4": null, "PA C4 (EUR)": null, "D C4 (EUR)": null, "TAC F": null, "PAF (EUR)": null, "DF (EUR)": null, "TAC A": null, "PAA (EUR)": null, "DA (EUR)": null, "TAC C": null, "PAC (EUR)": null, "DC (EUR)": null, "TAC MI": null, "PAMI (EUR)": null, "DMI (EUR)": null, " TAC MP": null, "PAMP (EUR)": null, "DMP (EUR)": null }, "geometry": null },
{ "type": "Feature", "properties": { "Année": 2024, "Mois": "Novembre", "UC": "UCR-D", "TAG": null, "NAP": null, "NAA": null, "NAC": null, "NAD": null, "TAR 1": null, "TAR 2": null, "TAR 1.1": null, "TAR 1.2": null, "TAR 2.1": null, "TAR 2.2": null, "TAA 1.1.1": null, "TAA 1.1.2": null, "TAA 1.1.3": null, "TAA 1.1.4": null, "TAA 1.2.1": null, "TAA 1.2.2": null, "TAA 1.2.3": null, "TAA 1.2.4": null, "TAA 2.1.1": null, "TAA 2.1.2": null, "TAA 2.1.3": null, "TAA 2.1.4": null, "TAA 2.2.1": null, "TAA 2.2.2": null, "TAA 2.2.3": null, "TAA 2.2.4": null, "DC": 715524.94, "BT": 34500000, "TD": 0.020739853333333332, "BD 2024 (EUR)": 715524.94, "BD 2024 (%)": 0.020739853333333332, "BD 2025 (EUR)": 2758290.3, "BD 2025 (%)": 0.079950443478260858, "BD 2026 (EUR)": 96537.81, "BD 2026 (%)": 0.002798197391304348, "BD 2027 (EUR)": null, "BD 2027 (%)": null, "BD 2028 (EUR)": null, "BD 2028 (%)": null, "BD 2029 (EUR)": null, "BD 2029 (%)": null, "BD 2030 (EUR)": null, "BD 2030 (%)": null, "BD C1 (EUR)": null, "BD C1 (%)": null, "BD C2 (EUR)": null, "BD C2 (%)": null, "BD C3 (EUR)": null, "BD C3 (%)": null, "BD C4 (EUR)": null, "BD C4 (%)": null, "BDF (EUR)": null, "BDF (%)": null, "BDA (EUR)": null, "BDA (%)": null, "BDC (EUR)": null, "BDC (%)": null, "BDMI (EUR)": null, "BDMI (%)": null, "BDMP (EUR)": null, "BDMP (%)": null, "BDS (EUR)": null, "BDS (%)": null, "TAC": null, "PA (EUR)": null, "D (EUR)": null, "TAC  C1": null, "PA C1 (EUR)": null, "D C1 (EUR)": null, "TAC C2": null, "PA C2 (EUR)": null, "D C2 (EUR)": null, "TAC  C3": null, "PA C3 (EUR)": null, "D C3 (EUR)": null, "TAC C4": null, "PA C4 (EUR)": null, "D C4 (EUR)": null, "TAC F": null, "PAF (EUR)": null, "DF (EUR)": null, "TAC A": null, "PAA (EUR)": null, "DA (EUR)": null, "TAC C": null, "PAC (EUR)": null, "DC (EUR)": null, "TAC MI": null, "PAMI (EUR)": null, "DMI (EUR)": null, " TAC MP": null, "PAMP (EUR)": null, "DMP (EUR)": null }, "geometry": null },
{ "type": "Feature", "properties": { "Année": 2024, "Mois": "Décembre", "UC": "UCR-D", "TAG": null, "NAP": null, "NAA": null, "NAC": null, "NAD": null, "TAR 1": null, "TAR 2": null, "TAR 1.1": null, "TAR 1.2": null, "TAR 2.1": null, "TAR 2.2": null, "TAA 1.1.1": null, "TAA 1.1.2": null, "TAA 1.1.3": null, "TAA 1.1.4": null, "TAA 1.2.1": null, "TAA 1.2.2": null, "TAA 1.2.3": null, "TAA 1.2.4": null, "TAA 2.1.1": null, "TAA 2.1.2": null, "TAA 2.1.3": null, "TAA 2.1.4": null, "TAA 2.2.1": null, "TAA 2.2.2": null, "TAA 2.2.3": null, "TAA 2.2.4": null, "DC": 715524.94, "BT": 34500000, "TD": 0.020739853333333332, "BD 2024 (EUR)": 715524.94, "BD 2024 (%)": 0.020739853333333332, "BD 2025 (EUR)": 2758290.3, "BD 2025 (%)": 0.079950443478260858, "BD 2026 (EUR)": 96537.81, "BD 2026 (%)": 0.002798197391304348, "BD 2027 (EUR)": null, "BD 2027 (%)": null, "BD 2028 (EUR)": null, "BD 2028 (%)": null, "BD 2029 (EUR)": null, "BD 2029 (%)": null, "BD 2030 (EUR)": null, "BD 2030 (%)": null, "BD C1 (EUR)": null, "BD C1 (%)": null, "BD C2 (EUR)": null, "BD C2 (%)": null, "BD C3 (EUR)": null, "BD C3 (%)": null, "BD C4 (EUR)": null, "BD C4 (%)": null, "BDF (EUR)": null, "BDF (%)": null, "BDA (EUR)": null, "BDA (%)": null, "BDC (EUR)": null, "BDC (%)": null, "BDMI (EUR)": null, "BDMI (%)": null, "BDMP (EUR)": null, "BDMP (%)": null, "BDS (EUR)": null, "BDS (%)": null, "TAC": null, "PA (EUR)": null, "D (EUR)": null, "TAC  C1": null, "PA C1 (EUR)": null, "D C1 (EUR)": null, "TAC C2": null, "PA C2 (EUR)": null, "D C2 (EUR)": null, "TAC  C3": null, "PA C3 (EUR)": null, "D C3 (EUR)": null, "TAC C4": null, "PA C4 (EUR)": null, "D C4 (EUR)": null, "TAC F": null, "PAF (EUR)": null, "DF (EUR)": null, "TAC A": null, "PAA (EUR)": null, "DA (EUR)": null, "TAC C": null, "PAC (EUR)": null, "DC (EUR)": null, "TAC MI": null, "PAMI (EUR)": null, "DMI (EUR)": null, " TAC MP": null, "PAMP (EUR)": null, "DMP (EUR)": null }, "geometry": null },
{ "type": "Feature", "properties": { "Année": 2025, "Mois": "Janvier", "UC": "Tous", "TAG": null, "NAP": null, "NAA": null, "NAC": null, "NAD": null, "TAR 1": null, "TAR 2": null, "TAR 1.1": null, "TAR 1.2": null, "TAR 2.1": null, "TAR 2.2": null, "TAA 1.1.1": null, "TAA 1.1.2": null, "TAA 1.1.3": null, "TAA 1.1.4": null, "TAA 1.2.1": null, "TAA 1.2.2": null, "TAA 1.2.3": null, "TAA 1.2.4": null, "TAA 2.1.1": null, "TAA 2.1.2": null, "TAA 2.1.3": null, "TAA 2.1.4": null, "TAA 2.2.1": null, "TAA 2.2.2": null, "TAA 2.2.3": null, "TAA 2.2.4": null, "DC": 3473815.24, "BT": 34500000, "TD": 0.10069029681159419, "BD 2024 (EUR)": 715524.94, "BD 2024 (%)": 0.020739853333333332, "BD 2025 (EUR)": 2758290.3, "BD 2025 (%)": 0.079950443478260858, "BD 2026 (EUR)": 96537.81, "BD 2026 (%)": 0.002798197391304348, "BD 2027 (EUR)": null, "BD 2027 (%)": null, "BD 2028 (EUR)": null, "BD 2028 (%)": null, "BD 2029 (EUR)": null, "BD 2029 (%)": null, "BD 2030 (EUR)": null, "BD 2030 (%)": null, "BD C1 (EUR)": null, "BD C1 (%)": null, "BD C2 (EUR)": null, "BD C2 (%)": null, "BD C3 (EUR)": null, "BD C3 (%)": null, "BD C4 (EUR)": null, "BD C4 (%)": null, "BDF (EUR)": null, "BDF (%)": null, "BDA (EUR)": null, "BDA (%)": null, "BDC (EUR)": null, "BDC (%)": null, "BDMI (EUR)": null, "BDMI (%)": null, "BDMP (EUR)": null, "BDMP (%)": null, "BDS (EUR)": null, "BDS (%)": null, "TAC": null, "PA (EUR)": null, "D (EUR)": null, "TAC  C1": null, "PA C1 (EUR)": null, "D C1 (EUR)": null, "TAC C2": null, "PA C2 (EUR)": null, "D C2 (EUR)": null, "TAC  C3": null, "PA C3 (EUR)": null, "D C3 (EUR)": null, "TAC C4": null, "PA C4 (EUR)": null, "D C4 (EUR)": null, "TAC F": null, "PAF (EUR)": null, "DF (EUR)": null, "TAC A": null, "PAA (EUR)": null, "DA (EUR)": null, "TAC C": null, "PAC (EUR)": null, "DC (EUR)": null, "TAC MI": null, "PAMI (EUR)": null, "DMI (EUR)": null, " TAC MP": null, "PAMP (EUR)": null, "DMP (EUR)": null }, "geometry": null },
{ "type": "Feature", "properties": { "Année": 2025, "Mois": "Février", "UC": "Tous", "TAG": null, "NAP": null, "NAA": null, "NAC": null, "NAD": null, "TAR 1": null, "TAR 2": null, "TAR 1.1": null, "TAR 1.2": null, "TAR 2.1": null, "TAR 2.2": null, "TAA 1.1.1": null, "TAA 1.1.2": null, "TAA 1.1.3": null, "TAA 1.1.4": null, "TAA 1.2.1": null, "TAA 1.2.2": null, "TAA 1.2.3": null, "TAA 1.2.4": null, "TAA 2.1.1": null, "TAA 2.1.2": null, "TAA 2.1.3": null, "TAA 2.1.4": null, "TAA 2.2.1": null, "TAA 2.2.2": null, "TAA 2.2.3": null, "TAA 2.2.4": null, "DC": 3473815.24, "BT": 34500000, "TD": 0.10069029681159419, "BD 2024 (EUR)": 715524.94, "BD 2024 (%)": 0.020739853333333332, "BD 2025 (EUR)": 2758290.3, "BD 2025 (%)": 0.079950443478260858, "BD 2026 (EUR)": 96537.81, "BD 2026 (%)": 0.002798197391304348, "BD 2027 (EUR)": null, "BD 2027 (%)": null, "BD 2028 (EUR)": null, "BD 2028 (%)": null, "BD 2029 (EUR)": null, "BD 2029 (%)": null, "BD 2030 (EUR)": null, "BD 2030 (%)": null, "BD C1 (EUR)": null, "BD C1 (%)": null, "BD C2 (EUR)": null, "BD C2 (%)": null, "BD C3 (EUR)": null, "BD C3 (%)": null, "BD C4 (EUR)": null, "BD C4 (%)": null, "BDF (EUR)": null, "BDF (%)": null, "BDA (EUR)": null, "BDA (%)": null, "BDC (EUR)": null, "BDC (%)": null, "BDMI (EUR)": null, "BDMI (%)": null, "BDMP (EUR)": null, "BDMP (%)": null, "BDS (EUR)": null, "BDS (%)": null, "TAC": null, "PA (EUR)": null, "D (EUR)": null, "TAC  C1": null, "PA C1 (EUR)": null, "D C1 (EUR)": null, "TAC C2": null, "PA C2 (EUR)": null, "D C2 (EUR)": null, "TAC  C3": null, "PA C3 (EUR)": null, "D C3 (EUR)": null, "TAC C4": null, "PA C4 (EUR)": null, "D C4 (EUR)": null, "TAC F": null, "PAF (EUR)": null, "DF (EUR)": null, "TAC A": null, "PAA (EUR)": null, "DA (EUR)": null, "TAC C": null, "PAC (EUR)": null, "DC (EUR)": null, "TAC MI": null, "PAMI (EUR)": null, "DMI (EUR)": null, " TAC MP": null, "PAMP (EUR)": null, "DMP (EUR)": null }, "geometry": null },
{ "type": "Feature", "properties": { "Année": 2025, "Mois": "Mars", "UC": "Tous", "TAG": null, "NAP": null, "NAA": null, "NAC": null, "NAD": null, "TAR 1": null, "TAR 2": null, "TAR 1.1": null, "TAR 1.2": null, "TAR 2.1": null, "TAR 2.2": null, "TAA 1.1.1": null, "TAA 1.1.2": null, "TAA 1.1.3": null, "TAA 1.1.4": null, "TAA 1.2.1": null, "TAA 1.2.2": null, "TAA 1.2.3": null, "TAA 1.2.4": null, "TAA 2.1.1": null, "TAA 2.1.2": null, "TAA 2.1.3": null, "TAA 2.1.4": null, "TAA 2.2.1": null, "TAA 2.2.2": null, "TAA 2.2.3": null, "TAA 2.2.4": null, "DC": 3473815.24, "BT": 34500000, "TD": 0.10069029681159419, "BD 2024 (EUR)": 715524.94, "BD 2024 (%)": 0.020739853333333332, "BD 2025 (EUR)": 2758290.3, "BD 2025 (%)": 0.079950443478260858, "BD 2026 (EUR)": 96537.81, "BD 2026 (%)": 0.002798197391304348, "BD 2027 (EUR)": null, "BD 2027 (%)": null, "BD 2028 (EUR)": null, "BD 2028 (%)": null, "BD 2029 (EUR)": null, "BD 2029 (%)": null, "BD 2030 (EUR)": null, "BD 2030 (%)": null, "BD C1 (EUR)": null, "BD C1 (%)": null, "BD C2 (EUR)": null, "BD C2 (%)": null, "BD C3 (EUR)": null, "BD C3 (%)": null, "BD C4 (EUR)": null, "BD C4 (%)": null, "BDF (EUR)": null, "BDF (%)": null, "BDA (EUR)": null, "BDA (%)": null, "BDC (EUR)": null, "BDC (%)": null, "BDMI (EUR)": null, "BDMI (%)": null, "BDMP (EUR)": null, "BDMP (%)": null, "BDS (EUR)": null, "BDS (%)": null, "TAC": null, "PA (EUR)": null, "D (EUR)": null, "TAC  C1": null, "PA C1 (EUR)": null, "D C1 (EUR)": null, "TAC C2": null, "PA C2 (EUR)": null, "D C2 (EUR)": null, "TAC  C3": null, "PA C3 (EUR)": null, "D C3 (EUR)": null, "TAC C4": null, "PA C4 (EUR)": null, "D C4 (EUR)": null, "TAC F": null, "PAF (EUR)": null, "DF (EUR)": null, "TAC A": null, "PAA (EUR)": null, "DA (EUR)": null, "TAC C": null, "PAC (EUR)": null, "DC (EUR)": null, "TAC MI": null, "PAMI (EUR)": null, "DMI (EUR)": null, " TAC MP": null, "PAMP (EUR)": null, "DMP (EUR)": null }, "geometry": null },
{ "type": "Feature", "properties": { "Année": 2025, "Mois": "Avril", "UC": "Tous", "TAG": null, "NAP": null, "NAA": null, "NAC": null, "NAD": null, "TAR 1": null, "TAR 2": null, "TAR 1.1": null, "TAR 1.2": null, "TAR 2.1": null, "TAR 2.2": null, "TAA 1.1.1": null, "TAA 1.1.2": null, "TAA 1.1.3": null, "TAA 1.1.4": null, "TAA 1.2.1": null, "TAA 1.2.2": null, "TAA 1.2.3": null, "TAA 1.2.4": null, "TAA 2.1.1": null, "TAA 2.1.2": null, "TAA 2.1.3": null, "TAA 2.1.4": null, "TAA 2.2.1": null, "TAA 2.2.2": null, "TAA 2.2.3": null, "TAA 2.2.4": null, "DC": 3473815.24, "BT": 34500000, "TD": 0.10069029681159419, "BD 2024 (EUR)": 715524.94, "BD 2024 (%)": 0.020739853333333332, "BD 2025 (EUR)": 2758290.3, "BD 2025 (%)": 0.079950443478260858, "BD 2026 (EUR)": 96537.81, "BD 2026 (%)": 0.002798197391304348, "BD 2027 (EUR)": null, "BD 2027 (%)": null, "BD 2028 (EUR)": null, "BD 2028 (%)": null, "BD 2029 (EUR)": null, "BD 2029 (%)": null, "BD 2030 (EUR)": null, "BD 2030 (%)": null, "BD C1 (EUR)": null, "BD C1 (%)": null, "BD C2 (EUR)": null, "BD C2 (%)": null, "BD C3 (EUR)": null, "BD C3 (%)": null, "BD C4 (EUR)": null, "BD C4 (%)": null, "BDF (EUR)": null, "BDF (%)": null, "BDA (EUR)": null, "BDA (%)": null, "BDC (EUR)": null, "BDC (%)": null, "BDMI (EUR)": null, "BDMI (%)": null, "BDMP (EUR)": null, "BDMP (%)": null, "BDS (EUR)": null, "BDS (%)": null, "TAC": null, "PA (EUR)": null, "D (EUR)": null, "TAC  C1": null, "PA C1 (EUR)": null, "D C1 (EUR)": null, "TAC C2": null, "PA C2 (EUR)": null, "D C2 (EUR)": null, "TAC  C3": null, "PA C3 (EUR)": null, "D C3 (EUR)": null, "TAC C4": null, "PA C4 (EUR)": null, "D C4 (EUR)": null, "TAC F": null, "PAF (EUR)": null, "DF (EUR)": null, "TAC A": null, "PAA (EUR)": null, "DA (EUR)": null, "TAC C": null, "PAC (EUR)": null, "DC (EUR)": null, "TAC MI": null, "PAMI (EUR)": null, "DMI (EUR)": null, " TAC MP": null, "PAMP (EUR)": null, "DMP (EUR)": null }, "geometry": null },
{ "type": "Feature", "properties": { "Année": 2025, "Mois": "Mai", "UC": "Tous", "TAG": null, "NAP": null, "NAA": null, "NAC": null, "NAD": null, "TAR 1": null, "TAR 2": null, "TAR 1.1": null, "TAR 1.2": null, "TAR 2.1": null, "TAR 2.2": null, "TAA 1.1.1": null, "TAA 1.1.2": null, "TAA 1.1.3": null, "TAA 1.1.4": null, "TAA 1.2.1": null, "TAA 1.2.2": null, "TAA 1.2.3": null, "TAA 1.2.4": null, "TAA 2.1.1": null, "TAA 2.1.2": null, "TAA 2.1.3": null, "TAA 2.1.4": null, "TAA 2.2.1": null, "TAA 2.2.2": null, "TAA 2.2.3": null, "TAA 2.2.4": null, "DC": 3473815.24, "BT": 34500000, "TD": 0.10069029681159419, "BD 2024 (EUR)": 715524.94, "BD 2024 (%)": 0.020739853333333332, "BD 2025 (EUR)": 2758290.3, "BD 2025 (%)": 0.079950443478260858, "BD 2026 (EUR)": 96537.81, "BD 2026 (%)": 0.002798197391304348, "BD 2027 (EUR)": null, "BD 2027 (%)": null, "BD 2028 (EUR)": null, "BD 2028 (%)": null, "BD 2029 (EUR)": null, "BD 2029 (%)": null, "BD 2030 (EUR)": null, "BD 2030 (%)": null, "BD C1 (EUR)": null, "BD C1 (%)": null, "BD C2 (EUR)": null, "BD C2 (%)": null, "BD C3 (EUR)": null, "BD C3 (%)": null, "BD C4 (EUR)": null, "BD C4 (%)": null, "BDF (EUR)": null, "BDF (%)": null, "BDA (EUR)": null, "BDA (%)": null, "BDC (EUR)": null, "BDC (%)": null, "BDMI (EUR)": null, "BDMI (%)": null, "BDMP (EUR)": null, "BDMP (%)": null, "BDS (EUR)": null, "BDS (%)": null, "TAC": null, "PA (EUR)": null, "D (EUR)": null, "TAC  C1": null, "PA C1 (EUR)": null, "D C1 (EUR)": null, "TAC C2": null, "PA C2 (EUR)": null, "D C2 (EUR)": null, "TAC  C3": null, "PA C3 (EUR)": null, "D C3 (EUR)": null, "TAC C4": null, "PA C4 (EUR)": null, "D C4 (EUR)": null, "TAC F": null, "PAF (EUR)": null, "DF (EUR)": null, "TAC A": null, "PAA (EUR)": null, "DA (EUR)": null, "TAC C": null, "PAC (EUR)": null, "DC (EUR)": null, "TAC MI": null, "PAMI (EUR)": null, "DMI (EUR)": null, " TAC MP": null, "PAMP (EUR)": null, "DMP (EUR)": null }, "geometry": null },
{ "type": "Feature", "properties": { "Année": 2025, "Mois": "Juin", "UC": "Tous", "TAG": null, "NAP": null, "NAA": null, "NAC": null, "NAD": null, "TAR 1": null, "TAR 2": null, "TAR 1.1": null, "TAR 1.2": null, "TAR 2.1": null, "TAR 2.2": null, "TAA 1.1.1": null, "TAA 1.1.2": null, "TAA 1.1.3": null, "TAA 1.1.4": null, "TAA 1.2.1": null, "TAA 1.2.2": null, "TAA 1.2.3": null, "TAA 1.2.4": null, "TAA 2.1.1": null, "TAA 2.1.2": null, "TAA 2.1.3": null, "TAA 2.1.4": null, "TAA 2.2.1": null, "TAA 2.2.2": null, "TAA 2.2.3": null, "TAA 2.2.4": null, "DC": 3473815.24, "BT": 34500000, "TD": 0.10069029681159419, "BD 2024 (EUR)": 715524.94, "BD 2024 (%)": 0.020739853333333332, "BD 2025 (EUR)": 2758290.3, "BD 2025 (%)": 0.079950443478260858, "BD 2026 (EUR)": 96537.81, "BD 2026 (%)": 0.002798197391304348, "BD 2027 (EUR)": null, "BD 2027 (%)": null, "BD 2028 (EUR)": null, "BD 2028 (%)": null, "BD 2029 (EUR)": null, "BD 2029 (%)": null, "BD 2030 (EUR)": null, "BD 2030 (%)": null, "BD C1 (EUR)": null, "BD C1 (%)": null, "BD C2 (EUR)": null, "BD C2 (%)": null, "BD C3 (EUR)": null, "BD C3 (%)": null, "BD C4 (EUR)": null, "BD C4 (%)": null, "BDF (EUR)": null, "BDF (%)": null, "BDA (EUR)": null, "BDA (%)": null, "BDC (EUR)": null, "BDC (%)": null, "BDMI (EUR)": null, "BDMI (%)": null, "BDMP (EUR)": null, "BDMP (%)": null, "BDS (EUR)": null, "BDS (%)": null, "TAC": null, "PA (EUR)": null, "D (EUR)": null, "TAC  C1": null, "PA C1 (EUR)": null, "D C1 (EUR)": null, "TAC C2": null, "PA C2 (EUR)": null, "D C2 (EUR)": null, "TAC  C3": null, "PA C3 (EUR)": null, "D C3 (EUR)": null, "TAC C4": null, "PA C4 (EUR)": null, "D C4 (EUR)": null, "TAC F": null, "PAF (EUR)": null, "DF (EUR)": null, "TAC A": null, "PAA (EUR)": null, "DA (EUR)": null, "TAC C": null, "PAC (EUR)": null, "DC (EUR)": null, "TAC MI": null, "PAMI (EUR)": null, "DMI (EUR)": null, " TAC MP": null, "PAMP (EUR)": null, "DMP (EUR)": null }, "geometry": null },
{ "type": "Feature", "properties": { "Année": 2025, "Mois": "Juillet", "UC": "Tous", "TAG": null, "NAP": null, "NAA": null, "NAC": null, "NAD": null, "TAR 1": null, "TAR 2": null, "TAR 1.1": null, "TAR 1.2": null, "TAR 2.1": null, "TAR 2.2": null, "TAA 1.1.1": null, "TAA 1.1.2": null, "TAA 1.1.3": null, "TAA 1.1.4": null, "TAA 1.2.1": null, "TAA 1.2.2": null, "TAA 1.2.3": null, "TAA 1.2.4": null, "TAA 2.1.1": null, "TAA 2.1.2": null, "TAA 2.1.3": null, "TAA 2.1.4": null, "TAA 2.2.1": null, "TAA 2.2.2": null, "TAA 2.2.3": null, "TAA 2.2.4": null, "DC": 3473815.24, "BT": 34500000, "TD": 0.10069029681159419, "BD 2024 (EUR)": 715524.94, "BD 2024 (%)": 0.020739853333333332, "BD 2025 (EUR)": 2758290.3, "BD 2025 (%)": 0.079950443478260858, "BD 2026 (EUR)": 96537.81, "BD 2026 (%)": 0.002798197391304348, "BD 2027 (EUR)": null, "BD 2027 (%)": null, "BD 2028 (EUR)": null, "BD 2028 (%)": null, "BD 2029 (EUR)": null, "BD 2029 (%)": null, "BD 2030 (EUR)": null, "BD 2030 (%)": null, "BD C1 (EUR)": null, "BD C1 (%)": null, "BD C2 (EUR)": null, "BD C2 (%)": null, "BD C3 (EUR)": null, "BD C3 (%)": null, "BD C4 (EUR)": null, "BD C4 (%)": null, "BDF (EUR)": null, "BDF (%)": null, "BDA (EUR)": null, "BDA (%)": null, "BDC (EUR)": null, "BDC (%)": null, "BDMI (EUR)": null, "BDMI (%)": null, "BDMP (EUR)": null, "BDMP (%)": null, "BDS (EUR)": null, "BDS (%)": null, "TAC": null, "PA (EUR)": null, "D (EUR)": null, "TAC  C1": null, "PA C1 (EUR)": null, "D C1 (EUR)": null, "TAC C2": null, "PA C2 (EUR)": null, "D C2 (EUR)": null, "TAC  C3": null, "PA C3 (EUR)": null, "D C3 (EUR)": null, "TAC C4": null, "PA C4 (EUR)": null, "D C4 (EUR)": null, "TAC F": null, "PAF (EUR)": null, "DF (EUR)": null, "TAC A": null, "PAA (EUR)": null, "DA (EUR)": null, "TAC C": null, "PAC (EUR)": null, "DC (EUR)": null, "TAC MI": null, "PAMI (EUR)": null, "DMI (EUR)": null, " TAC MP": null, "PAMP (EUR)": null, "DMP (EUR)": null }, "geometry": null },
{ "type": "Feature", "properties": { "Année": 2025, "Mois": "Août", "UC": "Tous", "TAG": null, "NAP": null, "NAA": null, "NAC": null, "NAD": null, "TAR 1": null, "TAR 2": null, "TAR 1.1": null, "TAR 1.2": null, "TAR 2.1": null, "TAR 2.2": null, "TAA 1.1.1": null, "TAA 1.1.2": null, "TAA 1.1.3": null, "TAA 1.1.4": null, "TAA 1.2.1": null, "TAA 1.2.2": null, "TAA 1.2.3": null, "TAA 1.2.4": null, "TAA 2.1.1": null, "TAA 2.1.2": null, "TAA 2.1.3": null, "TAA 2.1.4": null, "TAA 2.2.1": null, "TAA 2.2.2": null, "TAA 2.2.3": null, "TAA 2.2.4": null, "DC": 3473815.24, "BT": 34500000, "TD": 0.10069029681159419, "BD 2024 (EUR)": 715524.94, "BD 2024 (%)": 0.020739853333333332, "BD 2025 (EUR)": 2758290.3, "BD 2025 (%)": 0.079950443478260858, "BD 2026 (EUR)": 96537.81, "BD 2026 (%)": 0.002798197391304348, "BD 2027 (EUR)": null, "BD 2027 (%)": null, "BD 2028 (EUR)": null, "BD 2028 (%)": null, "BD 2029 (EUR)": null, "BD 2029 (%)": null, "BD 2030 (EUR)": null, "BD 2030 (%)": null, "BD C1 (EUR)": null, "BD C1 (%)": null, "BD C2 (EUR)": null, "BD C2 (%)": null, "BD C3 (EUR)": null, "BD C3 (%)": null, "BD C4 (EUR)": null, "BD C4 (%)": null, "BDF (EUR)": null, "BDF (%)": null, "BDA (EUR)": null, "BDA (%)": null, "BDC (EUR)": null, "BDC (%)": null, "BDMI (EUR)": null, "BDMI (%)": null, "BDMP (EUR)": null, "BDMP (%)": null, "BDS (EUR)": null, "BDS (%)": null, "TAC": null, "PA (EUR)": null, "D (EUR)": null, "TAC  C1": null, "PA C1 (EUR)": null, "D C1 (EUR)": null, "TAC C2": null, "PA C2 (EUR)": null, "D C2 (EUR)": null, "TAC  C3": null, "PA C3 (EUR)": null, "D C3 (EUR)": null, "TAC C4": null, "PA C4 (EUR)": null, "D C4 (EUR)": null, "TAC F": null, "PAF (EUR)": null, "DF (EUR)": null, "TAC A": null, "PAA (EUR)": null, "DA (EUR)": null, "TAC C": null, "PAC (EUR)": null, "DC (EUR)": null, "TAC MI": null, "PAMI (EUR)": null, "DMI (EUR)": null, " TAC MP": null, "PAMP (EUR)": null, "DMP (EUR)": null }, "geometry": null },
{ "type": "Feature", "properties": { "Année": 2025, "Mois": "Septembre", "UC": "Tous", "TAG": null, "NAP": null, "NAA": null, "NAC": null, "NAD": null, "TAR 1": null, "TAR 2": null, "TAR 1.1": null, "TAR 1.2": null, "TAR 2.1": null, "TAR 2.2": null, "TAA 1.1.1": null, "TAA 1.1.2": null, "TAA 1.1.3": null, "TAA 1.1.4": null, "TAA 1.2.1": null, "TAA 1.2.2": null, "TAA 1.2.3": null, "TAA 1.2.4": null, "TAA 2.1.1": null, "TAA 2.1.2": null, "TAA 2.1.3": null, "TAA 2.1.4": null, "TAA 2.2.1": null, "TAA 2.2.2": null, "TAA 2.2.3": null, "TAA 2.2.4": null, "DC": 3473815.24, "BT": 34500000, "TD": 0.10069029681159419, "BD 2024 (EUR)": 715524.94, "BD 2024 (%)": 0.020739853333333332, "BD 2025 (EUR)": 2758290.3, "BD 2025 (%)": 0.079950443478260858, "BD 2026 (EUR)": 96537.81, "BD 2026 (%)": 0.002798197391304348, "BD 2027 (EUR)": null, "BD 2027 (%)": null, "BD 2028 (EUR)": null, "BD 2028 (%)": null, "BD 2029 (EUR)": null, "BD 2029 (%)": null, "BD 2030 (EUR)": null, "BD 2030 (%)": null, "BD C1 (EUR)": null, "BD C1 (%)": null, "BD C2 (EUR)": null, "BD C2 (%)": null, "BD C3 (EUR)": null, "BD C3 (%)": null, "BD C4 (EUR)": null, "BD C4 (%)": null, "BDF (EUR)": null, "BDF (%)": null, "BDA (EUR)": null, "BDA (%)": null, "BDC (EUR)": null, "BDC (%)": null, "BDMI (EUR)": null, "BDMI (%)": null, "BDMP (EUR)": null, "BDMP (%)": null, "BDS (EUR)": null, "BDS (%)": null, "TAC": null, "PA (EUR)": null, "D (EUR)": null, "TAC  C1": null, "PA C1 (EUR)": null, "D C1 (EUR)": null, "TAC C2": null, "PA C2 (EUR)": null, "D C2 (EUR)": null, "TAC  C3": null, "PA C3 (EUR)": null, "D C3 (EUR)": null, "TAC C4": null, "PA C4 (EUR)": null, "D C4 (EUR)": null, "TAC F": null, "PAF (EUR)": null, "DF (EUR)": null, "TAC A": null, "PAA (EUR)": null, "DA (EUR)": null, "TAC C": null, "PAC (EUR)": null, "DC (EUR)": null, "TAC MI": null, "PAMI (EUR)": null, "DMI (EUR)": null, " TAC MP": null, "PAMP (EUR)": null, "DMP (EUR)": null }, "geometry": null },
{ "type": "Feature", "properties": { "Année": 2025, "Mois": "Octobre", "UC": "Tous", "TAG": null, "NAP": null, "NAA": null, "NAC": null, "NAD": null, "TAR 1": null, "TAR 2": null, "TAR 1.1": null, "TAR 1.2": null, "TAR 2.1": null, "TAR 2.2": null, "TAA 1.1.1": null, "TAA 1.1.2": null, "TAA 1.1.3": null, "TAA 1.1.4": null, "TAA 1.2.1": null, "TAA 1.2.2": null, "TAA 1.2.3": null, "TAA 1.2.4": null, "TAA 2.1.1": null, "TAA 2.1.2": null, "TAA 2.1.3": null, "TAA 2.1.4": null, "TAA 2.2.1": null, "TAA 2.2.2": null, "TAA 2.2.3": null, "TAA 2.2.4": null, "DC": 3473815.24, "BT": 34500000, "TD": 0.10069029681159419, "BD 2024 (EUR)": 715524.94, "BD 2024 (%)": 0.020739853333333332, "BD 2025 (EUR)": 2758290.3, "BD 2025 (%)": 0.079950443478260858, "BD 2026 (EUR)": 96537.81, "BD 2026 (%)": 0.002798197391304348, "BD 2027 (EUR)": null, "BD 2027 (%)": null, "BD 2028 (EUR)": null, "BD 2028 (%)": null, "BD 2029 (EUR)": null, "BD 2029 (%)": null, "BD 2030 (EUR)": null, "BD 2030 (%)": null, "BD C1 (EUR)": null, "BD C1 (%)": null, "BD C2 (EUR)": null, "BD C2 (%)": null, "BD C3 (EUR)": null, "BD C3 (%)": null, "BD C4 (EUR)": null, "BD C4 (%)": null, "BDF (EUR)": null, "BDF (%)": null, "BDA (EUR)": null, "BDA (%)": null, "BDC (EUR)": null, "BDC (%)": null, "BDMI (EUR)": null, "BDMI (%)": null, "BDMP (EUR)": null, "BDMP (%)": null, "BDS (EUR)": null, "BDS (%)": null, "TAC": null, "PA (EUR)": null, "D (EUR)": null, "TAC  C1": null, "PA C1 (EUR)": null, "D C1 (EUR)": null, "TAC C2": null, "PA C2 (EUR)": null, "D C2 (EUR)": null, "TAC  C3": null, "PA C3 (EUR)": null, "D C3 (EUR)": null, "TAC C4": null, "PA C4 (EUR)": null, "D C4 (EUR)": null, "TAC F": null, "PAF (EUR)": null, "DF (EUR)": null, "TAC A": null, "PAA (EUR)": null, "DA (EUR)": null, "TAC C": null, "PAC (EUR)": null, "DC (EUR)": null, "TAC MI": null, "PAMI (EUR)": null, "DMI (EUR)": null, " TAC MP": null, "PAMP (EUR)": null, "DMP (EUR)": null }, "geometry": null },
{ "type": "Feature", "properties": { "Année": 2025, "Mois": "Novembre", "UC": "Tous", "TAG": null, "NAP": null, "NAA": null, "NAC": null, "NAD": null, "TAR 1": null, "TAR 2": null, "TAR 1.1": null, "TAR 1.2": null, "TAR 2.1": null, "TAR 2.2": null, "TAA 1.1.1": null, "TAA 1.1.2": null, "TAA 1.1.3": null, "TAA 1.1.4": null, "TAA 1.2.1": null, "TAA 1.2.2": null, "TAA 1.2.3": null, "TAA 1.2.4": null, "TAA 2.1.1": null, "TAA 2.1.2": null, "TAA 2.1.3": null, "TAA 2.1.4": null, "TAA 2.2.1": null, "TAA 2.2.2": null, "TAA 2.2.3": null, "TAA 2.2.4": null, "DC": 3473815.24, "BT": 34500000, "TD": 0.10069029681159419, "BD 2024 (EUR)": 715524.94, "BD 2024 (%)": 0.020739853333333332, "BD 2025 (EUR)": 2758290.3, "BD 2025 (%)": 0.079950443478260858, "BD 2026 (EUR)": 96537.81, "BD 2026 (%)": 0.002798197391304348, "BD 2027 (EUR)": null, "BD 2027 (%)": null, "BD 2028 (EUR)": null, "BD 2028 (%)": null, "BD 2029 (EUR)": null, "BD 2029 (%)": null, "BD 2030 (EUR)": null, "BD 2030 (%)": null, "BD C1 (EUR)": null, "BD C1 (%)": null, "BD C2 (EUR)": null, "BD C2 (%)": null, "BD C3 (EUR)": null, "BD C3 (%)": null, "BD C4 (EUR)": null, "BD C4 (%)": null, "BDF (EUR)": null, "BDF (%)": null, "BDA (EUR)": null, "BDA (%)": null, "BDC (EUR)": null, "BDC (%)": null, "BDMI (EUR)": null, "BDMI (%)": null, "BDMP (EUR)": null, "BDMP (%)": null, "BDS (EUR)": null, "BDS (%)": null, "TAC": null, "PA (EUR)": null, "D (EUR)": null, "TAC  C1": null, "PA C1 (EUR)": null, "D C1 (EUR)": null, "TAC C2": null, "PA C2 (EUR)": null, "D C2 (EUR)": null, "TAC  C3": null, "PA C3 (EUR)": null, "D C3 (EUR)": null, "TAC C4": null, "PA C4 (EUR)": null, "D C4 (EUR)": null, "TAC F": null, "PAF (EUR)": null, "DF (EUR)": null, "TAC A": null, "PAA (EUR)": null, "DA (EUR)": null, "TAC C": null, "PAC (EUR)": null, "DC (EUR)": null, "TAC MI": null, "PAMI (EUR)": null, "DMI (EUR)": null, " TAC MP": null, "PAMP (EUR)": null, "DMP (EUR)": null }, "geometry": null },
{ "type": "Feature", "properties": { "Année": 2025, "Mois": "Décembre", "UC": "Tous", "TAG": null, "NAP": null, "NAA": null, "NAC": null, "NAD": null, "TAR 1": null, "TAR 2": null, "TAR 1.1": null, "TAR 1.2": null, "TAR 2.1": null, "TAR 2.2": null, "TAA 1.1.1": null, "TAA 1.1.2": null, "TAA 1.1.3": null, "TAA 1.1.4": null, "TAA 1.2.1": null, "TAA 1.2.2": null, "TAA 1.2.3": null, "TAA 1.2.4": null, "TAA 2.1.1": null, "TAA 2.1.2": null, "TAA 2.1.3": null, "TAA 2.1.4": null, "TAA 2.2.1": null, "TAA 2.2.2": null, "TAA 2.2.3": null, "TAA 2.2.4": null, "DC": 3473815.24, "BT": 34500000, "TD": 0.10069029681159419, "BD 2024 (EUR)": 715524.94, "BD 2024 (%)": 0.020739853333333332, "BD 2025 (EUR)": 2758290.3, "BD 2025 (%)": 0.079950443478260858, "BD 2026 (EUR)": 96537.81, "BD 2026 (%)": 0.002798197391304348, "BD 2027 (EUR)": null, "BD 2027 (%)": null, "BD 2028 (EUR)": null, "BD 2028 (%)": null, "BD 2029 (EUR)": null, "BD 2029 (%)": null, "BD 2030 (EUR)": null, "BD 2030 (%)": null, "BD C1 (EUR)": null, "BD C1 (%)": null, "BD C2 (EUR)": null, "BD C2 (%)": null, "BD C3 (EUR)": null, "BD C3 (%)": null, "BD C4 (EUR)": null, "BD C4 (%)": null, "BDF (EUR)": null, "BDF (%)": null, "BDA (EUR)": null, "BDA (%)": null, "BDC (EUR)": null, "BDC (%)": null, "BDMI (EUR)": null, "BDMI (%)": null, "BDMP (EUR)": null, "BDMP (%)": null, "BDS (EUR)": null, "BDS (%)": null, "TAC": null, "PA (EUR)": null, "D (EUR)": null, "TAC  C1": null, "PA C1 (EUR)": null, "D C1 (EUR)": null, "TAC C2": null, "PA C2 (EUR)": null, "D C2 (EUR)": null, "TAC  C3": null, "PA C3 (EUR)": null, "D C3 (EUR)": null, "TAC C4": null, "PA C4 (EUR)": null, "D C4 (EUR)": null, "TAC F": null, "PAF (EUR)": null, "DF (EUR)": null, "TAC A": null, "PAA (EUR)": null, "DA (EUR)": null, "TAC C": null, "PAC (EUR)": null, "DC (EUR)": null, "TAC MI": null, "PAMI (EUR)": null, "DMI (EUR)": null, " TAC MP": null, "PAMP (EUR)": null, "DMP (EUR)": null }, "geometry": null },
{ "type": "Feature", "properties": { "Année": 2025, "Mois": "Janvier", "UC": "UCT", "TAG": null, "NAP": null, "NAA": null, "NAC": null, "NAD": null, "TAR 1": null, "TAR 2": null, "TAR 1.1": null, "TAR 1.2": null, "TAR 2.1": null, "TAR 2.2": null, "TAA 1.1.1": null, "TAA 1.1.2": null, "TAA 1.1.3": null, "TAA 1.1.4": null, "TAA 1.2.1": null, "TAA 1.2.2": null, "TAA 1.2.3": null, "TAA 1.2.4": null, "TAA 2.1.1": null, "TAA 2.1.2": null, "TAA 2.1.3": null, "TAA 2.1.4": null, "TAA 2.2.1": null, "TAA 2.2.2": null, "TAA 2.2.3": null, "TAA 2.2.4": null, "DC": 3473815.24, "BT": 34500000, "TD": 0.10069029681159419, "BD 2024 (EUR)": 715524.94, "BD 2024 (%)": 0.020739853333333332, "BD 2025 (EUR)": 2758290.3, "BD 2025 (%)": 0.079950443478260858, "BD 2026 (EUR)": 96537.81, "BD 2026 (%)": 0.002798197391304348, "BD 2027 (EUR)": null, "BD 2027 (%)": null, "BD 2028 (EUR)": null, "BD 2028 (%)": null, "BD 2029 (EUR)": null, "BD 2029 (%)": null, "BD 2030 (EUR)": null, "BD 2030 (%)": null, "BD C1 (EUR)": null, "BD C1 (%)": null, "BD C2 (EUR)": null, "BD C2 (%)": null, "BD C3 (EUR)": null, "BD C3 (%)": null, "BD C4 (EUR)": null, "BD C4 (%)": null, "BDF (EUR)": null, "BDF (%)": null, "BDA (EUR)": null, "BDA (%)": null, "BDC (EUR)": null, "BDC (%)": null, "BDMI (EUR)": null, "BDMI (%)": null, "BDMP (EUR)": null, "BDMP (%)": null, "BDS (EUR)": null, "BDS (%)": null, "TAC": null, "PA (EUR)": null, "D (EUR)": null, "TAC  C1": null, "PA C1 (EUR)": null, "D C1 (EUR)": null, "TAC C2": null, "PA C2 (EUR)": null, "D C2 (EUR)": null, "TAC  C3": null, "PA C3 (EUR)": null, "D C3 (EUR)": null, "TAC C4": null, "PA C4 (EUR)": null, "D C4 (EUR)": null, "TAC F": null, "PAF (EUR)": null, "DF (EUR)": null, "TAC A": null, "PAA (EUR)": null, "DA (EUR)": null, "TAC C": null, "PAC (EUR)": null, "DC (EUR)": null, "TAC MI": null, "PAMI (EUR)": null, "DMI (EUR)": null, " TAC MP": null, "PAMP (EUR)": null, "DMP (EUR)": null }, "geometry": null },
{ "type": "Feature", "properties": { "Année": 2025, "Mois": "Février", "UC": "UCT", "TAG": null, "NAP": null, "NAA": null, "NAC": null, "NAD": null, "TAR 1": null, "TAR 2": null, "TAR 1.1": null, "TAR 1.2": null, "TAR 2.1": null, "TAR 2.2": null, "TAA 1.1.1": null, "TAA 1.1.2": null, "TAA 1.1.3": null, "TAA 1.1.4": null, "TAA 1.2.1": null, "TAA 1.2.2": null, "TAA 1.2.3": null, "TAA 1.2.4": null, "TAA 2.1.1": null, "TAA 2.1.2": null, "TAA 2.1.3": null, "TAA 2.1.4": null, "TAA 2.2.1": null, "TAA 2.2.2": null, "TAA 2.2.3": null, "TAA 2.2.4": null, "DC": 3473815.24, "BT": 34500000, "TD": 0.10069029681159419, "BD 2024 (EUR)": 715524.94, "BD 2024 (%)": 0.020739853333333332, "BD 2025 (EUR)": 2758290.3, "BD 2025 (%)": 0.079950443478260858, "BD 2026 (EUR)": 96537.81, "BD 2026 (%)": 0.002798197391304348, "BD 2027 (EUR)": null, "BD 2027 (%)": null, "BD 2028 (EUR)": null, "BD 2028 (%)": null, "BD 2029 (EUR)": null, "BD 2029 (%)": null, "BD 2030 (EUR)": null, "BD 2030 (%)": null, "BD C1 (EUR)": null, "BD C1 (%)": null, "BD C2 (EUR)": null, "BD C2 (%)": null, "BD C3 (EUR)": null, "BD C3 (%)": null, "BD C4 (EUR)": null, "BD C4 (%)": null, "BDF (EUR)": null, "BDF (%)": null, "BDA (EUR)": null, "BDA (%)": null, "BDC (EUR)": null, "BDC (%)": null, "BDMI (EUR)": null, "BDMI (%)": null, "BDMP (EUR)": null, "BDMP (%)": null, "BDS (EUR)": null, "BDS (%)": null, "TAC": null, "PA (EUR)": null, "D (EUR)": null, "TAC  C1": null, "PA C1 (EUR)": null, "D C1 (EUR)": null, "TAC C2": null, "PA C2 (EUR)": null, "D C2 (EUR)": null, "TAC  C3": null, "PA C3 (EUR)": null, "D C3 (EUR)": null, "TAC C4": null, "PA C4 (EUR)": null, "D C4 (EUR)": null, "TAC F": null, "PAF (EUR)": null, "DF (EUR)": null, "TAC A": null, "PAA (EUR)": null, "DA (EUR)": null, "TAC C": null, "PAC (EUR)": null, "DC (EUR)": null, "TAC MI": null, "PAMI (EUR)": null, "DMI (EUR)": null, " TAC MP": null, "PAMP (EUR)": null, "DMP (EUR)": null }, "geometry": null },
{ "type": "Feature", "properties": { "Année": 2025, "Mois": "Mars", "UC": "UCT", "TAG": null, "NAP": null, "NAA": null, "NAC": null, "NAD": null, "TAR 1": null, "TAR 2": null, "TAR 1.1": null, "TAR 1.2": null, "TAR 2.1": null, "TAR 2.2": null, "TAA 1.1.1": null, "TAA 1.1.2": null, "TAA 1.1.3": null, "TAA 1.1.4": null, "TAA 1.2.1": null, "TAA 1.2.2": null, "TAA 1.2.3": null, "TAA 1.2.4": null, "TAA 2.1.1": null, "TAA 2.1.2": null, "TAA 2.1.3": null, "TAA 2.1.4": null, "TAA 2.2.1": null, "TAA 2.2.2": null, "TAA 2.2.3": null, "TAA 2.2.4": null, "DC": 3473815.24, "BT": 34500000, "TD": 0.10069029681159419, "BD 2024 (EUR)": 715524.94, "BD 2024 (%)": 0.020739853333333332, "BD 2025 (EUR)": 2758290.3, "BD 2025 (%)": 0.079950443478260858, "BD 2026 (EUR)": 96537.81, "BD 2026 (%)": 0.002798197391304348, "BD 2027 (EUR)": null, "BD 2027 (%)": null, "BD 2028 (EUR)": null, "BD 2028 (%)": null, "BD 2029 (EUR)": null, "BD 2029 (%)": null, "BD 2030 (EUR)": null, "BD 2030 (%)": null, "BD C1 (EUR)": null, "BD C1 (%)": null, "BD C2 (EUR)": null, "BD C2 (%)": null, "BD C3 (EUR)": null, "BD C3 (%)": null, "BD C4 (EUR)": null, "BD C4 (%)": null, "BDF (EUR)": null, "BDF (%)": null, "BDA (EUR)": null, "BDA (%)": null, "BDC (EUR)": null, "BDC (%)": null, "BDMI (EUR)": null, "BDMI (%)": null, "BDMP (EUR)": null, "BDMP (%)": null, "BDS (EUR)": null, "BDS (%)": null, "TAC": null, "PA (EUR)": null, "D (EUR)": null, "TAC  C1": null, "PA C1 (EUR)": null, "D C1 (EUR)": null, "TAC C2": null, "PA C2 (EUR)": null, "D C2 (EUR)": null, "TAC  C3": null, "PA C3 (EUR)": null, "D C3 (EUR)": null, "TAC C4": null, "PA C4 (EUR)": null, "D C4 (EUR)": null, "TAC F": null, "PAF (EUR)": null, "DF (EUR)": null, "TAC A": null, "PAA (EUR)": null, "DA (EUR)": null, "TAC C": null, "PAC (EUR)": null, "DC (EUR)": null, "TAC MI": null, "PAMI (EUR)": null, "DMI (EUR)": null, " TAC MP": null, "PAMP (EUR)": null, "DMP (EUR)": null }, "geometry": null },
{ "type": "Feature", "properties": { "Année": 2025, "Mois": "Avril", "UC": "UCT", "TAG": null, "NAP": null, "NAA": null, "NAC": null, "NAD": null, "TAR 1": null, "TAR 2": null, "TAR 1.1": null, "TAR 1.2": null, "TAR 2.1": null, "TAR 2.2": null, "TAA 1.1.1": null, "TAA 1.1.2": null, "TAA 1.1.3": null, "TAA 1.1.4": null, "TAA 1.2.1": null, "TAA 1.2.2": null, "TAA 1.2.3": null, "TAA 1.2.4": null, "TAA 2.1.1": null, "TAA 2.1.2": null, "TAA 2.1.3": null, "TAA 2.1.4": null, "TAA 2.2.1": null, "TAA 2.2.2": null, "TAA 2.2.3": null, "TAA 2.2.4": null, "DC": 3473815.24, "BT": 34500000, "TD": 0.10069029681159419, "BD 2024 (EUR)": 715524.94, "BD 2024 (%)": 0.020739853333333332, "BD 2025 (EUR)": 2758290.3, "BD 2025 (%)": 0.079950443478260858, "BD 2026 (EUR)": 96537.81, "BD 2026 (%)": 0.002798197391304348, "BD 2027 (EUR)": null, "BD 2027 (%)": null, "BD 2028 (EUR)": null, "BD 2028 (%)": null, "BD 2029 (EUR)": null, "BD 2029 (%)": null, "BD 2030 (EUR)": null, "BD 2030 (%)": null, "BD C1 (EUR)": null, "BD C1 (%)": null, "BD C2 (EUR)": null, "BD C2 (%)": null, "BD C3 (EUR)": null, "BD C3 (%)": null, "BD C4 (EUR)": null, "BD C4 (%)": null, "BDF (EUR)": null, "BDF (%)": null, "BDA (EUR)": null, "BDA (%)": null, "BDC (EUR)": null, "BDC (%)": null, "BDMI (EUR)": null, "BDMI (%)": null, "BDMP (EUR)": null, "BDMP (%)": null, "BDS (EUR)": null, "BDS (%)": null, "TAC": null, "PA (EUR)": null, "D (EUR)": null, "TAC  C1": null, "PA C1 (EUR)": null, "D C1 (EUR)": null, "TAC C2": null, "PA C2 (EUR)": null, "D C2 (EUR)": null, "TAC  C3": null, "PA C3 (EUR)": null, "D C3 (EUR)": null, "TAC C4": null, "PA C4 (EUR)": null, "D C4 (EUR)": null, "TAC F": null, "PAF (EUR)": null, "DF (EUR)": null, "TAC A": null, "PAA (EUR)": null, "DA (EUR)": null, "TAC C": null, "PAC (EUR)": null, "DC (EUR)": null, "TAC MI": null, "PAMI (EUR)": null, "DMI (EUR)": null, " TAC MP": null, "PAMP (EUR)": null, "DMP (EUR)": null }, "geometry": null },
{ "type": "Feature", "properties": { "Année": 2025, "Mois": "Mai", "UC": "UCT", "TAG": null, "NAP": null, "NAA": null, "NAC": null, "NAD": null, "TAR 1": null, "TAR 2": null, "TAR 1.1": null, "TAR 1.2": null, "TAR 2.1": null, "TAR 2.2": null, "TAA 1.1.1": null, "TAA 1.1.2": null, "TAA 1.1.3": null, "TAA 1.1.4": null, "TAA 1.2.1": null, "TAA 1.2.2": null, "TAA 1.2.3": null, "TAA 1.2.4": null, "TAA 2.1.1": null, "TAA 2.1.2": null, "TAA 2.1.3": null, "TAA 2.1.4": null, "TAA 2.2.1": null, "TAA 2.2.2": null, "TAA 2.2.3": null, "TAA 2.2.4": null, "DC": 3473815.24, "BT": 34500000, "TD": 0.10069029681159419, "BD 2024 (EUR)": 715524.94, "BD 2024 (%)": 0.020739853333333332, "BD 2025 (EUR)": 2758290.3, "BD 2025 (%)": 0.079950443478260858, "BD 2026 (EUR)": 96537.81, "BD 2026 (%)": 0.002798197391304348, "BD 2027 (EUR)": null, "BD 2027 (%)": null, "BD 2028 (EUR)": null, "BD 2028 (%)": null, "BD 2029 (EUR)": null, "BD 2029 (%)": null, "BD 2030 (EUR)": null, "BD 2030 (%)": null, "BD C1 (EUR)": null, "BD C1 (%)": null, "BD C2 (EUR)": null, "BD C2 (%)": null, "BD C3 (EUR)": null, "BD C3 (%)": null, "BD C4 (EUR)": null, "BD C4 (%)": null, "BDF (EUR)": null, "BDF (%)": null, "BDA (EUR)": null, "BDA (%)": null, "BDC (EUR)": null, "BDC (%)": null, "BDMI (EUR)": null, "BDMI (%)": null, "BDMP (EUR)": null, "BDMP (%)": null, "BDS (EUR)": null, "BDS (%)": null, "TAC": null, "PA (EUR)": null, "D (EUR)": null, "TAC  C1": null, "PA C1 (EUR)": null, "D C1 (EUR)": null, "TAC C2": null, "PA C2 (EUR)": null, "D C2 (EUR)": null, "TAC  C3": null, "PA C3 (EUR)": null, "D C3 (EUR)": null, "TAC C4": null, "PA C4 (EUR)": null, "D C4 (EUR)": null, "TAC F": null, "PAF (EUR)": null, "DF (EUR)": null, "TAC A": null, "PAA (EUR)": null, "DA (EUR)": null, "TAC C": null, "PAC (EUR)": null, "DC (EUR)": null, "TAC MI": null, "PAMI (EUR)": null, "DMI (EUR)": null, " TAC MP": null, "PAMP (EUR)": null, "DMP (EUR)": null }, "geometry": null },
{ "type": "Feature", "properties": { "Année": 2025, "Mois": "Juin", "UC": "UCT", "TAG": null, "NAP": null, "NAA": null, "NAC": null, "NAD": null, "TAR 1": null, "TAR 2": null, "TAR 1.1": null, "TAR 1.2": null, "TAR 2.1": null, "TAR 2.2": null, "TAA 1.1.1": null, "TAA 1.1.2": null, "TAA 1.1.3": null, "TAA 1.1.4": null, "TAA 1.2.1": null, "TAA 1.2.2": null, "TAA 1.2.3": null, "TAA 1.2.4": null, "TAA 2.1.1": null, "TAA 2.1.2": null, "TAA 2.1.3": null, "TAA 2.1.4": null, "TAA 2.2.1": null, "TAA 2.2.2": null, "TAA 2.2.3": null, "TAA 2.2.4": null, "DC": 3473815.24, "BT": 34500000, "TD": 0.10069029681159419, "BD 2024 (EUR)": 715524.94, "BD 2024 (%)": 0.020739853333333332, "BD 2025 (EUR)": 2758290.3, "BD 2025 (%)": 0.079950443478260858, "BD 2026 (EUR)": 96537.81, "BD 2026 (%)": 0.002798197391304348, "BD 2027 (EUR)": null, "BD 2027 (%)": null, "BD 2028 (EUR)": null, "BD 2028 (%)": null, "BD 2029 (EUR)": null, "BD 2029 (%)": null, "BD 2030 (EUR)": null, "BD 2030 (%)": null, "BD C1 (EUR)": null, "BD C1 (%)": null, "BD C2 (EUR)": null, "BD C2 (%)": null, "BD C3 (EUR)": null, "BD C3 (%)": null, "BD C4 (EUR)": null, "BD C4 (%)": null, "BDF (EUR)": null, "BDF (%)": null, "BDA (EUR)": null, "BDA (%)": null, "BDC (EUR)": null, "BDC (%)": null, "BDMI (EUR)": null, "BDMI (%)": null, "BDMP (EUR)": null, "BDMP (%)": null, "BDS (EUR)": null, "BDS (%)": null, "TAC": null, "PA (EUR)": null, "D (EUR)": null, "TAC  C1": null, "PA C1 (EUR)": null, "D C1 (EUR)": null, "TAC C2": null, "PA C2 (EUR)": null, "D C2 (EUR)": null, "TAC  C3": null, "PA C3 (EUR)": null, "D C3 (EUR)": null, "TAC C4": null, "PA C4 (EUR)": null, "D C4 (EUR)": null, "TAC F": null, "PAF (EUR)": null, "DF (EUR)": null, "TAC A": null, "PAA (EUR)": null, "DA (EUR)": null, "TAC C": null, "PAC (EUR)": null, "DC (EUR)": null, "TAC MI": null, "PAMI (EUR)": null, "DMI (EUR)": null, " TAC MP": null, "PAMP (EUR)": null, "DMP (EUR)": null }, "geometry": null },
{ "type": "Feature", "properties": { "Année": 2025, "Mois": "Juillet", "UC": "UCT", "TAG": null, "NAP": null, "NAA": null, "NAC": null, "NAD": null, "TAR 1": null, "TAR 2": null, "TAR 1.1": null, "TAR 1.2": null, "TAR 2.1": null, "TAR 2.2": null, "TAA 1.1.1": null, "TAA 1.1.2": null, "TAA 1.1.3": null, "TAA 1.1.4": null, "TAA 1.2.1": null, "TAA 1.2.2": null, "TAA 1.2.3": null, "TAA 1.2.4": null, "TAA 2.1.1": null, "TAA 2.1.2": null, "TAA 2.1.3": null, "TAA 2.1.4": null, "TAA 2.2.1": null, "TAA 2.2.2": null, "TAA 2.2.3": null, "TAA 2.2.4": null, "DC": 3473815.24, "BT": 34500000, "TD": 0.10069029681159419, "BD 2024 (EUR)": 715524.94, "BD 2024 (%)": 0.020739853333333332, "BD 2025 (EUR)": 2758290.3, "BD 2025 (%)": 0.079950443478260858, "BD 2026 (EUR)": 96537.81, "BD 2026 (%)": 0.002798197391304348, "BD 2027 (EUR)": null, "BD 2027 (%)": null, "BD 2028 (EUR)": null, "BD 2028 (%)": null, "BD 2029 (EUR)": null, "BD 2029 (%)": null, "BD 2030 (EUR)": null, "BD 2030 (%)": null, "BD C1 (EUR)": null, "BD C1 (%)": null, "BD C2 (EUR)": null, "BD C2 (%)": null, "BD C3 (EUR)": null, "BD C3 (%)": null, "BD C4 (EUR)": null, "BD C4 (%)": null, "BDF (EUR)": null, "BDF (%)": null, "BDA (EUR)": null, "BDA (%)": null, "BDC (EUR)": null, "BDC (%)": null, "BDMI (EUR)": null, "BDMI (%)": null, "BDMP (EUR)": null, "BDMP (%)": null, "BDS (EUR)": null, "BDS (%)": null, "TAC": null, "PA (EUR)": null, "D (EUR)": null, "TAC  C1": null, "PA C1 (EUR)": null, "D C1 (EUR)": null, "TAC C2": null, "PA C2 (EUR)": null, "D C2 (EUR)": null, "TAC  C3": null, "PA C3 (EUR)": null, "D C3 (EUR)": null, "TAC C4": null, "PA C4 (EUR)": null, "D C4 (EUR)": null, "TAC F": null, "PAF (EUR)": null, "DF (EUR)": null, "TAC A": null, "PAA (EUR)": null, "DA (EUR)": null, "TAC C": null, "PAC (EUR)": null, "DC (EUR)": null, "TAC MI": null, "PAMI (EUR)": null, "DMI (EUR)": null, " TAC MP": null, "PAMP (EUR)": null, "DMP (EUR)": null }, "geometry": null },
{ "type": "Feature", "properties": { "Année": 2025, "Mois": "Août", "UC": "UCT", "TAG": null, "NAP": null, "NAA": null, "NAC": null, "NAD": null, "TAR 1": null, "TAR 2": null, "TAR 1.1": null, "TAR 1.2": null, "TAR 2.1": null, "TAR 2.2": null, "TAA 1.1.1": null, "TAA 1.1.2": null, "TAA 1.1.3": null, "TAA 1.1.4": null, "TAA 1.2.1": null, "TAA 1.2.2": null, "TAA 1.2.3": null, "TAA 1.2.4": null, "TAA 2.1.1": null, "TAA 2.1.2": null, "TAA 2.1.3": null, "TAA 2.1.4": null, "TAA 2.2.1": null, "TAA 2.2.2": null, "TAA 2.2.3": null, "TAA 2.2.4": null, "DC": 3473815.24, "BT": 34500000, "TD": 0.10069029681159419, "BD 2024 (EUR)": 715524.94, "BD 2024 (%)": 0.020739853333333332, "BD 2025 (EUR)": 2758290.3, "BD 2025 (%)": 0.079950443478260858, "BD 2026 (EUR)": 96537.81, "BD 2026 (%)": 0.002798197391304348, "BD 2027 (EUR)": null, "BD 2027 (%)": null, "BD 2028 (EUR)": null, "BD 2028 (%)": null, "BD 2029 (EUR)": null, "BD 2029 (%)": null, "BD 2030 (EUR)": null, "BD 2030 (%)": null, "BD C1 (EUR)": null, "BD C1 (%)": null, "BD C2 (EUR)": null, "BD C2 (%)": null, "BD C3 (EUR)": null, "BD C3 (%)": null, "BD C4 (EUR)": null, "BD C4 (%)": null, "BDF (EUR)": null, "BDF (%)": null, "BDA (EUR)": null, "BDA (%)": null, "BDC (EUR)": null, "BDC (%)": null, "BDMI (EUR)": null, "BDMI (%)": null, "BDMP (EUR)": null, "BDMP (%)": null, "BDS (EUR)": null, "BDS (%)": null, "TAC": null, "PA (EUR)": null, "D (EUR)": null, "TAC  C1": null, "PA C1 (EUR)": null, "D C1 (EUR)": null, "TAC C2": null, "PA C2 (EUR)": null, "D C2 (EUR)": null, "TAC  C3": null, "PA C3 (EUR)": null, "D C3 (EUR)": null, "TAC C4": null, "PA C4 (EUR)": null, "D C4 (EUR)": null, "TAC F": null, "PAF (EUR)": null, "DF (EUR)": null, "TAC A": null, "PAA (EUR)": null, "DA (EUR)": null, "TAC C": null, "PAC (EUR)": null, "DC (EUR)": null, "TAC MI": null, "PAMI (EUR)": null, "DMI (EUR)": null, " TAC MP": null, "PAMP (EUR)": null, "DMP (EUR)": null }, "geometry": null },
{ "type": "Feature", "properties": { "Année": 2025, "Mois": "Septembre", "UC": "UCT", "TAG": null, "NAP": null, "NAA": null, "NAC": null, "NAD": null, "TAR 1": null, "TAR 2": null, "TAR 1.1": null, "TAR 1.2": null, "TAR 2.1": null, "TAR 2.2": null, "TAA 1.1.1": null, "TAA 1.1.2": null, "TAA 1.1.3": null, "TAA 1.1.4": null, "TAA 1.2.1": null, "TAA 1.2.2": null, "TAA 1.2.3": null, "TAA 1.2.4": null, "TAA 2.1.1": null, "TAA 2.1.2": null, "TAA 2.1.3": null, "TAA 2.1.4": null, "TAA 2.2.1": null, "TAA 2.2.2": null, "TAA 2.2.3": null, "TAA 2.2.4": null, "DC": 3473815.24, "BT": 34500000, "TD": 0.10069029681159419, "BD 2024 (EUR)": 715524.94, "BD 2024 (%)": 0.020739853333333332, "BD 2025 (EUR)": 2758290.3, "BD 2025 (%)": 0.079950443478260858, "BD 2026 (EUR)": 96537.81, "BD 2026 (%)": 0.002798197391304348, "BD 2027 (EUR)": null, "BD 2027 (%)": null, "BD 2028 (EUR)": null, "BD 2028 (%)": null, "BD 2029 (EUR)": null, "BD 2029 (%)": null, "BD 2030 (EUR)": null, "BD 2030 (%)": null, "BD C1 (EUR)": null, "BD C1 (%)": null, "BD C2 (EUR)": null, "BD C2 (%)": null, "BD C3 (EUR)": null, "BD C3 (%)": null, "BD C4 (EUR)": null, "BD C4 (%)": null, "BDF (EUR)": null, "BDF (%)": null, "BDA (EUR)": null, "BDA (%)": null, "BDC (EUR)": null, "BDC (%)": null, "BDMI (EUR)": null, "BDMI (%)": null, "BDMP (EUR)": null, "BDMP (%)": null, "BDS (EUR)": null, "BDS (%)": null, "TAC": null, "PA (EUR)": null, "D (EUR)": null, "TAC  C1": null, "PA C1 (EUR)": null, "D C1 (EUR)": null, "TAC C2": null, "PA C2 (EUR)": null, "D C2 (EUR)": null, "TAC  C3": null, "PA C3 (EUR)": null, "D C3 (EUR)": null, "TAC C4": null, "PA C4 (EUR)": null, "D C4 (EUR)": null, "TAC F": null, "PAF (EUR)": null, "DF (EUR)": null, "TAC A": null, "PAA (EUR)": null, "DA (EUR)": null, "TAC C": null, "PAC (EUR)": null, "DC (EUR)": null, "TAC MI": null, "PAMI (EUR)": null, "DMI (EUR)": null, " TAC MP": null, "PAMP (EUR)": null, "DMP (EUR)": null }, "geometry": null },
{ "type": "Feature", "properties": { "Année": 2025, "Mois": "Octobre", "UC": "UCT", "TAG": null, "NAP": null, "NAA": null, "NAC": null, "NAD": null, "TAR 1": null, "TAR 2": null, "TAR 1.1": null, "TAR 1.2": null, "TAR 2.1": null, "TAR 2.2": null, "TAA 1.1.1": null, "TAA 1.1.2": null, "TAA 1.1.3": null, "TAA 1.1.4": null, "TAA 1.2.1": null, "TAA 1.2.2": null, "TAA 1.2.3": null, "TAA 1.2.4": null, "TAA 2.1.1": null, "TAA 2.1.2": null, "TAA 2.1.3": null, "TAA 2.1.4": null, "TAA 2.2.1": null, "TAA 2.2.2": null, "TAA 2.2.3": null, "TAA 2.2.4": null, "DC": 3473815.24, "BT": 34500000, "TD": 0.10069029681159419, "BD 2024 (EUR)": 715524.94, "BD 2024 (%)": 0.020739853333333332, "BD 2025 (EUR)": 2758290.3, "BD 2025 (%)": 0.079950443478260858, "BD 2026 (EUR)": 96537.81, "BD 2026 (%)": 0.002798197391304348, "BD 2027 (EUR)": null, "BD 2027 (%)": null, "BD 2028 (EUR)": null, "BD 2028 (%)": null, "BD 2029 (EUR)": null, "BD 2029 (%)": null, "BD 2030 (EUR)": null, "BD 2030 (%)": null, "BD C1 (EUR)": null, "BD C1 (%)": null, "BD C2 (EUR)": null, "BD C2 (%)": null, "BD C3 (EUR)": null, "BD C3 (%)": null, "BD C4 (EUR)": null, "BD C4 (%)": null, "BDF (EUR)": null, "BDF (%)": null, "BDA (EUR)": null, "BDA (%)": null, "BDC (EUR)": null, "BDC (%)": null, "BDMI (EUR)": null, "BDMI (%)": null, "BDMP (EUR)": null, "BDMP (%)": null, "BDS (EUR)": null, "BDS (%)": null, "TAC": null, "PA (EUR)": null, "D (EUR)": null, "TAC  C1": null, "PA C1 (EUR)": null, "D C1 (EUR)": null, "TAC C2": null, "PA C2 (EUR)": null, "D C2 (EUR)": null, "TAC  C3": null, "PA C3 (EUR)": null, "D C3 (EUR)": null, "TAC C4": null, "PA C4 (EUR)": null, "D C4 (EUR)": null, "TAC F": null, "PAF (EUR)": null, "DF (EUR)": null, "TAC A": null, "PAA (EUR)": null, "DA (EUR)": null, "TAC C": null, "PAC (EUR)": null, "DC (EUR)": null, "TAC MI": null, "PAMI (EUR)": null, "DMI (EUR)": null, " TAC MP": null, "PAMP (EUR)": null, "DMP (EUR)": null }, "geometry": null },
{ "type": "Feature", "properties": { "Année": 2025, "Mois": "Novembre", "UC": "UCT", "TAG": null, "NAP": null, "NAA": null, "NAC": null, "NAD": null, "TAR 1": null, "TAR 2": null, "TAR 1.1": null, "TAR 1.2": null, "TAR 2.1": null, "TAR 2.2": null, "TAA 1.1.1": null, "TAA 1.1.2": null, "TAA 1.1.3": null, "TAA 1.1.4": null, "TAA 1.2.1": null, "TAA 1.2.2": null, "TAA 1.2.3": null, "TAA 1.2.4": null, "TAA 2.1.1": null, "TAA 2.1.2": null, "TAA 2.1.3": null, "TAA 2.1.4": null, "TAA 2.2.1": null, "TAA 2.2.2": null, "TAA 2.2.3": null, "TAA 2.2.4": null, "DC": 3473815.24, "BT": 34500000, "TD": 0.10069029681159419, "BD 2024 (EUR)": 715524.94, "BD 2024 (%)": 0.020739853333333332, "BD 2025 (EUR)": 2758290.3, "BD 2025 (%)": 0.079950443478260858, "BD 2026 (EUR)": 96537.81, "BD 2026 (%)": 0.002798197391304348, "BD 2027 (EUR)": null, "BD 2027 (%)": null, "BD 2028 (EUR)": null, "BD 2028 (%)": null, "BD 2029 (EUR)": null, "BD 2029 (%)": null, "BD 2030 (EUR)": null, "BD 2030 (%)": null, "BD C1 (EUR)": null, "BD C1 (%)": null, "BD C2 (EUR)": null, "BD C2 (%)": null, "BD C3 (EUR)": null, "BD C3 (%)": null, "BD C4 (EUR)": null, "BD C4 (%)": null, "BDF (EUR)": null, "BDF (%)": null, "BDA (EUR)": null, "BDA (%)": null, "BDC (EUR)": null, "BDC (%)": null, "BDMI (EUR)": null, "BDMI (%)": null, "BDMP (EUR)": null, "BDMP (%)": null, "BDS (EUR)": null, "BDS (%)": null, "TAC": null, "PA (EUR)": null, "D (EUR)": null, "TAC  C1": null, "PA C1 (EUR)": null, "D C1 (EUR)": null, "TAC C2": null, "PA C2 (EUR)": null, "D C2 (EUR)": null, "TAC  C3": null, "PA C3 (EUR)": null, "D C3 (EUR)": null, "TAC C4": null, "PA C4 (EUR)": null, "D C4 (EUR)": null, "TAC F": null, "PAF (EUR)": null, "DF (EUR)": null, "TAC A": null, "PAA (EUR)": null, "DA (EUR)": null, "TAC C": null, "PAC (EUR)": null, "DC (EUR)": null, "TAC MI": null, "PAMI (EUR)": null, "DMI (EUR)": null, " TAC MP": null, "PAMP (EUR)": null, "DMP (EUR)": null }, "geometry": null },
{ "type": "Feature", "properties": { "Année": 2025, "Mois": "Décembre", "UC": "UCT", "TAG": null, "NAP": null, "NAA": null, "NAC": null, "NAD": null, "TAR 1": null, "TAR 2": null, "TAR 1.1": null, "TAR 1.2": null, "TAR 2.1": null, "TAR 2.2": null, "TAA 1.1.1": null, "TAA 1.1.2": null, "TAA 1.1.3": null, "TAA 1.1.4": null, "TAA 1.2.1": null, "TAA 1.2.2": null, "TAA 1.2.3": null, "TAA 1.2.4": null, "TAA 2.1.1": null, "TAA 2.1.2": null, "TAA 2.1.3": null, "TAA 2.1.4": null, "TAA 2.2.1": null, "TAA 2.2.2": null, "TAA 2.2.3": null, "TAA 2.2.4": null, "DC": 3473815.24, "BT": 34500000, "TD": 0.10069029681159419, "BD 2024 (EUR)": 715524.94, "BD 2024 (%)": 0.020739853333333332, "BD 2025 (EUR)": 2758290.3, "BD 2025 (%)": 0.079950443478260858, "BD 2026 (EUR)": 96537.81, "BD 2026 (%)": 0.002798197391304348, "BD 2027 (EUR)": null, "BD 2027 (%)": null, "BD 2028 (EUR)": null, "BD 2028 (%)": null, "BD 2029 (EUR)": null, "BD 2029 (%)": null, "BD 2030 (EUR)": null, "BD 2030 (%)": null, "BD C1 (EUR)": null, "BD C1 (%)": null, "BD C2 (EUR)": null, "BD C2 (%)": null, "BD C3 (EUR)": null, "BD C3 (%)": null, "BD C4 (EUR)": null, "BD C4 (%)": null, "BDF (EUR)": null, "BDF (%)": null, "BDA (EUR)": null, "BDA (%)": null, "BDC (EUR)": null, "BDC (%)": null, "BDMI (EUR)": null, "BDMI (%)": null, "BDMP (EUR)": null, "BDMP (%)": null, "BDS (EUR)": null, "BDS (%)": null, "TAC": null, "PA (EUR)": null, "D (EUR)": null, "TAC  C1": null, "PA C1 (EUR)": null, "D C1 (EUR)": null, "TAC C2": null, "PA C2 (EUR)": null, "D C2 (EUR)": null, "TAC  C3": null, "PA C3 (EUR)": null, "D C3 (EUR)": null, "TAC C4": null, "PA C4 (EUR)": null, "D C4 (EUR)": null, "TAC F": null, "PAF (EUR)": null, "DF (EUR)": null, "TAC A": null, "PAA (EUR)": null, "DA (EUR)": null, "TAC C": null, "PAC (EUR)": null, "DC (EUR)": null, "TAC MI": null, "PAMI (EUR)": null, "DMI (EUR)": null, " TAC MP": null, "PAMP (EUR)": null, "DMP (EUR)": null }, "geometry": null },
{ "type": "Feature", "properties": { "Année": 2025, "Mois": "Janvier", "UC": "UCR-B", "TAG": null, "NAP": null, "NAA": null, "NAC": null, "NAD": null, "TAR 1": null, "TAR 2": null, "TAR 1.1": null, "TAR 1.2": null, "TAR 2.1": null, "TAR 2.2": null, "TAA 1.1.1": null, "TAA 1.1.2": null, "TAA 1.1.3": null, "TAA 1.1.4": null, "TAA 1.2.1": null, "TAA 1.2.2": null, "TAA 1.2.3": null, "TAA 1.2.4": null, "TAA 2.1.1": null, "TAA 2.1.2": null, "TAA 2.1.3": null, "TAA 2.1.4": null, "TAA 2.2.1": null, "TAA 2.2.2": null, "TAA 2.2.3": null, "TAA 2.2.4": null, "DC": 3473815.24, "BT": 34500000, "TD": 0.10069029681159419, "BD 2024 (EUR)": 715524.94, "BD 2024 (%)": 0.020739853333333332, "BD 2025 (EUR)": 2758290.3, "BD 2025 (%)": 0.079950443478260858, "BD 2026 (EUR)": 96537.81, "BD 2026 (%)": 0.002798197391304348, "BD 2027 (EUR)": null, "BD 2027 (%)": null, "BD 2028 (EUR)": null, "BD 2028 (%)": null, "BD 2029 (EUR)": null, "BD 2029 (%)": null, "BD 2030 (EUR)": null, "BD 2030 (%)": null, "BD C1 (EUR)": null, "BD C1 (%)": null, "BD C2 (EUR)": null, "BD C2 (%)": null, "BD C3 (EUR)": null, "BD C3 (%)": null, "BD C4 (EUR)": null, "BD C4 (%)": null, "BDF (EUR)": null, "BDF (%)": null, "BDA (EUR)": null, "BDA (%)": null, "BDC (EUR)": null, "BDC (%)": null, "BDMI (EUR)": null, "BDMI (%)": null, "BDMP (EUR)": null, "BDMP (%)": null, "BDS (EUR)": null, "BDS (%)": null, "TAC": null, "PA (EUR)": null, "D (EUR)": null, "TAC  C1": null, "PA C1 (EUR)": null, "D C1 (EUR)": null, "TAC C2": null, "PA C2 (EUR)": null, "D C2 (EUR)": null, "TAC  C3": null, "PA C3 (EUR)": null, "D C3 (EUR)": null, "TAC C4": null, "PA C4 (EUR)": null, "D C4 (EUR)": null, "TAC F": null, "PAF (EUR)": null, "DF (EUR)": null, "TAC A": null, "PAA (EUR)": null, "DA (EUR)": null, "TAC C": null, "PAC (EUR)": null, "DC (EUR)": null, "TAC MI": null, "PAMI (EUR)": null, "DMI (EUR)": null, " TAC MP": null, "PAMP (EUR)": null, "DMP (EUR)": null }, "geometry": null },
{ "type": "Feature", "properties": { "Année": 2025, "Mois": "Février", "UC": "UCR-B", "TAG": null, "NAP": null, "NAA": null, "NAC": null, "NAD": null, "TAR 1": null, "TAR 2": null, "TAR 1.1": null, "TAR 1.2": null, "TAR 2.1": null, "TAR 2.2": null, "TAA 1.1.1": null, "TAA 1.1.2": null, "TAA 1.1.3": null, "TAA 1.1.4": null, "TAA 1.2.1": null, "TAA 1.2.2": null, "TAA 1.2.3": null, "TAA 1.2.4": null, "TAA 2.1.1": null, "TAA 2.1.2": null, "TAA 2.1.3": null, "TAA 2.1.4": null, "TAA 2.2.1": null, "TAA 2.2.2": null, "TAA 2.2.3": null, "TAA 2.2.4": null, "DC": 3473815.24, "BT": 34500000, "TD": 0.10069029681159419, "BD 2024 (EUR)": 715524.94, "BD 2024 (%)": 0.020739853333333332, "BD 2025 (EUR)": 2758290.3, "BD 2025 (%)": 0.079950443478260858, "BD 2026 (EUR)": 96537.81, "BD 2026 (%)": 0.002798197391304348, "BD 2027 (EUR)": null, "BD 2027 (%)": null, "BD 2028 (EUR)": null, "BD 2028 (%)": null, "BD 2029 (EUR)": null, "BD 2029 (%)": null, "BD 2030 (EUR)": null, "BD 2030 (%)": null, "BD C1 (EUR)": null, "BD C1 (%)": null, "BD C2 (EUR)": null, "BD C2 (%)": null, "BD C3 (EUR)": null, "BD C3 (%)": null, "BD C4 (EUR)": null, "BD C4 (%)": null, "BDF (EUR)": null, "BDF (%)": null, "BDA (EUR)": null, "BDA (%)": null, "BDC (EUR)": null, "BDC (%)": null, "BDMI (EUR)": null, "BDMI (%)": null, "BDMP (EUR)": null, "BDMP (%)": null, "BDS (EUR)": null, "BDS (%)": null, "TAC": null, "PA (EUR)": null, "D (EUR)": null, "TAC  C1": null, "PA C1 (EUR)": null, "D C1 (EUR)": null, "TAC C2": null, "PA C2 (EUR)": null, "D C2 (EUR)": null, "TAC  C3": null, "PA C3 (EUR)": null, "D C3 (EUR)": null, "TAC C4": null, "PA C4 (EUR)": null, "D C4 (EUR)": null, "TAC F": null, "PAF (EUR)": null, "DF (EUR)": null, "TAC A": null, "PAA (EUR)": null, "DA (EUR)": null, "TAC C": null, "PAC (EUR)": null, "DC (EUR)": null, "TAC MI": null, "PAMI (EUR)": null, "DMI (EUR)": null, " TAC MP": null, "PAMP (EUR)": null, "DMP (EUR)": null }, "geometry": null },
{ "type": "Feature", "properties": { "Année": 2025, "Mois": "Mars", "UC": "UCR-B", "TAG": null, "NAP": null, "NAA": null, "NAC": null, "NAD": null, "TAR 1": null, "TAR 2": null, "TAR 1.1": null, "TAR 1.2": null, "TAR 2.1": null, "TAR 2.2": null, "TAA 1.1.1": null, "TAA 1.1.2": null, "TAA 1.1.3": null, "TAA 1.1.4": null, "TAA 1.2.1": null, "TAA 1.2.2": null, "TAA 1.2.3": null, "TAA 1.2.4": null, "TAA 2.1.1": null, "TAA 2.1.2": null, "TAA 2.1.3": null, "TAA 2.1.4": null, "TAA 2.2.1": null, "TAA 2.2.2": null, "TAA 2.2.3": null, "TAA 2.2.4": null, "DC": 3473815.24, "BT": 34500000, "TD": 0.10069029681159419, "BD 2024 (EUR)": 715524.94, "BD 2024 (%)": 0.020739853333333332, "BD 2025 (EUR)": 2758290.3, "BD 2025 (%)": 0.079950443478260858, "BD 2026 (EUR)": 96537.81, "BD 2026 (%)": 0.002798197391304348, "BD 2027 (EUR)": null, "BD 2027 (%)": null, "BD 2028 (EUR)": null, "BD 2028 (%)": null, "BD 2029 (EUR)": null, "BD 2029 (%)": null, "BD 2030 (EUR)": null, "BD 2030 (%)": null, "BD C1 (EUR)": null, "BD C1 (%)": null, "BD C2 (EUR)": null, "BD C2 (%)": null, "BD C3 (EUR)": null, "BD C3 (%)": null, "BD C4 (EUR)": null, "BD C4 (%)": null, "BDF (EUR)": null, "BDF (%)": null, "BDA (EUR)": null, "BDA (%)": null, "BDC (EUR)": null, "BDC (%)": null, "BDMI (EUR)": null, "BDMI (%)": null, "BDMP (EUR)": null, "BDMP (%)": null, "BDS (EUR)": null, "BDS (%)": null, "TAC": null, "PA (EUR)": null, "D (EUR)": null, "TAC  C1": null, "PA C1 (EUR)": null, "D C1 (EUR)": null, "TAC C2": null, "PA C2 (EUR)": null, "D C2 (EUR)": null, "TAC  C3": null, "PA C3 (EUR)": null, "D C3 (EUR)": null, "TAC C4": null, "PA C4 (EUR)": null, "D C4 (EUR)": null, "TAC F": null, "PAF (EUR)": null, "DF (EUR)": null, "TAC A": null, "PAA (EUR)": null, "DA (EUR)": null, "TAC C": null, "PAC (EUR)": null, "DC (EUR)": null, "TAC MI": null, "PAMI (EUR)": null, "DMI (EUR)": null, " TAC MP": null, "PAMP (EUR)": null, "DMP (EUR)": null }, "geometry": null },
{ "type": "Feature", "properties": { "Année": 2025, "Mois": "Avril", "UC": "UCR-B", "TAG": null, "NAP": null, "NAA": null, "NAC": null, "NAD": null, "TAR 1": null, "TAR 2": null, "TAR 1.1": null, "TAR 1.2": null, "TAR 2.1": null, "TAR 2.2": null, "TAA 1.1.1": null, "TAA 1.1.2": null, "TAA 1.1.3": null, "TAA 1.1.4": null, "TAA 1.2.1": null, "TAA 1.2.2": null, "TAA 1.2.3": null, "TAA 1.2.4": null, "TAA 2.1.1": null, "TAA 2.1.2": null, "TAA 2.1.3": null, "TAA 2.1.4": null, "TAA 2.2.1": null, "TAA 2.2.2": null, "TAA 2.2.3": null, "TAA 2.2.4": null, "DC": 3473815.24, "BT": 34500000, "TD": 0.10069029681159419, "BD 2024 (EUR)": 715524.94, "BD 2024 (%)": 0.020739853333333332, "BD 2025 (EUR)": 2758290.3, "BD 2025 (%)": 0.079950443478260858, "BD 2026 (EUR)": 96537.81, "BD 2026 (%)": 0.002798197391304348, "BD 2027 (EUR)": null, "BD 2027 (%)": null, "BD 2028 (EUR)": null, "BD 2028 (%)": null, "BD 2029 (EUR)": null, "BD 2029 (%)": null, "BD 2030 (EUR)": null, "BD 2030 (%)": null, "BD C1 (EUR)": null, "BD C1 (%)": null, "BD C2 (EUR)": null, "BD C2 (%)": null, "BD C3 (EUR)": null, "BD C3 (%)": null, "BD C4 (EUR)": null, "BD C4 (%)": null, "BDF (EUR)": null, "BDF (%)": null, "BDA (EUR)": null, "BDA (%)": null, "BDC (EUR)": null, "BDC (%)": null, "BDMI (EUR)": null, "BDMI (%)": null, "BDMP (EUR)": null, "BDMP (%)": null, "BDS (EUR)": null, "BDS (%)": null, "TAC": null, "PA (EUR)": null, "D (EUR)": null, "TAC  C1": null, "PA C1 (EUR)": null, "D C1 (EUR)": null, "TAC C2": null, "PA C2 (EUR)": null, "D C2 (EUR)": null, "TAC  C3": null, "PA C3 (EUR)": null, "D C3 (EUR)": null, "TAC C4": null, "PA C4 (EUR)": null, "D C4 (EUR)": null, "TAC F": null, "PAF (EUR)": null, "DF (EUR)": null, "TAC A": null, "PAA (EUR)": null, "DA (EUR)": null, "TAC C": null, "PAC (EUR)": null, "DC (EUR)": null, "TAC MI": null, "PAMI (EUR)": null, "DMI (EUR)": null, " TAC MP": null, "PAMP (EUR)": null, "DMP (EUR)": null }, "geometry": null },
{ "type": "Feature", "properties": { "Année": 2025, "Mois": "Mai", "UC": "UCR-B", "TAG": null, "NAP": null, "NAA": null, "NAC": null, "NAD": null, "TAR 1": null, "TAR 2": null, "TAR 1.1": null, "TAR 1.2": null, "TAR 2.1": null, "TAR 2.2": null, "TAA 1.1.1": null, "TAA 1.1.2": null, "TAA 1.1.3": null, "TAA 1.1.4": null, "TAA 1.2.1": null, "TAA 1.2.2": null, "TAA 1.2.3": null, "TAA 1.2.4": null, "TAA 2.1.1": null, "TAA 2.1.2": null, "TAA 2.1.3": null, "TAA 2.1.4": null, "TAA 2.2.1": null, "TAA 2.2.2": null, "TAA 2.2.3": null, "TAA 2.2.4": null, "DC": 3473815.24, "BT": 34500000, "TD": 0.10069029681159419, "BD 2024 (EUR)": 715524.94, "BD 2024 (%)": 0.020739853333333332, "BD 2025 (EUR)": 2758290.3, "BD 2025 (%)": 0.079950443478260858, "BD 2026 (EUR)": 96537.81, "BD 2026 (%)": 0.002798197391304348, "BD 2027 (EUR)": null, "BD 2027 (%)": null, "BD 2028 (EUR)": null, "BD 2028 (%)": null, "BD 2029 (EUR)": null, "BD 2029 (%)": null, "BD 2030 (EUR)": null, "BD 2030 (%)": null, "BD C1 (EUR)": null, "BD C1 (%)": null, "BD C2 (EUR)": null, "BD C2 (%)": null, "BD C3 (EUR)": null, "BD C3 (%)": null, "BD C4 (EUR)": null, "BD C4 (%)": null, "BDF (EUR)": null, "BDF (%)": null, "BDA (EUR)": null, "BDA (%)": null, "BDC (EUR)": null, "BDC (%)": null, "BDMI (EUR)": null, "BDMI (%)": null, "BDMP (EUR)": null, "BDMP (%)": null, "BDS (EUR)": null, "BDS (%)": null, "TAC": null, "PA (EUR)": null, "D (EUR)": null, "TAC  C1": null, "PA C1 (EUR)": null, "D C1 (EUR)": null, "TAC C2": null, "PA C2 (EUR)": null, "D C2 (EUR)": null, "TAC  C3": null, "PA C3 (EUR)": null, "D C3 (EUR)": null, "TAC C4": null, "PA C4 (EUR)": null, "D C4 (EUR)": null, "TAC F": null, "PAF (EUR)": null, "DF (EUR)": null, "TAC A": null, "PAA (EUR)": null, "DA (EUR)": null, "TAC C": null, "PAC (EUR)": null, "DC (EUR)": null, "TAC MI": null, "PAMI (EUR)": null, "DMI (EUR)": null, " TAC MP": null, "PAMP (EUR)": null, "DMP (EUR)": null }, "geometry": null },
{ "type": "Feature", "properties": { "Année": 2025, "Mois": "Juin", "UC": "UCR-B", "TAG": null, "NAP": null, "NAA": null, "NAC": null, "NAD": null, "TAR 1": null, "TAR 2": null, "TAR 1.1": null, "TAR 1.2": null, "TAR 2.1": null, "TAR 2.2": null, "TAA 1.1.1": null, "TAA 1.1.2": null, "TAA 1.1.3": null, "TAA 1.1.4": null, "TAA 1.2.1": null, "TAA 1.2.2": null, "TAA 1.2.3": null, "TAA 1.2.4": null, "TAA 2.1.1": null, "TAA 2.1.2": null, "TAA 2.1.3": null, "TAA 2.1.4": null, "TAA 2.2.1": null, "TAA 2.2.2": null, "TAA 2.2.3": null, "TAA 2.2.4": null, "DC": 3473815.24, "BT": 34500000, "TD": 0.10069029681159419, "BD 2024 (EUR)": 715524.94, "BD 2024 (%)": 0.020739853333333332, "BD 2025 (EUR)": 2758290.3, "BD 2025 (%)": 0.079950443478260858, "BD 2026 (EUR)": 96537.81, "BD 2026 (%)": 0.002798197391304348, "BD 2027 (EUR)": null, "BD 2027 (%)": null, "BD 2028 (EUR)": null, "BD 2028 (%)": null, "BD 2029 (EUR)": null, "BD 2029 (%)": null, "BD 2030 (EUR)": null, "BD 2030 (%)": null, "BD C1 (EUR)": null, "BD C1 (%)": null, "BD C2 (EUR)": null, "BD C2 (%)": null, "BD C3 (EUR)": null, "BD C3 (%)": null, "BD C4 (EUR)": null, "BD C4 (%)": null, "BDF (EUR)": null, "BDF (%)": null, "BDA (EUR)": null, "BDA (%)": null, "BDC (EUR)": null, "BDC (%)": null, "BDMI (EUR)": null, "BDMI (%)": null, "BDMP (EUR)": null, "BDMP (%)": null, "BDS (EUR)": null, "BDS (%)": null, "TAC": null, "PA (EUR)": null, "D (EUR)": null, "TAC  C1": null, "PA C1 (EUR)": null, "D C1 (EUR)": null, "TAC C2": null, "PA C2 (EUR)": null, "D C2 (EUR)": null, "TAC  C3": null, "PA C3 (EUR)": null, "D C3 (EUR)": null, "TAC C4": null, "PA C4 (EUR)": null, "D C4 (EUR)": null, "TAC F": null, "PAF (EUR)": null, "DF (EUR)": null, "TAC A": null, "PAA (EUR)": null, "DA (EUR)": null, "TAC C": null, "PAC (EUR)": null, "DC (EUR)": null, "TAC MI": null, "PAMI (EUR)": null, "DMI (EUR)": null, " TAC MP": null, "PAMP (EUR)": null, "DMP (EUR)": null }, "geometry": null },
{ "type": "Feature", "properties": { "Année": 2025, "Mois": "Juillet", "UC": "UCR-B", "TAG": null, "NAP": null, "NAA": null, "NAC": null, "NAD": null, "TAR 1": null, "TAR 2": null, "TAR 1.1": null, "TAR 1.2": null, "TAR 2.1": null, "TAR 2.2": null, "TAA 1.1.1": null, "TAA 1.1.2": null, "TAA 1.1.3": null, "TAA 1.1.4": null, "TAA 1.2.1": null, "TAA 1.2.2": null, "TAA 1.2.3": null, "TAA 1.2.4": null, "TAA 2.1.1": null, "TAA 2.1.2": null, "TAA 2.1.3": null, "TAA 2.1.4": null, "TAA 2.2.1": null, "TAA 2.2.2": null, "TAA 2.2.3": null, "TAA 2.2.4": null, "DC": 3473815.24, "BT": 34500000, "TD": 0.10069029681159419, "BD 2024 (EUR)": 715524.94, "BD 2024 (%)": 0.020739853333333332, "BD 2025 (EUR)": 2758290.3, "BD 2025 (%)": 0.079950443478260858, "BD 2026 (EUR)": 96537.81, "BD 2026 (%)": 0.002798197391304348, "BD 2027 (EUR)": null, "BD 2027 (%)": null, "BD 2028 (EUR)": null, "BD 2028 (%)": null, "BD 2029 (EUR)": null, "BD 2029 (%)": null, "BD 2030 (EUR)": null, "BD 2030 (%)": null, "BD C1 (EUR)": null, "BD C1 (%)": null, "BD C2 (EUR)": null, "BD C2 (%)": null, "BD C3 (EUR)": null, "BD C3 (%)": null, "BD C4 (EUR)": null, "BD C4 (%)": null, "BDF (EUR)": null, "BDF (%)": null, "BDA (EUR)": null, "BDA (%)": null, "BDC (EUR)": null, "BDC (%)": null, "BDMI (EUR)": null, "BDMI (%)": null, "BDMP (EUR)": null, "BDMP (%)": null, "BDS (EUR)": null, "BDS (%)": null, "TAC": null, "PA (EUR)": null, "D (EUR)": null, "TAC  C1": null, "PA C1 (EUR)": null, "D C1 (EUR)": null, "TAC C2": null, "PA C2 (EUR)": null, "D C2 (EUR)": null, "TAC  C3": null, "PA C3 (EUR)": null, "D C3 (EUR)": null, "TAC C4": null, "PA C4 (EUR)": null, "D C4 (EUR)": null, "TAC F": null, "PAF (EUR)": null, "DF (EUR)": null, "TAC A": null, "PAA (EUR)": null, "DA (EUR)": null, "TAC C": null, "PAC (EUR)": null, "DC (EUR)": null, "TAC MI": null, "PAMI (EUR)": null, "DMI (EUR)": null, " TAC MP": null, "PAMP (EUR)": null, "DMP (EUR)": null }, "geometry": null },
{ "type": "Feature", "properties": { "Année": 2025, "Mois": "Août", "UC": "UCR-B", "TAG": null, "NAP": null, "NAA": null, "NAC": null, "NAD": null, "TAR 1": null, "TAR 2": null, "TAR 1.1": null, "TAR 1.2": null, "TAR 2.1": null, "TAR 2.2": null, "TAA 1.1.1": null, "TAA 1.1.2": null, "TAA 1.1.3": null, "TAA 1.1.4": null, "TAA 1.2.1": null, "TAA 1.2.2": null, "TAA 1.2.3": null, "TAA 1.2.4": null, "TAA 2.1.1": null, "TAA 2.1.2": null, "TAA 2.1.3": null, "TAA 2.1.4": null, "TAA 2.2.1": null, "TAA 2.2.2": null, "TAA 2.2.3": null, "TAA 2.2.4": null, "DC": 3473815.24, "BT": 34500000, "TD": 0.10069029681159419, "BD 2024 (EUR)": 715524.94, "BD 2024 (%)": 0.020739853333333332, "BD 2025 (EUR)": 2758290.3, "BD 2025 (%)": 0.079950443478260858, "BD 2026 (EUR)": 96537.81, "BD 2026 (%)": 0.002798197391304348, "BD 2027 (EUR)": null, "BD 2027 (%)": null, "BD 2028 (EUR)": null, "BD 2028 (%)": null, "BD 2029 (EUR)": null, "BD 2029 (%)": null, "BD 2030 (EUR)": null, "BD 2030 (%)": null, "BD C1 (EUR)": null, "BD C1 (%)": null, "BD C2 (EUR)": null, "BD C2 (%)": null, "BD C3 (EUR)": null, "BD C3 (%)": null, "BD C4 (EUR)": null, "BD C4 (%)": null, "BDF (EUR)": null, "BDF (%)": null, "BDA (EUR)": null, "BDA (%)": null, "BDC (EUR)": null, "BDC (%)": null, "BDMI (EUR)": null, "BDMI (%)": null, "BDMP (EUR)": null, "BDMP (%)": null, "BDS (EUR)": null, "BDS (%)": null, "TAC": null, "PA (EUR)": null, "D (EUR)": null, "TAC  C1": null, "PA C1 (EUR)": null, "D C1 (EUR)": null, "TAC C2": null, "PA C2 (EUR)": null, "D C2 (EUR)": null, "TAC  C3": null, "PA C3 (EUR)": null, "D C3 (EUR)": null, "TAC C4": null, "PA C4 (EUR)": null, "D C4 (EUR)": null, "TAC F": null, "PAF (EUR)": null, "DF (EUR)": null, "TAC A": null, "PAA (EUR)": null, "DA (EUR)": null, "TAC C": null, "PAC (EUR)": null, "DC (EUR)": null, "TAC MI": null, "PAMI (EUR)": null, "DMI (EUR)": null, " TAC MP": null, "PAMP (EUR)": null, "DMP (EUR)": null }, "geometry": null },
{ "type": "Feature", "properties": { "Année": 2025, "Mois": "Septembre", "UC": "UCR-B", "TAG": null, "NAP": null, "NAA": null, "NAC": null, "NAD": null, "TAR 1": null, "TAR 2": null, "TAR 1.1": null, "TAR 1.2": null, "TAR 2.1": null, "TAR 2.2": null, "TAA 1.1.1": null, "TAA 1.1.2": null, "TAA 1.1.3": null, "TAA 1.1.4": null, "TAA 1.2.1": null, "TAA 1.2.2": null, "TAA 1.2.3": null, "TAA 1.2.4": null, "TAA 2.1.1": null, "TAA 2.1.2": null, "TAA 2.1.3": null, "TAA 2.1.4": null, "TAA 2.2.1": null, "TAA 2.2.2": null, "TAA 2.2.3": null, "TAA 2.2.4": null, "DC": 3473815.24, "BT": 34500000, "TD": 0.10069029681159419, "BD 2024 (EUR)": 715524.94, "BD 2024 (%)": 0.020739853333333332, "BD 2025 (EUR)": 2758290.3, "BD 2025 (%)": 0.079950443478260858, "BD 2026 (EUR)": 96537.81, "BD 2026 (%)": 0.002798197391304348, "BD 2027 (EUR)": null, "BD 2027 (%)": null, "BD 2028 (EUR)": null, "BD 2028 (%)": null, "BD 2029 (EUR)": null, "BD 2029 (%)": null, "BD 2030 (EUR)": null, "BD 2030 (%)": null, "BD C1 (EUR)": null, "BD C1 (%)": null, "BD C2 (EUR)": null, "BD C2 (%)": null, "BD C3 (EUR)": null, "BD C3 (%)": null, "BD C4 (EUR)": null, "BD C4 (%)": null, "BDF (EUR)": null, "BDF (%)": null, "BDA (EUR)": null, "BDA (%)": null, "BDC (EUR)": null, "BDC (%)": null, "BDMI (EUR)": null, "BDMI (%)": null, "BDMP (EUR)": null, "BDMP (%)": null, "BDS (EUR)": null, "BDS (%)": null, "TAC": null, "PA (EUR)": null, "D (EUR)": null, "TAC  C1": null, "PA C1 (EUR)": null, "D C1 (EUR)": null, "TAC C2": null, "PA C2 (EUR)": null, "D C2 (EUR)": null, "TAC  C3": null, "PA C3 (EUR)": null, "D C3 (EUR)": null, "TAC C4": null, "PA C4 (EUR)": null, "D C4 (EUR)": null, "TAC F": null, "PAF (EUR)": null, "DF (EUR)": null, "TAC A": null, "PAA (EUR)": null, "DA (EUR)": null, "TAC C": null, "PAC (EUR)": null, "DC (EUR)": null, "TAC MI": null, "PAMI (EUR)": null, "DMI (EUR)": null, " TAC MP": null, "PAMP (EUR)": null, "DMP (EUR)": null }, "geometry": null },
{ "type": "Feature", "properties": { "Année": 2025, "Mois": "Octobre", "UC": "UCR-B", "TAG": null, "NAP": null, "NAA": null, "NAC": null, "NAD": null, "TAR 1": null, "TAR 2": null, "TAR 1.1": null, "TAR 1.2": null, "TAR 2.1": null, "TAR 2.2": null, "TAA 1.1.1": null, "TAA 1.1.2": null, "TAA 1.1.3": null, "TAA 1.1.4": null, "TAA 1.2.1": null, "TAA 1.2.2": null, "TAA 1.2.3": null, "TAA 1.2.4": null, "TAA 2.1.1": null, "TAA 2.1.2": null, "TAA 2.1.3": null, "TAA 2.1.4": null, "TAA 2.2.1": null, "TAA 2.2.2": null, "TAA 2.2.3": null, "TAA 2.2.4": null, "DC": 3473815.24, "BT": 34500000, "TD": 0.10069029681159419, "BD 2024 (EUR)": 715524.94, "BD 2024 (%)": 0.020739853333333332, "BD 2025 (EUR)": 2758290.3, "BD 2025 (%)": 0.079950443478260858, "BD 2026 (EUR)": 96537.81, "BD 2026 (%)": 0.002798197391304348, "BD 2027 (EUR)": null, "BD 2027 (%)": null, "BD 2028 (EUR)": null, "BD 2028 (%)": null, "BD 2029 (EUR)": null, "BD 2029 (%)": null, "BD 2030 (EUR)": null, "BD 2030 (%)": null, "BD C1 (EUR)": null, "BD C1 (%)": null, "BD C2 (EUR)": null, "BD C2 (%)": null, "BD C3 (EUR)": null, "BD C3 (%)": null, "BD C4 (EUR)": null, "BD C4 (%)": null, "BDF (EUR)": null, "BDF (%)": null, "BDA (EUR)": null, "BDA (%)": null, "BDC (EUR)": null, "BDC (%)": null, "BDMI (EUR)": null, "BDMI (%)": null, "BDMP (EUR)": null, "BDMP (%)": null, "BDS (EUR)": null, "BDS (%)": null, "TAC": null, "PA (EUR)": null, "D (EUR)": null, "TAC  C1": null, "PA C1 (EUR)": null, "D C1 (EUR)": null, "TAC C2": null, "PA C2 (EUR)": null, "D C2 (EUR)": null, "TAC  C3": null, "PA C3 (EUR)": null, "D C3 (EUR)": null, "TAC C4": null, "PA C4 (EUR)": null, "D C4 (EUR)": null, "TAC F": null, "PAF (EUR)": null, "DF (EUR)": null, "TAC A": null, "PAA (EUR)": null, "DA (EUR)": null, "TAC C": null, "PAC (EUR)": null, "DC (EUR)": null, "TAC MI": null, "PAMI (EUR)": null, "DMI (EUR)": null, " TAC MP": null, "PAMP (EUR)": null, "DMP (EUR)": null }, "geometry": null },
{ "type": "Feature", "properties": { "Année": 2025, "Mois": "Novembre", "UC": "UCR-B", "TAG": null, "NAP": null, "NAA": null, "NAC": null, "NAD": null, "TAR 1": null, "TAR 2": null, "TAR 1.1": null, "TAR 1.2": null, "TAR 2.1": null, "TAR 2.2": null, "TAA 1.1.1": null, "TAA 1.1.2": null, "TAA 1.1.3": null, "TAA 1.1.4": null, "TAA 1.2.1": null, "TAA 1.2.2": null, "TAA 1.2.3": null, "TAA 1.2.4": null, "TAA 2.1.1": null, "TAA 2.1.2": null, "TAA 2.1.3": null, "TAA 2.1.4": null, "TAA 2.2.1": null, "TAA 2.2.2": null, "TAA 2.2.3": null, "TAA 2.2.4": null, "DC": 3473815.24, "BT": 34500000, "TD": 0.10069029681159419, "BD 2024 (EUR)": 715524.94, "BD 2024 (%)": 0.020739853333333332, "BD 2025 (EUR)": 2758290.3, "BD 2025 (%)": 0.079950443478260858, "BD 2026 (EUR)": 96537.81, "BD 2026 (%)": 0.002798197391304348, "BD 2027 (EUR)": null, "BD 2027 (%)": null, "BD 2028 (EUR)": null, "BD 2028 (%)": null, "BD 2029 (EUR)": null, "BD 2029 (%)": null, "BD 2030 (EUR)": null, "BD 2030 (%)": null, "BD C1 (EUR)": null, "BD C1 (%)": null, "BD C2 (EUR)": null, "BD C2 (%)": null, "BD C3 (EUR)": null, "BD C3 (%)": null, "BD C4 (EUR)": null, "BD C4 (%)": null, "BDF (EUR)": null, "BDF (%)": null, "BDA (EUR)": null, "BDA (%)": null, "BDC (EUR)": null, "BDC (%)": null, "BDMI (EUR)": null, "BDMI (%)": null, "BDMP (EUR)": null, "BDMP (%)": null, "BDS (EUR)": null, "BDS (%)": null, "TAC": null, "PA (EUR)": null, "D (EUR)": null, "TAC  C1": null, "PA C1 (EUR)": null, "D C1 (EUR)": null, "TAC C2": null, "PA C2 (EUR)": null, "D C2 (EUR)": null, "TAC  C3": null, "PA C3 (EUR)": null, "D C3 (EUR)": null, "TAC C4": null, "PA C4 (EUR)": null, "D C4 (EUR)": null, "TAC F": null, "PAF (EUR)": null, "DF (EUR)": null, "TAC A": null, "PAA (EUR)": null, "DA (EUR)": null, "TAC C": null, "PAC (EUR)": null, "DC (EUR)": null, "TAC MI": null, "PAMI (EUR)": null, "DMI (EUR)": null, " TAC MP": null, "PAMP (EUR)": null, "DMP (EUR)": null }, "geometry": null },
{ "type": "Feature", "properties": { "Année": 2025, "Mois": "Décembre", "UC": "UCR-B", "TAG": null, "NAP": null, "NAA": null, "NAC": null, "NAD": null, "TAR 1": null, "TAR 2": null, "TAR 1.1": null, "TAR 1.2": null, "TAR 2.1": null, "TAR 2.2": null, "TAA 1.1.1": null, "TAA 1.1.2": null, "TAA 1.1.3": null, "TAA 1.1.4": null, "TAA 1.2.1": null, "TAA 1.2.2": null, "TAA 1.2.3": null, "TAA 1.2.4": null, "TAA 2.1.1": null, "TAA 2.1.2": null, "TAA 2.1.3": null, "TAA 2.1.4": null, "TAA 2.2.1": null, "TAA 2.2.2": null, "TAA 2.2.3": null, "TAA 2.2.4": null, "DC": 3473815.24, "BT": 34500000, "TD": 0.10069029681159419, "BD 2024 (EUR)": 715524.94, "BD 2024 (%)": 0.020739853333333332, "BD 2025 (EUR)": 2758290.3, "BD 2025 (%)": 0.079950443478260858, "BD 2026 (EUR)": 96537.81, "BD 2026 (%)": 0.002798197391304348, "BD 2027 (EUR)": null, "BD 2027 (%)": null, "BD 2028 (EUR)": null, "BD 2028 (%)": null, "BD 2029 (EUR)": null, "BD 2029 (%)": null, "BD 2030 (EUR)": null, "BD 2030 (%)": null, "BD C1 (EUR)": null, "BD C1 (%)": null, "BD C2 (EUR)": null, "BD C2 (%)": null, "BD C3 (EUR)": null, "BD C3 (%)": null, "BD C4 (EUR)": null, "BD C4 (%)": null, "BDF (EUR)": null, "BDF (%)": null, "BDA (EUR)": null, "BDA (%)": null, "BDC (EUR)": null, "BDC (%)": null, "BDMI (EUR)": null, "BDMI (%)": null, "BDMP (EUR)": null, "BDMP (%)": null, "BDS (EUR)": null, "BDS (%)": null, "TAC": null, "PA (EUR)": null, "D (EUR)": null, "TAC  C1": null, "PA C1 (EUR)": null, "D C1 (EUR)": null, "TAC C2": null, "PA C2 (EUR)": null, "D C2 (EUR)": null, "TAC  C3": null, "PA C3 (EUR)": null, "D C3 (EUR)": null, "TAC C4": null, "PA C4 (EUR)": null, "D C4 (EUR)": null, "TAC F": null, "PAF (EUR)": null, "DF (EUR)": null, "TAC A": null, "PAA (EUR)": null, "DA (EUR)": null, "TAC C": null, "PAC (EUR)": null, "DC (EUR)": null, "TAC MI": null, "PAMI (EUR)": null, "DMI (EUR)": null, " TAC MP": null, "PAMP (EUR)": null, "DMP (EUR)": null }, "geometry": null },
{ "type": "Feature", "properties": { "Année": 2025, "Mois": "Janvier", "UC": "UCR-D", "TAG": null, "NAP": null, "NAA": null, "NAC": null, "NAD": null, "TAR 1": null, "TAR 2": null, "TAR 1.1": null, "TAR 1.2": null, "TAR 2.1": null, "TAR 2.2": null, "TAA 1.1.1": null, "TAA 1.1.2": null, "TAA 1.1.3": null, "TAA 1.1.4": null, "TAA 1.2.1": null, "TAA 1.2.2": null, "TAA 1.2.3": null, "TAA 1.2.4": null, "TAA 2.1.1": null, "TAA 2.1.2": null, "TAA 2.1.3": null, "TAA 2.1.4": null, "TAA 2.2.1": null, "TAA 2.2.2": null, "TAA 2.2.3": null, "TAA 2.2.4": null, "DC": 3473815.24, "BT": 34500000, "TD": 0.10069029681159419, "BD 2024 (EUR)": 715524.94, "BD 2024 (%)": 0.020739853333333332, "BD 2025 (EUR)": 2758290.3, "BD 2025 (%)": 0.079950443478260858, "BD 2026 (EUR)": 96537.81, "BD 2026 (%)": 0.002798197391304348, "BD 2027 (EUR)": null, "BD 2027 (%)": null, "BD 2028 (EUR)": null, "BD 2028 (%)": null, "BD 2029 (EUR)": null, "BD 2029 (%)": null, "BD 2030 (EUR)": null, "BD 2030 (%)": null, "BD C1 (EUR)": null, "BD C1 (%)": null, "BD C2 (EUR)": null, "BD C2 (%)": null, "BD C3 (EUR)": null, "BD C3 (%)": null, "BD C4 (EUR)": null, "BD C4 (%)": null, "BDF (EUR)": null, "BDF (%)": null, "BDA (EUR)": null, "BDA (%)": null, "BDC (EUR)": null, "BDC (%)": null, "BDMI (EUR)": null, "BDMI (%)": null, "BDMP (EUR)": null, "BDMP (%)": null, "BDS (EUR)": null, "BDS (%)": null, "TAC": null, "PA (EUR)": null, "D (EUR)": null, "TAC  C1": null, "PA C1 (EUR)": null, "D C1 (EUR)": null, "TAC C2": null, "PA C2 (EUR)": null, "D C2 (EUR)": null, "TAC  C3": null, "PA C3 (EUR)": null, "D C3 (EUR)": null, "TAC C4": null, "PA C4 (EUR)": null, "D C4 (EUR)": null, "TAC F": null, "PAF (EUR)": null, "DF (EUR)": null, "TAC A": null, "PAA (EUR)": null, "DA (EUR)": null, "TAC C": null, "PAC (EUR)": null, "DC (EUR)": null, "TAC MI": null, "PAMI (EUR)": null, "DMI (EUR)": null, " TAC MP": null, "PAMP (EUR)": null, "DMP (EUR)": null }, "geometry": null },
{ "type": "Feature", "properties": { "Année": 2025, "Mois": "Février", "UC": "UCR-D", "TAG": null, "NAP": null, "NAA": null, "NAC": null, "NAD": null, "TAR 1": null, "TAR 2": null, "TAR 1.1": null, "TAR 1.2": null, "TAR 2.1": null, "TAR 2.2": null, "TAA 1.1.1": null, "TAA 1.1.2": null, "TAA 1.1.3": null, "TAA 1.1.4": null, "TAA 1.2.1": null, "TAA 1.2.2": null, "TAA 1.2.3": null, "TAA 1.2.4": null, "TAA 2.1.1": null, "TAA 2.1.2": null, "TAA 2.1.3": null, "TAA 2.1.4": null, "TAA 2.2.1": null, "TAA 2.2.2": null, "TAA 2.2.3": null, "TAA 2.2.4": null, "DC": 3473815.24, "BT": 34500000, "TD": 0.10069029681159419, "BD 2024 (EUR)": 715524.94, "BD 2024 (%)": 0.020739853333333332, "BD 2025 (EUR)": 2758290.3, "BD 2025 (%)": 0.079950443478260858, "BD 2026 (EUR)": 96537.81, "BD 2026 (%)": 0.002798197391304348, "BD 2027 (EUR)": null, "BD 2027 (%)": null, "BD 2028 (EUR)": null, "BD 2028 (%)": null, "BD 2029 (EUR)": null, "BD 2029 (%)": null, "BD 2030 (EUR)": null, "BD 2030 (%)": null, "BD C1 (EUR)": null, "BD C1 (%)": null, "BD C2 (EUR)": null, "BD C2 (%)": null, "BD C3 (EUR)": null, "BD C3 (%)": null, "BD C4 (EUR)": null, "BD C4 (%)": null, "BDF (EUR)": null, "BDF (%)": null, "BDA (EUR)": null, "BDA (%)": null, "BDC (EUR)": null, "BDC (%)": null, "BDMI (EUR)": null, "BDMI (%)": null, "BDMP (EUR)": null, "BDMP (%)": null, "BDS (EUR)": null, "BDS (%)": null, "TAC": null, "PA (EUR)": null, "D (EUR)": null, "TAC  C1": null, "PA C1 (EUR)": null, "D C1 (EUR)": null, "TAC C2": null, "PA C2 (EUR)": null, "D C2 (EUR)": null, "TAC  C3": null, "PA C3 (EUR)": null, "D C3 (EUR)": null, "TAC C4": null, "PA C4 (EUR)": null, "D C4 (EUR)": null, "TAC F": null, "PAF (EUR)": null, "DF (EUR)": null, "TAC A": null, "PAA (EUR)": null, "DA (EUR)": null, "TAC C": null, "PAC (EUR)": null, "DC (EUR)": null, "TAC MI": null, "PAMI (EUR)": null, "DMI (EUR)": null, " TAC MP": null, "PAMP (EUR)": null, "DMP (EUR)": null }, "geometry": null },
{ "type": "Feature", "properties": { "Année": 2025, "Mois": "Mars", "UC": "UCR-D", "TAG": null, "NAP": null, "NAA": null, "NAC": null, "NAD": null, "TAR 1": null, "TAR 2": null, "TAR 1.1": null, "TAR 1.2": null, "TAR 2.1": null, "TAR 2.2": null, "TAA 1.1.1": null, "TAA 1.1.2": null, "TAA 1.1.3": null, "TAA 1.1.4": null, "TAA 1.2.1": null, "TAA 1.2.2": null, "TAA 1.2.3": null, "TAA 1.2.4": null, "TAA 2.1.1": null, "TAA 2.1.2": null, "TAA 2.1.3": null, "TAA 2.1.4": null, "TAA 2.2.1": null, "TAA 2.2.2": null, "TAA 2.2.3": null, "TAA 2.2.4": null, "DC": 3473815.24, "BT": 34500000, "TD": 0.10069029681159419, "BD 2024 (EUR)": 715524.94, "BD 2024 (%)": 0.020739853333333332, "BD 2025 (EUR)": 2758290.3, "BD 2025 (%)": 0.079950443478260858, "BD 2026 (EUR)": 96537.81, "BD 2026 (%)": 0.002798197391304348, "BD 2027 (EUR)": null, "BD 2027 (%)": null, "BD 2028 (EUR)": null, "BD 2028 (%)": null, "BD 2029 (EUR)": null, "BD 2029 (%)": null, "BD 2030 (EUR)": null, "BD 2030 (%)": null, "BD C1 (EUR)": null, "BD C1 (%)": null, "BD C2 (EUR)": null, "BD C2 (%)": null, "BD C3 (EUR)": null, "BD C3 (%)": null, "BD C4 (EUR)": null, "BD C4 (%)": null, "BDF (EUR)": null, "BDF (%)": null, "BDA (EUR)": null, "BDA (%)": null, "BDC (EUR)": null, "BDC (%)": null, "BDMI (EUR)": null, "BDMI (%)": null, "BDMP (EUR)": null, "BDMP (%)": null, "BDS (EUR)": null, "BDS (%)": null, "TAC": null, "PA (EUR)": null, "D (EUR)": null, "TAC  C1": null, "PA C1 (EUR)": null, "D C1 (EUR)": null, "TAC C2": null, "PA C2 (EUR)": null, "D C2 (EUR)": null, "TAC  C3": null, "PA C3 (EUR)": null, "D C3 (EUR)": null, "TAC C4": null, "PA C4 (EUR)": null, "D C4 (EUR)": null, "TAC F": null, "PAF (EUR)": null, "DF (EUR)": null, "TAC A": null, "PAA (EUR)": null, "DA (EUR)": null, "TAC C": null, "PAC (EUR)": null, "DC (EUR)": null, "TAC MI": null, "PAMI (EUR)": null, "DMI (EUR)": null, " TAC MP": null, "PAMP (EUR)": null, "DMP (EUR)": null }, "geometry": null },
{ "type": "Feature", "properties": { "Année": 2025, "Mois": "Avril", "UC": "UCR-D", "TAG": null, "NAP": null, "NAA": null, "NAC": null, "NAD": null, "TAR 1": null, "TAR 2": null, "TAR 1.1": null, "TAR 1.2": null, "TAR 2.1": null, "TAR 2.2": null, "TAA 1.1.1": null, "TAA 1.1.2": null, "TAA 1.1.3": null, "TAA 1.1.4": null, "TAA 1.2.1": null, "TAA 1.2.2": null, "TAA 1.2.3": null, "TAA 1.2.4": null, "TAA 2.1.1": null, "TAA 2.1.2": null, "TAA 2.1.3": null, "TAA 2.1.4": null, "TAA 2.2.1": null, "TAA 2.2.2": null, "TAA 2.2.3": null, "TAA 2.2.4": null, "DC": 3473815.24, "BT": 34500000, "TD": 0.10069029681159419, "BD 2024 (EUR)": 715524.94, "BD 2024 (%)": 0.020739853333333332, "BD 2025 (EUR)": 2758290.3, "BD 2025 (%)": 0.079950443478260858, "BD 2026 (EUR)": 96537.81, "BD 2026 (%)": 0.002798197391304348, "BD 2027 (EUR)": null, "BD 2027 (%)": null, "BD 2028 (EUR)": null, "BD 2028 (%)": null, "BD 2029 (EUR)": null, "BD 2029 (%)": null, "BD 2030 (EUR)": null, "BD 2030 (%)": null, "BD C1 (EUR)": null, "BD C1 (%)": null, "BD C2 (EUR)": null, "BD C2 (%)": null, "BD C3 (EUR)": null, "BD C3 (%)": null, "BD C4 (EUR)": null, "BD C4 (%)": null, "BDF (EUR)": null, "BDF (%)": null, "BDA (EUR)": null, "BDA (%)": null, "BDC (EUR)": null, "BDC (%)": null, "BDMI (EUR)": null, "BDMI (%)": null, "BDMP (EUR)": null, "BDMP (%)": null, "BDS (EUR)": null, "BDS (%)": null, "TAC": null, "PA (EUR)": null, "D (EUR)": null, "TAC  C1": null, "PA C1 (EUR)": null, "D C1 (EUR)": null, "TAC C2": null, "PA C2 (EUR)": null, "D C2 (EUR)": null, "TAC  C3": null, "PA C3 (EUR)": null, "D C3 (EUR)": null, "TAC C4": null, "PA C4 (EUR)": null, "D C4 (EUR)": null, "TAC F": null, "PAF (EUR)": null, "DF (EUR)": null, "TAC A": null, "PAA (EUR)": null, "DA (EUR)": null, "TAC C": null, "PAC (EUR)": null, "DC (EUR)": null, "TAC MI": null, "PAMI (EUR)": null, "DMI (EUR)": null, " TAC MP": null, "PAMP (EUR)": null, "DMP (EUR)": null }, "geometry": null },
{ "type": "Feature", "properties": { "Année": 2025, "Mois": "Mai", "UC": "UCR-D", "TAG": null, "NAP": null, "NAA": null, "NAC": null, "NAD": null, "TAR 1": null, "TAR 2": null, "TAR 1.1": null, "TAR 1.2": null, "TAR 2.1": null, "TAR 2.2": null, "TAA 1.1.1": null, "TAA 1.1.2": null, "TAA 1.1.3": null, "TAA 1.1.4": null, "TAA 1.2.1": null, "TAA 1.2.2": null, "TAA 1.2.3": null, "TAA 1.2.4": null, "TAA 2.1.1": null, "TAA 2.1.2": null, "TAA 2.1.3": null, "TAA 2.1.4": null, "TAA 2.2.1": null, "TAA 2.2.2": null, "TAA 2.2.3": null, "TAA 2.2.4": null, "DC": 3473815.24, "BT": 34500000, "TD": 0.10069029681159419, "BD 2024 (EUR)": 715524.94, "BD 2024 (%)": 0.020739853333333332, "BD 2025 (EUR)": 2758290.3, "BD 2025 (%)": 0.079950443478260858, "BD 2026 (EUR)": 96537.81, "BD 2026 (%)": 0.002798197391304348, "BD 2027 (EUR)": null, "BD 2027 (%)": null, "BD 2028 (EUR)": null, "BD 2028 (%)": null, "BD 2029 (EUR)": null, "BD 2029 (%)": null, "BD 2030 (EUR)": null, "BD 2030 (%)": null, "BD C1 (EUR)": null, "BD C1 (%)": null, "BD C2 (EUR)": null, "BD C2 (%)": null, "BD C3 (EUR)": null, "BD C3 (%)": null, "BD C4 (EUR)": null, "BD C4 (%)": null, "BDF (EUR)": null, "BDF (%)": null, "BDA (EUR)": null, "BDA (%)": null, "BDC (EUR)": null, "BDC (%)": null, "BDMI (EUR)": null, "BDMI (%)": null, "BDMP (EUR)": null, "BDMP (%)": null, "BDS (EUR)": null, "BDS (%)": null, "TAC": null, "PA (EUR)": null, "D (EUR)": null, "TAC  C1": null, "PA C1 (EUR)": null, "D C1 (EUR)": null, "TAC C2": null, "PA C2 (EUR)": null, "D C2 (EUR)": null, "TAC  C3": null, "PA C3 (EUR)": null, "D C3 (EUR)": null, "TAC C4": null, "PA C4 (EUR)": null, "D C4 (EUR)": null, "TAC F": null, "PAF (EUR)": null, "DF (EUR)": null, "TAC A": null, "PAA (EUR)": null, "DA (EUR)": null, "TAC C": null, "PAC (EUR)": null, "DC (EUR)": null, "TAC MI": null, "PAMI (EUR)": null, "DMI (EUR)": null, " TAC MP": null, "PAMP (EUR)": null, "DMP (EUR)": null }, "geometry": null },
{ "type": "Feature", "properties": { "Année": 2025, "Mois": "Juin", "UC": "UCR-D", "TAG": null, "NAP": null, "NAA": null, "NAC": null, "NAD": null, "TAR 1": null, "TAR 2": null, "TAR 1.1": null, "TAR 1.2": null, "TAR 2.1": null, "TAR 2.2": null, "TAA 1.1.1": null, "TAA 1.1.2": null, "TAA 1.1.3": null, "TAA 1.1.4": null, "TAA 1.2.1": null, "TAA 1.2.2": null, "TAA 1.2.3": null, "TAA 1.2.4": null, "TAA 2.1.1": null, "TAA 2.1.2": null, "TAA 2.1.3": null, "TAA 2.1.4": null, "TAA 2.2.1": null, "TAA 2.2.2": null, "TAA 2.2.3": null, "TAA 2.2.4": null, "DC": 3473815.24, "BT": 34500000, "TD": 0.10069029681159419, "BD 2024 (EUR)": 715524.94, "BD 2024 (%)": 0.020739853333333332, "BD 2025 (EUR)": 2758290.3, "BD 2025 (%)": 0.079950443478260858, "BD 2026 (EUR)": 96537.81, "BD 2026 (%)": 0.002798197391304348, "BD 2027 (EUR)": null, "BD 2027 (%)": null, "BD 2028 (EUR)": null, "BD 2028 (%)": null, "BD 2029 (EUR)": null, "BD 2029 (%)": null, "BD 2030 (EUR)": null, "BD 2030 (%)": null, "BD C1 (EUR)": null, "BD C1 (%)": null, "BD C2 (EUR)": null, "BD C2 (%)": null, "BD C3 (EUR)": null, "BD C3 (%)": null, "BD C4 (EUR)": null, "BD C4 (%)": null, "BDF (EUR)": null, "BDF (%)": null, "BDA (EUR)": null, "BDA (%)": null, "BDC (EUR)": null, "BDC (%)": null, "BDMI (EUR)": null, "BDMI (%)": null, "BDMP (EUR)": null, "BDMP (%)": null, "BDS (EUR)": null, "BDS (%)": null, "TAC": null, "PA (EUR)": null, "D (EUR)": null, "TAC  C1": null, "PA C1 (EUR)": null, "D C1 (EUR)": null, "TAC C2": null, "PA C2 (EUR)": null, "D C2 (EUR)": null, "TAC  C3": null, "PA C3 (EUR)": null, "D C3 (EUR)": null, "TAC C4": null, "PA C4 (EUR)": null, "D C4 (EUR)": null, "TAC F": null, "PAF (EUR)": null, "DF (EUR)": null, "TAC A": null, "PAA (EUR)": null, "DA (EUR)": null, "TAC C": null, "PAC (EUR)": null, "DC (EUR)": null, "TAC MI": null, "PAMI (EUR)": null, "DMI (EUR)": null, " TAC MP": null, "PAMP (EUR)": null, "DMP (EUR)": null }, "geometry": null },
{ "type": "Feature", "properties": { "Année": 2025, "Mois": "Juillet", "UC": "UCR-D", "TAG": null, "NAP": null, "NAA": null, "NAC": null, "NAD": null, "TAR 1": null, "TAR 2": null, "TAR 1.1": null, "TAR 1.2": null, "TAR 2.1": null, "TAR 2.2": null, "TAA 1.1.1": null, "TAA 1.1.2": null, "TAA 1.1.3": null, "TAA 1.1.4": null, "TAA 1.2.1": null, "TAA 1.2.2": null, "TAA 1.2.3": null, "TAA 1.2.4": null, "TAA 2.1.1": null, "TAA 2.1.2": null, "TAA 2.1.3": null, "TAA 2.1.4": null, "TAA 2.2.1": null, "TAA 2.2.2": null, "TAA 2.2.3": null, "TAA 2.2.4": null, "DC": 3473815.24, "BT": 34500000, "TD": 0.10069029681159419, "BD 2024 (EUR)": 715524.94, "BD 2024 (%)": 0.020739853333333332, "BD 2025 (EUR)": 2758290.3, "BD 2025 (%)": 0.079950443478260858, "BD 2026 (EUR)": 96537.81, "BD 2026 (%)": 0.002798197391304348, "BD 2027 (EUR)": null, "BD 2027 (%)": null, "BD 2028 (EUR)": null, "BD 2028 (%)": null, "BD 2029 (EUR)": null, "BD 2029 (%)": null, "BD 2030 (EUR)": null, "BD 2030 (%)": null, "BD C1 (EUR)": null, "BD C1 (%)": null, "BD C2 (EUR)": null, "BD C2 (%)": null, "BD C3 (EUR)": null, "BD C3 (%)": null, "BD C4 (EUR)": null, "BD C4 (%)": null, "BDF (EUR)": null, "BDF (%)": null, "BDA (EUR)": null, "BDA (%)": null, "BDC (EUR)": null, "BDC (%)": null, "BDMI (EUR)": null, "BDMI (%)": null, "BDMP (EUR)": null, "BDMP (%)": null, "BDS (EUR)": null, "BDS (%)": null, "TAC": null, "PA (EUR)": null, "D (EUR)": null, "TAC  C1": null, "PA C1 (EUR)": null, "D C1 (EUR)": null, "TAC C2": null, "PA C2 (EUR)": null, "D C2 (EUR)": null, "TAC  C3": null, "PA C3 (EUR)": null, "D C3 (EUR)": null, "TAC C4": null, "PA C4 (EUR)": null, "D C4 (EUR)": null, "TAC F": null, "PAF (EUR)": null, "DF (EUR)": null, "TAC A": null, "PAA (EUR)": null, "DA (EUR)": null, "TAC C": null, "PAC (EUR)": null, "DC (EUR)": null, "TAC MI": null, "PAMI (EUR)": null, "DMI (EUR)": null, " TAC MP": null, "PAMP (EUR)": null, "DMP (EUR)": null }, "geometry": null },
{ "type": "Feature", "properties": { "Année": 2025, "Mois": "Août", "UC": "UCR-D", "TAG": null, "NAP": null, "NAA": null, "NAC": null, "NAD": null, "TAR 1": null, "TAR 2": null, "TAR 1.1": null, "TAR 1.2": null, "TAR 2.1": null, "TAR 2.2": null, "TAA 1.1.1": null, "TAA 1.1.2": null, "TAA 1.1.3": null, "TAA 1.1.4": null, "TAA 1.2.1": null, "TAA 1.2.2": null, "TAA 1.2.3": null, "TAA 1.2.4": null, "TAA 2.1.1": null, "TAA 2.1.2": null, "TAA 2.1.3": null, "TAA 2.1.4": null, "TAA 2.2.1": null, "TAA 2.2.2": null, "TAA 2.2.3": null, "TAA 2.2.4": null, "DC": 3473815.24, "BT": 34500000, "TD": 0.10069029681159419, "BD 2024 (EUR)": 715524.94, "BD 2024 (%)": 0.020739853333333332, "BD 2025 (EUR)": 2758290.3, "BD 2025 (%)": 0.079950443478260858, "BD 2026 (EUR)": 96537.81, "BD 2026 (%)": 0.002798197391304348, "BD 2027 (EUR)": null, "BD 2027 (%)": null, "BD 2028 (EUR)": null, "BD 2028 (%)": null, "BD 2029 (EUR)": null, "BD 2029 (%)": null, "BD 2030 (EUR)": null, "BD 2030 (%)": null, "BD C1 (EUR)": null, "BD C1 (%)": null, "BD C2 (EUR)": null, "BD C2 (%)": null, "BD C3 (EUR)": null, "BD C3 (%)": null, "BD C4 (EUR)": null, "BD C4 (%)": null, "BDF (EUR)": null, "BDF (%)": null, "BDA (EUR)": null, "BDA (%)": null, "BDC (EUR)": null, "BDC (%)": null, "BDMI (EUR)": null, "BDMI (%)": null, "BDMP (EUR)": null, "BDMP (%)": null, "BDS (EUR)": null, "BDS (%)": null, "TAC": null, "PA (EUR)": null, "D (EUR)": null, "TAC  C1": null, "PA C1 (EUR)": null, "D C1 (EUR)": null, "TAC C2": null, "PA C2 (EUR)": null, "D C2 (EUR)": null, "TAC  C3": null, "PA C3 (EUR)": null, "D C3 (EUR)": null, "TAC C4": null, "PA C4 (EUR)": null, "D C4 (EUR)": null, "TAC F": null, "PAF (EUR)": null, "DF (EUR)": null, "TAC A": null, "PAA (EUR)": null, "DA (EUR)": null, "TAC C": null, "PAC (EUR)": null, "DC (EUR)": null, "TAC MI": null, "PAMI (EUR)": null, "DMI (EUR)": null, " TAC MP": null, "PAMP (EUR)": null, "DMP (EUR)": null }, "geometry": null },
{ "type": "Feature", "properties": { "Année": 2025, "Mois": "Septembre", "UC": "UCR-D", "TAG": null, "NAP": null, "NAA": null, "NAC": null, "NAD": null, "TAR 1": null, "TAR 2": null, "TAR 1.1": null, "TAR 1.2": null, "TAR 2.1": null, "TAR 2.2": null, "TAA 1.1.1": null, "TAA 1.1.2": null, "TAA 1.1.3": null, "TAA 1.1.4": null, "TAA 1.2.1": null, "TAA 1.2.2": null, "TAA 1.2.3": null, "TAA 1.2.4": null, "TAA 2.1.1": null, "TAA 2.1.2": null, "TAA 2.1.3": null, "TAA 2.1.4": null, "TAA 2.2.1": null, "TAA 2.2.2": null, "TAA 2.2.3": null, "TAA 2.2.4": null, "DC": 3473815.24, "BT": 34500000, "TD": 0.10069029681159419, "BD 2024 (EUR)": 715524.94, "BD 2024 (%)": 0.020739853333333332, "BD 2025 (EUR)": 2758290.3, "BD 2025 (%)": 0.079950443478260858, "BD 2026 (EUR)": 96537.81, "BD 2026 (%)": 0.002798197391304348, "BD 2027 (EUR)": null, "BD 2027 (%)": null, "BD 2028 (EUR)": null, "BD 2028 (%)": null, "BD 2029 (EUR)": null, "BD 2029 (%)": null, "BD 2030 (EUR)": null, "BD 2030 (%)": null, "BD C1 (EUR)": null, "BD C1 (%)": null, "BD C2 (EUR)": null, "BD C2 (%)": null, "BD C3 (EUR)": null, "BD C3 (%)": null, "BD C4 (EUR)": null, "BD C4 (%)": null, "BDF (EUR)": null, "BDF (%)": null, "BDA (EUR)": null, "BDA (%)": null, "BDC (EUR)": null, "BDC (%)": null, "BDMI (EUR)": null, "BDMI (%)": null, "BDMP (EUR)": null, "BDMP (%)": null, "BDS (EUR)": null, "BDS (%)": null, "TAC": null, "PA (EUR)": null, "D (EUR)": null, "TAC  C1": null, "PA C1 (EUR)": null, "D C1 (EUR)": null, "TAC C2": null, "PA C2 (EUR)": null, "D C2 (EUR)": null, "TAC  C3": null, "PA C3 (EUR)": null, "D C3 (EUR)": null, "TAC C4": null, "PA C4 (EUR)": null, "D C4 (EUR)": null, "TAC F": null, "PAF (EUR)": null, "DF (EUR)": null, "TAC A": null, "PAA (EUR)": null, "DA (EUR)": null, "TAC C": null, "PAC (EUR)": null, "DC (EUR)": null, "TAC MI": null, "PAMI (EUR)": null, "DMI (EUR)": null, " TAC MP": null, "PAMP (EUR)": null, "DMP (EUR)": null }, "geometry": null },
{ "type": "Feature", "properties": { "Année": 2025, "Mois": "Octobre", "UC": "UCR-D", "TAG": null, "NAP": null, "NAA": null, "NAC": null, "NAD": null, "TAR 1": null, "TAR 2": null, "TAR 1.1": null, "TAR 1.2": null, "TAR 2.1": null, "TAR 2.2": null, "TAA 1.1.1": null, "TAA 1.1.2": null, "TAA 1.1.3": null, "TAA 1.1.4": null, "TAA 1.2.1": null, "TAA 1.2.2": null, "TAA 1.2.3": null, "TAA 1.2.4": null, "TAA 2.1.1": null, "TAA 2.1.2": null, "TAA 2.1.3": null, "TAA 2.1.4": null, "TAA 2.2.1": null, "TAA 2.2.2": null, "TAA 2.2.3": null, "TAA 2.2.4": null, "DC": 3473815.24, "BT": 34500000, "TD": 0.10069029681159419, "BD 2024 (EUR)": 715524.94, "BD 2024 (%)": 0.020739853333333332, "BD 2025 (EUR)": 2758290.3, "BD 2025 (%)": 0.079950443478260858, "BD 2026 (EUR)": 96537.81, "BD 2026 (%)": 0.002798197391304348, "BD 2027 (EUR)": null, "BD 2027 (%)": null, "BD 2028 (EUR)": null, "BD 2028 (%)": null, "BD 2029 (EUR)": null, "BD 2029 (%)": null, "BD 2030 (EUR)": null, "BD 2030 (%)": null, "BD C1 (EUR)": null, "BD C1 (%)": null, "BD C2 (EUR)": null, "BD C2 (%)": null, "BD C3 (EUR)": null, "BD C3 (%)": null, "BD C4 (EUR)": null, "BD C4 (%)": null, "BDF (EUR)": null, "BDF (%)": null, "BDA (EUR)": null, "BDA (%)": null, "BDC (EUR)": null, "BDC (%)": null, "BDMI (EUR)": null, "BDMI (%)": null, "BDMP (EUR)": null, "BDMP (%)": null, "BDS (EUR)": null, "BDS (%)": null, "TAC": null, "PA (EUR)": null, "D (EUR)": null, "TAC  C1": null, "PA C1 (EUR)": null, "D C1 (EUR)": null, "TAC C2": null, "PA C2 (EUR)": null, "D C2 (EUR)": null, "TAC  C3": null, "PA C3 (EUR)": null, "D C3 (EUR)": null, "TAC C4": null, "PA C4 (EUR)": null, "D C4 (EUR)": null, "TAC F": null, "PAF (EUR)": null, "DF (EUR)": null, "TAC A": null, "PAA (EUR)": null, "DA (EUR)": null, "TAC C": null, "PAC (EUR)": null, "DC (EUR)": null, "TAC MI": null, "PAMI (EUR)": null, "DMI (EUR)": null, " TAC MP": null, "PAMP (EUR)": null, "DMP (EUR)": null }, "geometry": null },
{ "type": "Feature", "properties": { "Année": 2025, "Mois": "Novembre", "UC": "UCR-D", "TAG": null, "NAP": null, "NAA": null, "NAC": null, "NAD": null, "TAR 1": null, "TAR 2": null, "TAR 1.1": null, "TAR 1.2": null, "TAR 2.1": null, "TAR 2.2": null, "TAA 1.1.1": null, "TAA 1.1.2": null, "TAA 1.1.3": null, "TAA 1.1.4": null, "TAA 1.2.1": null, "TAA 1.2.2": null, "TAA 1.2.3": null, "TAA 1.2.4": null, "TAA 2.1.1": null, "TAA 2.1.2": null, "TAA 2.1.3": null, "TAA 2.1.4": null, "TAA 2.2.1": null, "TAA 2.2.2": null, "TAA 2.2.3": null, "TAA 2.2.4": null, "DC": 3473815.24, "BT": 34500000, "TD": 0.10069029681159419, "BD 2024 (EUR)": 715524.94, "BD 2024 (%)": 0.020739853333333332, "BD 2025 (EUR)": 2758290.3, "BD 2025 (%)": 0.079950443478260858, "BD 2026 (EUR)": 96537.81, "BD 2026 (%)": 0.002798197391304348, "BD 2027 (EUR)": null, "BD 2027 (%)": null, "BD 2028 (EUR)": null, "BD 2028 (%)": null, "BD 2029 (EUR)": null, "BD 2029 (%)": null, "BD 2030 (EUR)": null, "BD 2030 (%)": null, "BD C1 (EUR)": null, "BD C1 (%)": null, "BD C2 (EUR)": null, "BD C2 (%)": null, "BD C3 (EUR)": null, "BD C3 (%)": null, "BD C4 (EUR)": null, "BD C4 (%)": null, "BDF (EUR)": null, "BDF (%)": null, "BDA (EUR)": null, "BDA (%)": null, "BDC (EUR)": null, "BDC (%)": null, "BDMI (EUR)": null, "BDMI (%)": null, "BDMP (EUR)": null, "BDMP (%)": null, "BDS (EUR)": null, "BDS (%)": null, "TAC": null, "PA (EUR)": null, "D (EUR)": null, "TAC  C1": null, "PA C1 (EUR)": null, "D C1 (EUR)": null, "TAC C2": null, "PA C2 (EUR)": null, "D C2 (EUR)": null, "TAC  C3": null, "PA C3 (EUR)": null, "D C3 (EUR)": null, "TAC C4": null, "PA C4 (EUR)": null, "D C4 (EUR)": null, "TAC F": null, "PAF (EUR)": null, "DF (EUR)": null, "TAC A": null, "PAA (EUR)": null, "DA (EUR)": null, "TAC C": null, "PAC (EUR)": null, "DC (EUR)": null, "TAC MI": null, "PAMI (EUR)": null, "DMI (EUR)": null, " TAC MP": null, "PAMP (EUR)": null, "DMP (EUR)": null }, "geometry": null },
{ "type": "Feature", "properties": { "Année": 2025, "Mois": "Décembre", "UC": "UCR-D", "TAG": null, "NAP": null, "NAA": null, "NAC": null, "NAD": null, "TAR 1": null, "TAR 2": null, "TAR 1.1": null, "TAR 1.2": null, "TAR 2.1": null, "TAR 2.2": null, "TAA 1.1.1": null, "TAA 1.1.2": null, "TAA 1.1.3": null, "TAA 1.1.4": null, "TAA 1.2.1": null, "TAA 1.2.2": null, "TAA 1.2.3": null, "TAA 1.2.4": null, "TAA 2.1.1": null, "TAA 2.1.2": null, "TAA 2.1.3": null, "TAA 2.1.4": null, "TAA 2.2.1": null, "TAA 2.2.2": null, "TAA 2.2.3": null, "TAA 2.2.4": null, "DC": 3473815.24, "BT": 34500000, "TD": 0.10069029681159419, "BD 2024 (EUR)": 715524.94, "BD 2024 (%)": 0.020739853333333332, "BD 2025 (EUR)": 2758290.3, "BD 2025 (%)": 0.079950443478260858, "BD 2026 (EUR)": 96537.81, "BD 2026 (%)": 0.002798197391304348, "BD 2027 (EUR)": null, "BD 2027 (%)": null, "BD 2028 (EUR)": null, "BD 2028 (%)": null, "BD 2029 (EUR)": null, "BD 2029 (%)": null, "BD 2030 (EUR)": null, "BD 2030 (%)": null, "BD C1 (EUR)": null, "BD C1 (%)": null, "BD C2 (EUR)": null, "BD C2 (%)": null, "BD C3 (EUR)": null, "BD C3 (%)": null, "BD C4 (EUR)": null, "BD C4 (%)": null, "BDF (EUR)": null, "BDF (%)": null, "BDA (EUR)": null, "BDA (%)": null, "BDC (EUR)": null, "BDC (%)": null, "BDMI (EUR)": null, "BDMI (%)": null, "BDMP (EUR)": null, "BDMP (%)": null, "BDS (EUR)": null, "BDS (%)": null, "TAC": null, "PA (EUR)": null, "D (EUR)": null, "TAC  C1": null, "PA C1 (EUR)": null, "D C1 (EUR)": null, "TAC C2": null, "PA C2 (EUR)": null, "D C2 (EUR)": null, "TAC  C3": null, "PA C3 (EUR)": null, "D C3 (EUR)": null, "TAC C4": null, "PA C4 (EUR)": null, "D C4 (EUR)": null, "TAC F": null, "PAF (EUR)": null, "DF (EUR)": null, "TAC A": null, "PAA (EUR)": null, "DA (EUR)": null, "TAC C": null, "PAC (EUR)": null, "DC (EUR)": null, "TAC MI": null, "PAMI (EUR)": null, "DMI (EUR)": null, " TAC MP": null, "PAMP (EUR)": null, "DMP (EUR)": null }, "geometry": null },
{ "type": "Feature", "properties": { "Année": 2026, "Mois": "Janvier", "UC": "Tous", "TAG": null, "NAP": null, "NAA": null, "NAC": null, "NAD": null, "TAR 1": null, "TAR 2": null, "TAR 1.1": null, "TAR 1.2": null, "TAR 2.1": null, "TAR 2.2": null, "TAA 1.1.1": null, "TAA 1.1.2": null, "TAA 1.1.3": null, "TAA 1.1.4": null, "TAA 1.2.1": null, "TAA 1.2.2": null, "TAA 1.2.3": null, "TAA 1.2.4": null, "TAA 2.1.1": null, "TAA 2.1.2": null, "TAA 2.1.3": null, "TAA 2.1.4": null, "TAA 2.2.1": null, "TAA 2.2.2": null, "TAA 2.2.3": null, "TAA 2.2.4": null, "DC": 3570353.05, "BT": 34500000, "TD": 0.10348849420289855, "BD 2024 (EUR)": 715524.94, "BD 2024 (%)": 0.020739853333333332, "BD 2025 (EUR)": 2758290.3, "BD 2025 (%)": 0.079950443478260858, "BD 2026 (EUR)": 96537.81, "BD 2026 (%)": 0.002798197391304348, "BD 2027 (EUR)": null, "BD 2027 (%)": null, "BD 2028 (EUR)": null, "BD 2028 (%)": null, "BD 2029 (EUR)": null, "BD 2029 (%)": null, "BD 2030 (EUR)": null, "BD 2030 (%)": null, "BD C1 (EUR)": null, "BD C1 (%)": null, "BD C2 (EUR)": null, "BD C2 (%)": null, "BD C3 (EUR)": null, "BD C3 (%)": null, "BD C4 (EUR)": null, "BD C4 (%)": null, "BDF (EUR)": null, "BDF (%)": null, "BDA (EUR)": null, "BDA (%)": null, "BDC (EUR)": null, "BDC (%)": null, "BDMI (EUR)": null, "BDMI (%)": null, "BDMP (EUR)": null, "BDMP (%)": null, "BDS (EUR)": null, "BDS (%)": null, "TAC": null, "PA (EUR)": null, "D (EUR)": null, "TAC  C1": null, "PA C1 (EUR)": null, "D C1 (EUR)": null, "TAC C2": null, "PA C2 (EUR)": null, "D C2 (EUR)": null, "TAC  C3": null, "PA C3 (EUR)": null, "D C3 (EUR)": null, "TAC C4": null, "PA C4 (EUR)": null, "D C4 (EUR)": null, "TAC F": null, "PAF (EUR)": null, "DF (EUR)": null, "TAC A": null, "PAA (EUR)": null, "DA (EUR)": null, "TAC C": null, "PAC (EUR)": null, "DC (EUR)": null, "TAC MI": null, "PAMI (EUR)": null, "DMI (EUR)": null, " TAC MP": null, "PAMP (EUR)": null, "DMP (EUR)": null }, "geometry": null },
{ "type": "Feature", "properties": { "Année": 2026, "Mois": "Février", "UC": "Tous", "TAG": null, "NAP": null, "NAA": null, "NAC": null, "NAD": null, "TAR 1": null, "TAR 2": null, "TAR 1.1": null, "TAR 1.2": null, "TAR 2.1": null, "TAR 2.2": null, "TAA 1.1.1": null, "TAA 1.1.2": null, "TAA 1.1.3": null, "TAA 1.1.4": null, "TAA 1.2.1": null, "TAA 1.2.2": null, "TAA 1.2.3": null, "TAA 1.2.4": null, "TAA 2.1.1": null, "TAA 2.1.2": null, "TAA 2.1.3": null, "TAA 2.1.4": null, "TAA 2.2.1": null, "TAA 2.2.2": null, "TAA 2.2.3": null, "TAA 2.2.4": null, "DC": 3570353.05, "BT": 34500000, "TD": 0.10348849420289855, "BD 2024 (EUR)": 715524.94, "BD 2024 (%)": 0.020739853333333332, "BD 2025 (EUR)": 2758290.3, "BD 2025 (%)": 0.079950443478260858, "BD 2026 (EUR)": 96537.81, "BD 2026 (%)": 0.002798197391304348, "BD 2027 (EUR)": null, "BD 2027 (%)": null, "BD 2028 (EUR)": null, "BD 2028 (%)": null, "BD 2029 (EUR)": null, "BD 2029 (%)": null, "BD 2030 (EUR)": null, "BD 2030 (%)": null, "BD C1 (EUR)": null, "BD C1 (%)": null, "BD C2 (EUR)": null, "BD C2 (%)": null, "BD C3 (EUR)": null, "BD C3 (%)": null, "BD C4 (EUR)": null, "BD C4 (%)": null, "BDF (EUR)": null, "BDF (%)": null, "BDA (EUR)": null, "BDA (%)": null, "BDC (EUR)": null, "BDC (%)": null, "BDMI (EUR)": null, "BDMI (%)": null, "BDMP (EUR)": null, "BDMP (%)": null, "BDS (EUR)": null, "BDS (%)": null, "TAC": null, "PA (EUR)": null, "D (EUR)": null, "TAC  C1": null, "PA C1 (EUR)": null, "D C1 (EUR)": null, "TAC C2": null, "PA C2 (EUR)": null, "D C2 (EUR)": null, "TAC  C3": null, "PA C3 (EUR)": null, "D C3 (EUR)": null, "TAC C4": null, "PA C4 (EUR)": null, "D C4 (EUR)": null, "TAC F": null, "PAF (EUR)": null, "DF (EUR)": null, "TAC A": null, "PAA (EUR)": null, "DA (EUR)": null, "TAC C": null, "PAC (EUR)": null, "DC (EUR)": null, "TAC MI": null, "PAMI (EUR)": null, "DMI (EUR)": null, " TAC MP": null, "PAMP (EUR)": null, "DMP (EUR)": null }, "geometry": null },
{ "type": "Feature", "properties": { "Année": 2026, "Mois": "Mars", "UC": "Tous", "TAG": null, "NAP": null, "NAA": null, "NAC": null, "NAD": null, "TAR 1": null, "TAR 2": null, "TAR 1.1": null, "TAR 1.2": null, "TAR 2.1": null, "TAR 2.2": null, "TAA 1.1.1": null, "TAA 1.1.2": null, "TAA 1.1.3": null, "TAA 1.1.4": null, "TAA 1.2.1": null, "TAA 1.2.2": null, "TAA 1.2.3": null, "TAA 1.2.4": null, "TAA 2.1.1": null, "TAA 2.1.2": null, "TAA 2.1.3": null, "TAA 2.1.4": null, "TAA 2.2.1": null, "TAA 2.2.2": null, "TAA 2.2.3": null, "TAA 2.2.4": null, "DC": 3570353.05, "BT": 34500000, "TD": 0.10348849420289855, "BD 2024 (EUR)": 715524.94, "BD 2024 (%)": 0.020739853333333332, "BD 2025 (EUR)": 2758290.3, "BD 2025 (%)": 0.079950443478260858, "BD 2026 (EUR)": 96537.81, "BD 2026 (%)": 0.002798197391304348, "BD 2027 (EUR)": null, "BD 2027 (%)": null, "BD 2028 (EUR)": null, "BD 2028 (%)": null, "BD 2029 (EUR)": null, "BD 2029 (%)": null, "BD 2030 (EUR)": null, "BD 2030 (%)": null, "BD C1 (EUR)": null, "BD C1 (%)": null, "BD C2 (EUR)": null, "BD C2 (%)": null, "BD C3 (EUR)": null, "BD C3 (%)": null, "BD C4 (EUR)": null, "BD C4 (%)": null, "BDF (EUR)": null, "BDF (%)": null, "BDA (EUR)": null, "BDA (%)": null, "BDC (EUR)": null, "BDC (%)": null, "BDMI (EUR)": null, "BDMI (%)": null, "BDMP (EUR)": null, "BDMP (%)": null, "BDS (EUR)": null, "BDS (%)": null, "TAC": null, "PA (EUR)": null, "D (EUR)": null, "TAC  C1": null, "PA C1 (EUR)": null, "D C1 (EUR)": null, "TAC C2": null, "PA C2 (EUR)": null, "D C2 (EUR)": null, "TAC  C3": null, "PA C3 (EUR)": null, "D C3 (EUR)": null, "TAC C4": null, "PA C4 (EUR)": null, "D C4 (EUR)": null, "TAC F": null, "PAF (EUR)": null, "DF (EUR)": null, "TAC A": null, "PAA (EUR)": null, "DA (EUR)": null, "TAC C": null, "PAC (EUR)": null, "DC (EUR)": null, "TAC MI": null, "PAMI (EUR)": null, "DMI (EUR)": null, " TAC MP": null, "PAMP (EUR)": null, "DMP (EUR)": null }, "geometry": null },
{ "type": "Feature", "properties": { "Année": 2026, "Mois": "Avril", "UC": "Tous", "TAG": null, "NAP": null, "NAA": null, "NAC": null, "NAD": null, "TAR 1": null, "TAR 2": null, "TAR 1.1": null, "TAR 1.2": null, "TAR 2.1": null, "TAR 2.2": null, "TAA 1.1.1": null, "TAA 1.1.2": null, "TAA 1.1.3": null, "TAA 1.1.4": null, "TAA 1.2.1": null, "TAA 1.2.2": null, "TAA 1.2.3": null, "TAA 1.2.4": null, "TAA 2.1.1": null, "TAA 2.1.2": null, "TAA 2.1.3": null, "TAA 2.1.4": null, "TAA 2.2.1": null, "TAA 2.2.2": null, "TAA 2.2.3": null, "TAA 2.2.4": null, "DC": 3570353.05, "BT": 34500000, "TD": 0.10348849420289855, "BD 2024 (EUR)": 715524.94, "BD 2024 (%)": 0.020739853333333332, "BD 2025 (EUR)": 2758290.3, "BD 2025 (%)": 0.079950443478260858, "BD 2026 (EUR)": 96537.81, "BD 2026 (%)": 0.002798197391304348, "BD 2027 (EUR)": null, "BD 2027 (%)": null, "BD 2028 (EUR)": null, "BD 2028 (%)": null, "BD 2029 (EUR)": null, "BD 2029 (%)": null, "BD 2030 (EUR)": null, "BD 2030 (%)": null, "BD C1 (EUR)": null, "BD C1 (%)": null, "BD C2 (EUR)": null, "BD C2 (%)": null, "BD C3 (EUR)": null, "BD C3 (%)": null, "BD C4 (EUR)": null, "BD C4 (%)": null, "BDF (EUR)": null, "BDF (%)": null, "BDA (EUR)": null, "BDA (%)": null, "BDC (EUR)": null, "BDC (%)": null, "BDMI (EUR)": null, "BDMI (%)": null, "BDMP (EUR)": null, "BDMP (%)": null, "BDS (EUR)": null, "BDS (%)": null, "TAC": null, "PA (EUR)": null, "D (EUR)": null, "TAC  C1": null, "PA C1 (EUR)": null, "D C1 (EUR)": null, "TAC C2": null, "PA C2 (EUR)": null, "D C2 (EUR)": null, "TAC  C3": null, "PA C3 (EUR)": null, "D C3 (EUR)": null, "TAC C4": null, "PA C4 (EUR)": null, "D C4 (EUR)": null, "TAC F": null, "PAF (EUR)": null, "DF (EUR)": null, "TAC A": null, "PAA (EUR)": null, "DA (EUR)": null, "TAC C": null, "PAC (EUR)": null, "DC (EUR)": null, "TAC MI": null, "PAMI (EUR)": null, "DMI (EUR)": null, " TAC MP": null, "PAMP (EUR)": null, "DMP (EUR)": null }, "geometry": null },
{ "type": "Feature", "properties": { "Année": 2026, "Mois": "Mai", "UC": "Tous", "TAG": null, "NAP": null, "NAA": null, "NAC": null, "NAD": null, "TAR 1": null, "TAR 2": null, "TAR 1.1": null, "TAR 1.2": null, "TAR 2.1": null, "TAR 2.2": null, "TAA 1.1.1": null, "TAA 1.1.2": null, "TAA 1.1.3": null, "TAA 1.1.4": null, "TAA 1.2.1": null, "TAA 1.2.2": null, "TAA 1.2.3": null, "TAA 1.2.4": null, "TAA 2.1.1": null, "TAA 2.1.2": null, "TAA 2.1.3": null, "TAA 2.1.4": null, "TAA 2.2.1": null, "TAA 2.2.2": null, "TAA 2.2.3": null, "TAA 2.2.4": null, "DC": 3570353.05, "BT": 34500000, "TD": 0.10348849420289855, "BD 2024 (EUR)": 715524.94, "BD 2024 (%)": 0.020739853333333332, "BD 2025 (EUR)": 2758290.3, "BD 2025 (%)": 0.079950443478260858, "BD 2026 (EUR)": 96537.81, "BD 2026 (%)": 0.002798197391304348, "BD 2027 (EUR)": null, "BD 2027 (%)": null, "BD 2028 (EUR)": null, "BD 2028 (%)": null, "BD 2029 (EUR)": null, "BD 2029 (%)": null, "BD 2030 (EUR)": null, "BD 2030 (%)": null, "BD C1 (EUR)": null, "BD C1 (%)": null, "BD C2 (EUR)": null, "BD C2 (%)": null, "BD C3 (EUR)": null, "BD C3 (%)": null, "BD C4 (EUR)": null, "BD C4 (%)": null, "BDF (EUR)": null, "BDF (%)": null, "BDA (EUR)": null, "BDA (%)": null, "BDC (EUR)": null, "BDC (%)": null, "BDMI (EUR)": null, "BDMI (%)": null, "BDMP (EUR)": null, "BDMP (%)": null, "BDS (EUR)": null, "BDS (%)": null, "TAC": null, "PA (EUR)": null, "D (EUR)": null, "TAC  C1": null, "PA C1 (EUR)": null, "D C1 (EUR)": null, "TAC C2": null, "PA C2 (EUR)": null, "D C2 (EUR)": null, "TAC  C3": null, "PA C3 (EUR)": null, "D C3 (EUR)": null, "TAC C4": null, "PA C4 (EUR)": null, "D C4 (EUR)": null, "TAC F": null, "PAF (EUR)": null, "DF (EUR)": null, "TAC A": null, "PAA (EUR)": null, "DA (EUR)": null, "TAC C": null, "PAC (EUR)": null, "DC (EUR)": null, "TAC MI": null, "PAMI (EUR)": null, "DMI (EUR)": null, " TAC MP": null, "PAMP (EUR)": null, "DMP (EUR)": null }, "geometry": null },
{ "type": "Feature", "properties": { "Année": 2026, "Mois": "Juin", "UC": "Tous", "TAG": 0.1476419844112152, "NAP": 244, "NAA": 17, "NAC": 107, "NAD": 120, "TAR 1": 0.14438511245504573, "TAR 2": 0.15619288285954949, "TAR 1.1": 0.13946000236322817, "TAR 1.2": 0.14536425643881784, "TAR 2.1": 0.17832965449490876, "TAR 2.2": 0.074691358024691359, "TAA 1.1.1": 0.24574074074074073, "TAA 1.1.2": 0.10269841269841269, "TAA 1.1.3": 0.038376068376068377, "TAA 1.1.4": 0.027777777777777776, "TAA 1.2.1": 0.1383219954648526, "TAA 1.2.2": 0.13009259259259257, "TAA 1.2.3": 0.17087912087912085, "TAA 1.2.4": 0.10961538461538461, "TAA 2.1.1": 0.2007756132756133, "TAA 2.1.2": 0.20322636300897171, "TAA 2.1.3": 0, "TAA 2.1.4": 0.094554673721340368, "TAA 2.2.1": 0.05092592592592593, "TAA 2.2.2": 0.1, "TAA 2.2.3": 0.069523809523809516, "TAA 2.2.4": 0.1, "DC": 3570353.05, "BT": 34500000, "TD": 0.10348849420289855, "BD 2024 (EUR)": 715524.94, "BD 2024 (%)": 0.020739853333333332, "BD 2025 (EUR)": 2758290.3, "BD 2025 (%)": 0.079950443478260858, "BD 2026 (EUR)": 96537.81, "BD 2026 (%)": 0.002798197391304348, "BD 2027 (EUR)": null, "BD 2027 (%)": null, "BD 2028 (EUR)": null, "BD 2028 (%)": null, "BD 2029 (EUR)": null, "BD 2029 (%)": null, "BD 2030 (EUR)": null, "BD 2030 (%)": null, "BD C1 (EUR)": null, "BD C1 (%)": null, "BD C2 (EUR)": null, "BD C2 (%)": null, "BD C3 (EUR)": null, "BD C3 (%)": null, "BD C4 (EUR)": null, "BD C4 (%)": null, "BDF (EUR)": null, "BDF (%)": null, "BDA (EUR)": null, "BDA (%)": null, "BDC (EUR)": null, "BDC (%)": null, "BDMI (EUR)": null, "BDMI (%)": null, "BDMP (EUR)": null, "BDMP (%)": null, "BDS (EUR)": null, "BDS (%)": null, "TAC": 0.18382547896118659, "PA (EUR)": 2006776.8132444944, "D (EUR)": 368896.70886287285, "TAC  C1": 0.06566751187632365, "PA C1 (EUR)": 210849.81308641974, "D C1 (EUR)": 13845.982604973091, "TAC C2": 0.024544570019624335, "PA C2 (EUR)": 670639.37875889766, "D C2 (EUR)": 16460.555189865128, "TAC  C3": 0.30498337166809358, "PA C3 (EUR)": 1108727.621399177, "D C3 (EUR)": 338143.48823586653, "TAC C4": "0.026973600976329", "PA C4 (EUR)": 16560, "D C4 (EUR)": 446.6828321680083, "TAC F": "0.235897907366359", "PAF (EUR)": 18024.75, "DF (EUR)": 4252.0008058017729, "TAC A": 0.071932965132835994, "PAA (EUR)": 151242.22824196596, "DA (EUR)": 10879.30193074176, "TAC C": 0.20291826532299981, "PAC (EUR)": 1635624.9536672968, "DC (EUR)": 331898.17831717979, "TAC MI": 0.14931236638858217, "PAMI (EUR)": 134944.23935992282, "DMI (EUR)": 20148.843709337329, " TAC MP": 0.089189238845604757, "PAMP (EUR)": 66940.641975308637, "DMP (EUR)": 5970.3849056139179 }, "geometry": null },
{ "type": "Feature", "properties": { "Année": 2026, "Mois": "Juillet", "UC": "Tous", "TAG": 0.20228635349944599, "NAP": 241, "NAA": 29, "NAC": 137, "NAD": 75, "TAR 1": 0.19300010693717481, "TAR 2": 0.2044836457823471, "TAR 1.1": 0.1836427729976117, "TAR 1.2": 0.19406994754216975, "TAR 2.1": 0.23120972258903294, "TAR 2.2": 0.099169040835707503, "TAA 1.1.1": 0.30268518518518522, "TAA 1.1.2": 0.11658730158730157, "TAA 1.1.3": 0.11235042735042734, "TAA 1.1.4": 0.027777777777777776, "TAA 1.2.1": 0.20210506424792141, "TAA 1.2.2": 0.14583333333333331, "TAA 1.2.3": 0.21245421245421245, "TAA 1.2.4": 0.12072649572649573, "TAA 2.1.1": 0.25672903988121382, "TAA 2.1.2": 0.21956521739130438, "TAA 2.1.3": 0, "TAA 2.1.4": 0.21096989430322766, "TAA 2.2.1": 0.060185185185185182, "TAA 2.2.2": 0.11333333333333333, "TAA 2.2.3": 0.11047619047619048, "TAA 2.2.4": 0.14444444444444443, "DC": 3570353.05, "BT": 34500000, "TD": 0.10348849420289855, "BD 2024 (EUR)": 715524.94, "BD 2024 (%)": 0.020739853333333332, "BD 2025 (EUR)": 2758290.3, "BD 2025 (%)": 0.079950443478260858, "BD 2026 (EUR)": 96537.81, "BD 2026 (%)": 0.002798197391304348, "BD 2027 (EUR)": null, "BD 2027 (%)": null, "BD 2028 (EUR)": null, "BD 2028 (%)": null, "BD 2029 (EUR)": null, "BD 2029 (%)": null, "BD 2030 (EUR)": null, "BD 2030 (%)": null, "BD C1 (EUR)": null, "BD C1 (%)": null, "BD C2 (EUR)": null, "BD C2 (%)": null, "BD C3 (EUR)": null, "BD C3 (%)": null, "BD C4 (EUR)": null, "BD C4 (%)": null, "BDF (EUR)": null, "BDF (%)": null, "BDA (EUR)": null, "BDA (%)": null, "BDC (EUR)": null, "BDC (%)": null, "BDMI (EUR)": null, "BDMI (%)": null, "BDMP (EUR)": null, "BDMP (%)": null, "BDS (EUR)": null, "BDS (%)": null, "TAC": 0.32605771634927205, "PA (EUR)": 2006776.8132444944, "D (EUR)": 654325.06494916941, "TAC  C1": 0.19246800493498711, "PA C1 (EUR)": 210849.81308641974, "D C1 (EUR)": 40581.842865658145, "TAC C2": 0.05664384047636898, "PA C2 (EUR)": 670639.37875889766, "D C2 (EUR)": 37987.589987590196, "TAC  C3": 0.31779391174756932, "PA C3 (EUR)": 1108727.621399177, "D C3 (EUR)": 352346.88786702254, "TAC C4": "0.0419053479608627", "PA C4 (EUR)": 16560, "D C4 (EUR)": 693.9525622318863, "TAC F": "0.235897907366359", "PAF (EUR)": 18024.75, "DF (EUR)": 4252.0008058017729, "TAC A": 0.13694757119822995, "PAA (EUR)": 151242.22824196596, "DA (EUR)": 20712.255820345577, "TAC C": 0.22435731149119698, "PAC (EUR)": 1635624.9536672968, "DC (EUR)": 366964.41721270833, "TAC MI": 0.18577173302106445, "PAMI (EUR)": 134944.23935992282, "DMI (EUR)": 25068.8252071022, " TAC MP": 0.24556942778503543, "PAMP (EUR)": 66940.641975308637, "DMP (EUR)": 16438.575145439467 }, "geometry": null },
{ "type": "Feature", "properties": { "Année": 2026, "Mois": "Août", "UC": "Tous", "TAG": 0.25650451599263818, "NAP": 316, "NAA": 39, "NAC": 151, "NAD": 126, "TAR 1": 0.25451910520915971, "TAR 2": 0.2333375241067549, "TAR 1.1": 0.23415568004277684, "TAR 1.2": 0.27287653190430966, "TAR 2.1": 0.37310584601368502, "TAR 2.2": 0.2687321937321937, "TAA 1.1.1": 0.3625, "TAA 1.1.2": 0.20512698412698413, "TAA 1.1.3": 0.17782356532356536, "TAA 1.1.4": 0.041666666666666664, "TAA 1.2.1": 0.30511111111111111, "TAA 1.2.2": 0.2270833333333333, "TAA 1.2.3": 0.38184574684574679, "TAA 1.2.4": 0.22275641025641024, "TAA 2.1.1": 0.4290516774891775, "TAA 2.1.2": 0.34945652173913044, "TAA 2.1.3": 0, "TAA 2.1.4": 0.30395484145484142, "TAA 2.2.1": 0.28819444444444442, "TAA 2.2.2": 0.22592592592592589, "TAA 2.2.3": 0.1693121693121693, "TAA 2.2.4": 0.2296296296296296, "DC": 3570353.05, "BT": 34500000, "TD": 0.10348849420289855, "BD 2024 (EUR)": 715524.94, "BD 2024 (%)": 0.020739853333333332, "BD 2025 (EUR)": 2758290.3, "BD 2025 (%)": 0.079950443478260858, "BD 2026 (EUR)": 96537.81, "BD 2026 (%)": 0.002798197391304348, "BD 2027 (EUR)": null, "BD 2027 (%)": null, "BD 2028 (EUR)": null, "BD 2028 (%)": null, "BD 2029 (EUR)": null, "BD 2029 (%)": null, "BD 2030 (EUR)": null, "BD 2030 (%)": null, "BD C1 (EUR)": null, "BD C1 (%)": null, "BD C2 (EUR)": null, "BD C2 (%)": null, "BD C3 (EUR)": null, "BD C3 (%)": null, "BD C4 (EUR)": null, "BD C4 (%)": null, "BDF (EUR)": null, "BDF (%)": null, "BDA (EUR)": null, "BDA (%)": null, "BDC (EUR)": null, "BDC (%)": null, "BDMI (EUR)": null, "BDMI (%)": null, "BDMP (EUR)": null, "BDMP (%)": null, "BDS (EUR)": null, "BDS (%)": null, "TAC": 0.33656702804738081, "PA (EUR)": 2006776.8132444944, "D (EUR)": 675414.90798809321, "TAC  C1": 0.23527606835434861, "PA C1 (EUR)": 210849.81308641974, "D C1 (EUR)": 49607.915036222119, "TAC C2": 0.072973063616865466, "PA C2 (EUR)": 670639.37875889766, "D C2 (EUR)": 48938.610050148178, "TAC  C3": 0.51977529338080886, "PA C3 (EUR)": 1108727.621399177, "D C3 (EUR)": 576289.22469216364, "TAC C4": "0.0743125931698456", "PA C4 (EUR)": 16560, "D C4 (EUR)": 1230.6165428926438, "TAC F": "0.235897907366359", "PAF (EUR)": 18024.75, "DF (EUR)": 4252.0008058017729, "TAC A": 0.15306377770503254, "PAA (EUR)": 151242.22824196596, "DA (EUR)": 23149.706803242072, "TAC C": 0.36344810542119005, "PAC (EUR)": 1635624.9536672968, "DC (EUR)": 594464.7905900008, "TAC MI": 0.21829513686439542, "PAMI (EUR)": 134944.23935992282, "DMI (EUR)": 29457.671200136087, " TAC MP": 0.33421948707320398, "PAMP (EUR)": 66940.641975308637, "DMP (EUR)": 22372.867025338641 }, "geometry": null },
{ "type": "Feature", "properties": { "Année": 2026, "Mois": "Septembre", "UC": "Tous", "TAG": null, "NAP": null, "NAA": null, "NAC": null, "NAD": null, "TAR 1": null, "TAR 2": null, "TAR 1.1": null, "TAR 1.2": null, "TAR 2.1": null, "TAR 2.2": null, "TAA 1.1.1": null, "TAA 1.1.2": null, "TAA 1.1.3": null, "TAA 1.1.4": null, "TAA 1.2.1": null, "TAA 1.2.2": null, "TAA 1.2.3": null, "TAA 1.2.4": null, "TAA 2.1.1": null, "TAA 2.1.2": null, "TAA 2.1.3": null, "TAA 2.1.4": null, "TAA 2.2.1": null, "TAA 2.2.2": null, "TAA 2.2.3": null, "TAA 2.2.4": null, "DC": 3570353.05, "BT": 34500000, "TD": 0.10348849420289855, "BD 2024 (EUR)": 715524.94, "BD 2024 (%)": 0.020739853333333332, "BD 2025 (EUR)": 2758290.3, "BD 2025 (%)": 0.079950443478260858, "BD 2026 (EUR)": 96537.81, "BD 2026 (%)": 0.002798197391304348, "BD 2027 (EUR)": null, "BD 2027 (%)": null, "BD 2028 (EUR)": null, "BD 2028 (%)": null, "BD 2029 (EUR)": null, "BD 2029 (%)": null, "BD 2030 (EUR)": null, "BD 2030 (%)": null, "BD C1 (EUR)": null, "BD C1 (%)": null, "BD C2 (EUR)": null, "BD C2 (%)": null, "BD C3 (EUR)": null, "BD C3 (%)": null, "BD C4 (EUR)": null, "BD C4 (%)": null, "BDF (EUR)": null, "BDF (%)": null, "BDA (EUR)": null, "BDA (%)": null, "BDC (EUR)": null, "BDC (%)": null, "BDMI (EUR)": null, "BDMI (%)": null, "BDMP (EUR)": null, "BDMP (%)": null, "BDS (EUR)": null, "BDS (%)": null, "TAC": null, "PA (EUR)": null, "D (EUR)": null, "TAC  C1": null, "PA C1 (EUR)": null, "D C1 (EUR)": null, "TAC C2": null, "PA C2 (EUR)": null, "D C2 (EUR)": null, "TAC  C3": null, "PA C3 (EUR)": null, "D C3 (EUR)": null, "TAC C4": null, "PA C4 (EUR)": null, "D C4 (EUR)": null, "TAC F": null, "PAF (EUR)": null, "DF (EUR)": null, "TAC A": null, "PAA (EUR)": null, "DA (EUR)": null, "TAC C": null, "PAC (EUR)": null, "DC (EUR)": null, "TAC MI": null, "PAMI (EUR)": null, "DMI (EUR)": null, " TAC MP": null, "PAMP (EUR)": null, "DMP (EUR)": null }, "geometry": null },
{ "type": "Feature", "properties": { "Année": 2026, "Mois": "Octobre", "UC": "Tous", "TAG": null, "NAP": null, "NAA": null, "NAC": null, "NAD": null, "TAR 1": null, "TAR 2": null, "TAR 1.1": null, "TAR 1.2": null, "TAR 2.1": null, "TAR 2.2": null, "TAA 1.1.1": null, "TAA 1.1.2": null, "TAA 1.1.3": null, "TAA 1.1.4": null, "TAA 1.2.1": null, "TAA 1.2.2": null, "TAA 1.2.3": null, "TAA 1.2.4": null, "TAA 2.1.1": null, "TAA 2.1.2": null, "TAA 2.1.3": null, "TAA 2.1.4": null, "TAA 2.2.1": null, "TAA 2.2.2": null, "TAA 2.2.3": null, "TAA 2.2.4": null, "DC": 3570353.05, "BT": 34500000, "TD": 0.10348849420289855, "BD 2024 (EUR)": 715524.94, "BD 2024 (%)": 0.020739853333333332, "BD 2025 (EUR)": 2758290.3, "BD 2025 (%)": 0.079950443478260858, "BD 2026 (EUR)": 96537.81, "BD 2026 (%)": 0.002798197391304348, "BD 2027 (EUR)": null, "BD 2027 (%)": null, "BD 2028 (EUR)": null, "BD 2028 (%)": null, "BD 2029 (EUR)": null, "BD 2029 (%)": null, "BD 2030 (EUR)": null, "BD 2030 (%)": null, "BD C1 (EUR)": null, "BD C1 (%)": null, "BD C2 (EUR)": null, "BD C2 (%)": null, "BD C3 (EUR)": null, "BD C3 (%)": null, "BD C4 (EUR)": null, "BD C4 (%)": null, "BDF (EUR)": null, "BDF (%)": null, "BDA (EUR)": null, "BDA (%)": null, "BDC (EUR)": null, "BDC (%)": null, "BDMI (EUR)": null, "BDMI (%)": null, "BDMP (EUR)": null, "BDMP (%)": null, "BDS (EUR)": null, "BDS (%)": null, "TAC": null, "PA (EUR)": null, "D (EUR)": null, "TAC  C1": null, "PA C1 (EUR)": null, "D C1 (EUR)": null, "TAC C2": null, "PA C2 (EUR)": null, "D C2 (EUR)": null, "TAC  C3": null, "PA C3 (EUR)": null, "D C3 (EUR)": null, "TAC C4": null, "PA C4 (EUR)": null, "D C4 (EUR)": null, "TAC F": null, "PAF (EUR)": null, "DF (EUR)": null, "TAC A": null, "PAA (EUR)": null, "DA (EUR)": null, "TAC C": null, "PAC (EUR)": null, "DC (EUR)": null, "TAC MI": null, "PAMI (EUR)": null, "DMI (EUR)": null, " TAC MP": null, "PAMP (EUR)": null, "DMP (EUR)": null }, "geometry": null },
{ "type": "Feature", "properties": { "Année": 2026, "Mois": "Novembre", "UC": "Tous", "TAG": null, "NAP": null, "NAA": null, "NAC": null, "NAD": null, "TAR 1": null, "TAR 2": null, "TAR 1.1": null, "TAR 1.2": null, "TAR 2.1": null, "TAR 2.2": null, "TAA 1.1.1": null, "TAA 1.1.2": null, "TAA 1.1.3": null, "TAA 1.1.4": null, "TAA 1.2.1": null, "TAA 1.2.2": null, "TAA 1.2.3": null, "TAA 1.2.4": null, "TAA 2.1.1": null, "TAA 2.1.2": null, "TAA 2.1.3": null, "TAA 2.1.4": null, "TAA 2.2.1": null, "TAA 2.2.2": null, "TAA 2.2.3": null, "TAA 2.2.4": null, "DC": 3570353.05, "BT": 34500000, "TD": 0.10348849420289855, "BD 2024 (EUR)": 715524.94, "BD 2024 (%)": 0.020739853333333332, "BD 2025 (EUR)": 2758290.3, "BD 2025 (%)": 0.079950443478260858, "BD 2026 (EUR)": 96537.81, "BD 2026 (%)": 0.002798197391304348, "BD 2027 (EUR)": null, "BD 2027 (%)": null, "BD 2028 (EUR)": null, "BD 2028 (%)": null, "BD 2029 (EUR)": null, "BD 2029 (%)": null, "BD 2030 (EUR)": null, "BD 2030 (%)": null, "BD C1 (EUR)": null, "BD C1 (%)": null, "BD C2 (EUR)": null, "BD C2 (%)": null, "BD C3 (EUR)": null, "BD C3 (%)": null, "BD C4 (EUR)": null, "BD C4 (%)": null, "BDF (EUR)": null, "BDF (%)": null, "BDA (EUR)": null, "BDA (%)": null, "BDC (EUR)": null, "BDC (%)": null, "BDMI (EUR)": null, "BDMI (%)": null, "BDMP (EUR)": null, "BDMP (%)": null, "BDS (EUR)": null, "BDS (%)": null, "TAC": null, "PA (EUR)": null, "D (EUR)": null, "TAC  C1": null, "PA C1 (EUR)": null, "D C1 (EUR)": null, "TAC C2": null, "PA C2 (EUR)": null, "D C2 (EUR)": null, "TAC  C3": null, "PA C3 (EUR)": null, "D C3 (EUR)": null, "TAC C4": null, "PA C4 (EUR)": null, "D C4 (EUR)": null, "TAC F": null, "PAF (EUR)": null, "DF (EUR)": null, "TAC A": null, "PAA (EUR)": null, "DA (EUR)": null, "TAC C": null, "PAC (EUR)": null, "DC (EUR)": null, "TAC MI": null, "PAMI (EUR)": null, "DMI (EUR)": null, " TAC MP": null, "PAMP (EUR)": null, "DMP (EUR)": null }, "geometry": null },
{ "type": "Feature", "properties": { "Année": 2026, "Mois": "Décembre", "UC": "Tous", "TAG": null, "NAP": null, "NAA": null, "NAC": null, "NAD": null, "TAR 1": null, "TAR 2": null, "TAR 1.1": null, "TAR 1.2": null, "TAR 2.1": null, "TAR 2.2": null, "TAA 1.1.1": null, "TAA 1.1.2": null, "TAA 1.1.3": null, "TAA 1.1.4": null, "TAA 1.2.1": null, "TAA 1.2.2": null, "TAA 1.2.3": null, "TAA 1.2.4": null, "TAA 2.1.1": null, "TAA 2.1.2": null, "TAA 2.1.3": null, "TAA 2.1.4": null, "TAA 2.2.1": null, "TAA 2.2.2": null, "TAA 2.2.3": null, "TAA 2.2.4": null, "DC": 3570353.05, "BT": 34500000, "TD": 0.10348849420289855, "BD 2024 (EUR)": 715524.94, "BD 2024 (%)": 0.020739853333333332, "BD 2025 (EUR)": 2758290.3, "BD 2025 (%)": 0.079950443478260858, "BD 2026 (EUR)": 96537.81, "BD 2026 (%)": 0.002798197391304348, "BD 2027 (EUR)": null, "BD 2027 (%)": null, "BD 2028 (EUR)": null, "BD 2028 (%)": null, "BD 2029 (EUR)": null, "BD 2029 (%)": null, "BD 2030 (EUR)": null, "BD 2030 (%)": null, "BD C1 (EUR)": null, "BD C1 (%)": null, "BD C2 (EUR)": null, "BD C2 (%)": null, "BD C3 (EUR)": null, "BD C3 (%)": null, "BD C4 (EUR)": null, "BD C4 (%)": null, "BDF (EUR)": null, "BDF (%)": null, "BDA (EUR)": null, "BDA (%)": null, "BDC (EUR)": null, "BDC (%)": null, "BDMI (EUR)": null, "BDMI (%)": null, "BDMP (EUR)": null, "BDMP (%)": null, "BDS (EUR)": null, "BDS (%)": null, "TAC": null, "PA (EUR)": null, "D (EUR)": null, "TAC  C1": null, "PA C1 (EUR)": null, "D C1 (EUR)": null, "TAC C2": null, "PA C2 (EUR)": null, "D C2 (EUR)": null, "TAC  C3": null, "PA C3 (EUR)": null, "D C3 (EUR)": null, "TAC C4": null, "PA C4 (EUR)": null, "D C4 (EUR)": null, "TAC F": null, "PAF (EUR)": null, "DF (EUR)": null, "TAC A": null, "PAA (EUR)": null, "DA (EUR)": null, "TAC C": null, "PAC (EUR)": null, "DC (EUR)": null, "TAC MI": null, "PAMI (EUR)": null, "DMI (EUR)": null, " TAC MP": null, "PAMP (EUR)": null, "DMP (EUR)": null }, "geometry": null },
{ "type": "Feature", "properties": { "Année": 2026, "Mois": "Janvier", "UC": "UCT", "TAG": null, "NAP": null, "NAA": null, "NAC": null, "NAD": null, "TAR 1": null, "TAR 2": null, "TAR 1.1": null, "TAR 1.2": null, "TAR 2.1": null, "TAR 2.2": null, "TAA 1.1.1": null, "TAA 1.1.2": null, "TAA 1.1.3": null, "TAA 1.1.4": null, "TAA 1.2.1": null, "TAA 1.2.2": null, "TAA 1.2.3": null, "TAA 1.2.4": null, "TAA 2.1.1": null, "TAA 2.1.2": null, "TAA 2.1.3": null, "TAA 2.1.4": null, "TAA 2.2.1": null, "TAA 2.2.2": null, "TAA 2.2.3": null, "TAA 2.2.4": null, "DC": 3570353.05, "BT": 34500000, "TD": 0.10348849420289855, "BD 2024 (EUR)": 715524.94, "BD 2024 (%)": 0.020739853333333332, "BD 2025 (EUR)": 2758290.3, "BD 2025 (%)": 0.079950443478260858, "BD 2026 (EUR)": 96537.81, "BD 2026 (%)": 0.002798197391304348, "BD 2027 (EUR)": null, "BD 2027 (%)": null, "BD 2028 (EUR)": null, "BD 2028 (%)": null, "BD 2029 (EUR)": null, "BD 2029 (%)": null, "BD 2030 (EUR)": null, "BD 2030 (%)": null, "BD C1 (EUR)": null, "BD C1 (%)": null, "BD C2 (EUR)": null, "BD C2 (%)": null, "BD C3 (EUR)": null, "BD C3 (%)": null, "BD C4 (EUR)": null, "BD C4 (%)": null, "BDF (EUR)": null, "BDF (%)": null, "BDA (EUR)": null, "BDA (%)": null, "BDC (EUR)": null, "BDC (%)": null, "BDMI (EUR)": null, "BDMI (%)": null, "BDMP (EUR)": null, "BDMP (%)": null, "BDS (EUR)": null, "BDS (%)": null, "TAC": null, "PA (EUR)": null, "D (EUR)": null, "TAC  C1": null, "PA C1 (EUR)": null, "D C1 (EUR)": null, "TAC C2": null, "PA C2 (EUR)": null, "D C2 (EUR)": null, "TAC  C3": null, "PA C3 (EUR)": null, "D C3 (EUR)": null, "TAC C4": null, "PA C4 (EUR)": null, "D C4 (EUR)": null, "TAC F": null, "PAF (EUR)": null, "DF (EUR)": null, "TAC A": null, "PAA (EUR)": null, "DA (EUR)": null, "TAC C": null, "PAC (EUR)": null, "DC (EUR)": null, "TAC MI": null, "PAMI (EUR)": null, "DMI (EUR)": null, " TAC MP": null, "PAMP (EUR)": null, "DMP (EUR)": null }, "geometry": null },
{ "type": "Feature", "properties": { "Année": 2026, "Mois": "Février", "UC": "UCT", "TAG": null, "NAP": null, "NAA": null, "NAC": null, "NAD": null, "TAR 1": null, "TAR 2": null, "TAR 1.1": null, "TAR 1.2": null, "TAR 2.1": null, "TAR 2.2": null, "TAA 1.1.1": null, "TAA 1.1.2": null, "TAA 1.1.3": null, "TAA 1.1.4": null, "TAA 1.2.1": null, "TAA 1.2.2": null, "TAA 1.2.3": null, "TAA 1.2.4": null, "TAA 2.1.1": null, "TAA 2.1.2": null, "TAA 2.1.3": null, "TAA 2.1.4": null, "TAA 2.2.1": null, "TAA 2.2.2": null, "TAA 2.2.3": null, "TAA 2.2.4": null, "DC": 3570353.05, "BT": 34500000, "TD": 0.10348849420289855, "BD 2024 (EUR)": 715524.94, "BD 2024 (%)": 0.020739853333333332, "BD 2025 (EUR)": 2758290.3, "BD 2025 (%)": 0.079950443478260858, "BD 2026 (EUR)": 96537.81, "BD 2026 (%)": 0.002798197391304348, "BD 2027 (EUR)": null, "BD 2027 (%)": null, "BD 2028 (EUR)": null, "BD 2028 (%)": null, "BD 2029 (EUR)": null, "BD 2029 (%)": null, "BD 2030 (EUR)": null, "BD 2030 (%)": null, "BD C1 (EUR)": null, "BD C1 (%)": null, "BD C2 (EUR)": null, "BD C2 (%)": null, "BD C3 (EUR)": null, "BD C3 (%)": null, "BD C4 (EUR)": null, "BD C4 (%)": null, "BDF (EUR)": null, "BDF (%)": null, "BDA (EUR)": null, "BDA (%)": null, "BDC (EUR)": null, "BDC (%)": null, "BDMI (EUR)": null, "BDMI (%)": null, "BDMP (EUR)": null, "BDMP (%)": null, "BDS (EUR)": null, "BDS (%)": null, "TAC": null, "PA (EUR)": null, "D (EUR)": null, "TAC  C1": null, "PA C1 (EUR)": null, "D C1 (EUR)": null, "TAC C2": null, "PA C2 (EUR)": null, "D C2 (EUR)": null, "TAC  C3": null, "PA C3 (EUR)": null, "D C3 (EUR)": null, "TAC C4": null, "PA C4 (EUR)": null, "D C4 (EUR)": null, "TAC F": null, "PAF (EUR)": null, "DF (EUR)": null, "TAC A": null, "PAA (EUR)": null, "DA (EUR)": null, "TAC C": null, "PAC (EUR)": null, "DC (EUR)": null, "TAC MI": null, "PAMI (EUR)": null, "DMI (EUR)": null, " TAC MP": null, "PAMP (EUR)": null, "DMP (EUR)": null }, "geometry": null },
{ "type": "Feature", "properties": { "Année": 2026, "Mois": "Mars", "UC": "UCT", "TAG": null, "NAP": null, "NAA": null, "NAC": null, "NAD": null, "TAR 1": null, "TAR 2": null, "TAR 1.1": null, "TAR 1.2": null, "TAR 2.1": null, "TAR 2.2": null, "TAA 1.1.1": null, "TAA 1.1.2": null, "TAA 1.1.3": null, "TAA 1.1.4": null, "TAA 1.2.1": null, "TAA 1.2.2": null, "TAA 1.2.3": null, "TAA 1.2.4": null, "TAA 2.1.1": null, "TAA 2.1.2": null, "TAA 2.1.3": null, "TAA 2.1.4": null, "TAA 2.2.1": null, "TAA 2.2.2": null, "TAA 2.2.3": null, "TAA 2.2.4": null, "DC": 3570353.05, "BT": 34500000, "TD": 0.10348849420289855, "BD 2024 (EUR)": 715524.94, "BD 2024 (%)": 0.020739853333333332, "BD 2025 (EUR)": 2758290.3, "BD 2025 (%)": 0.079950443478260858, "BD 2026 (EUR)": 96537.81, "BD 2026 (%)": 0.002798197391304348, "BD 2027 (EUR)": null, "BD 2027 (%)": null, "BD 2028 (EUR)": null, "BD 2028 (%)": null, "BD 2029 (EUR)": null, "BD 2029 (%)": null, "BD 2030 (EUR)": null, "BD 2030 (%)": null, "BD C1 (EUR)": null, "BD C1 (%)": null, "BD C2 (EUR)": null, "BD C2 (%)": null, "BD C3 (EUR)": null, "BD C3 (%)": null, "BD C4 (EUR)": null, "BD C4 (%)": null, "BDF (EUR)": null, "BDF (%)": null, "BDA (EUR)": null, "BDA (%)": null, "BDC (EUR)": null, "BDC (%)": null, "BDMI (EUR)": null, "BDMI (%)": null, "BDMP (EUR)": null, "BDMP (%)": null, "BDS (EUR)": null, "BDS (%)": null, "TAC": null, "PA (EUR)": null, "D (EUR)": null, "TAC  C1": null, "PA C1 (EUR)": null, "D C1 (EUR)": null, "TAC C2": null, "PA C2 (EUR)": null, "D C2 (EUR)": null, "TAC  C3": null, "PA C3 (EUR)": null, "D C3 (EUR)": null, "TAC C4": null, "PA C4 (EUR)": null, "D C4 (EUR)": null, "TAC F": null, "PAF (EUR)": null, "DF (EUR)": null, "TAC A": null, "PAA (EUR)": null, "DA (EUR)": null, "TAC C": null, "PAC (EUR)": null, "DC (EUR)": null, "TAC MI": null, "PAMI (EUR)": null, "DMI (EUR)": null, " TAC MP": null, "PAMP (EUR)": null, "DMP (EUR)": null }, "geometry": null },
{ "type": "Feature", "properties": { "Année": 2026, "Mois": "Avril", "UC": "UCT", "TAG": null, "NAP": null, "NAA": null, "NAC": null, "NAD": null, "TAR 1": null, "TAR 2": null, "TAR 1.1": null, "TAR 1.2": null, "TAR 2.1": null, "TAR 2.2": null, "TAA 1.1.1": null, "TAA 1.1.2": null, "TAA 1.1.3": null, "TAA 1.1.4": null, "TAA 1.2.1": null, "TAA 1.2.2": null, "TAA 1.2.3": null, "TAA 1.2.4": null, "TAA 2.1.1": null, "TAA 2.1.2": null, "TAA 2.1.3": null, "TAA 2.1.4": null, "TAA 2.2.1": null, "TAA 2.2.2": null, "TAA 2.2.3": null, "TAA 2.2.4": null, "DC": 3570353.05, "BT": 34500000, "TD": 0.10348849420289855, "BD 2024 (EUR)": 715524.94, "BD 2024 (%)": 0.020739853333333332, "BD 2025 (EUR)": 2758290.3, "BD 2025 (%)": 0.079950443478260858, "BD 2026 (EUR)": 96537.81, "BD 2026 (%)": 0.002798197391304348, "BD 2027 (EUR)": null, "BD 2027 (%)": null, "BD 2028 (EUR)": null, "BD 2028 (%)": null, "BD 2029 (EUR)": null, "BD 2029 (%)": null, "BD 2030 (EUR)": null, "BD 2030 (%)": null, "BD C1 (EUR)": null, "BD C1 (%)": null, "BD C2 (EUR)": null, "BD C2 (%)": null, "BD C3 (EUR)": null, "BD C3 (%)": null, "BD C4 (EUR)": null, "BD C4 (%)": null, "BDF (EUR)": null, "BDF (%)": null, "BDA (EUR)": null, "BDA (%)": null, "BDC (EUR)": null, "BDC (%)": null, "BDMI (EUR)": null, "BDMI (%)": null, "BDMP (EUR)": null, "BDMP (%)": null, "BDS (EUR)": null, "BDS (%)": null, "TAC": null, "PA (EUR)": null, "D (EUR)": null, "TAC  C1": null, "PA C1 (EUR)": null, "D C1 (EUR)": null, "TAC C2": null, "PA C2 (EUR)": null, "D C2 (EUR)": null, "TAC  C3": null, "PA C3 (EUR)": null, "D C3 (EUR)": null, "TAC C4": null, "PA C4 (EUR)": null, "D C4 (EUR)": null, "TAC F": null, "PAF (EUR)": null, "DF (EUR)": null, "TAC A": null, "PAA (EUR)": null, "DA (EUR)": null, "TAC C": null, "PAC (EUR)": null, "DC (EUR)": null, "TAC MI": null, "PAMI (EUR)": null, "DMI (EUR)": null, " TAC MP": null, "PAMP (EUR)": null, "DMP (EUR)": null }, "geometry": null },
{ "type": "Feature", "properties": { "Année": 2026, "Mois": "Mai", "UC": "UCT", "TAG": null, "NAP": null, "NAA": null, "NAC": null, "NAD": null, "TAR 1": null, "TAR 2": null, "TAR 1.1": null, "TAR 1.2": null, "TAR 2.1": null, "TAR 2.2": null, "TAA 1.1.1": null, "TAA 1.1.2": null, "TAA 1.1.3": null, "TAA 1.1.4": null, "TAA 1.2.1": null, "TAA 1.2.2": null, "TAA 1.2.3": null, "TAA 1.2.4": null, "TAA 2.1.1": null, "TAA 2.1.2": null, "TAA 2.1.3": null, "TAA 2.1.4": null, "TAA 2.2.1": null, "TAA 2.2.2": null, "TAA 2.2.3": null, "TAA 2.2.4": null, "DC": 3570353.05, "BT": 34500000, "TD": 0.10348849420289855, "BD 2024 (EUR)": 715524.94, "BD 2024 (%)": 0.020739853333333332, "BD 2025 (EUR)": 2758290.3, "BD 2025 (%)": 0.079950443478260858, "BD 2026 (EUR)": 96537.81, "BD 2026 (%)": 0.002798197391304348, "BD 2027 (EUR)": null, "BD 2027 (%)": null, "BD 2028 (EUR)": null, "BD 2028 (%)": null, "BD 2029 (EUR)": null, "BD 2029 (%)": null, "BD 2030 (EUR)": null, "BD 2030 (%)": null, "BD C1 (EUR)": null, "BD C1 (%)": null, "BD C2 (EUR)": null, "BD C2 (%)": null, "BD C3 (EUR)": null, "BD C3 (%)": null, "BD C4 (EUR)": null, "BD C4 (%)": null, "BDF (EUR)": null, "BDF (%)": null, "BDA (EUR)": null, "BDA (%)": null, "BDC (EUR)": null, "BDC (%)": null, "BDMI (EUR)": null, "BDMI (%)": null, "BDMP (EUR)": null, "BDMP (%)": null, "BDS (EUR)": null, "BDS (%)": null, "TAC": null, "PA (EUR)": null, "D (EUR)": null, "TAC  C1": null, "PA C1 (EUR)": null, "D C1 (EUR)": null, "TAC C2": null, "PA C2 (EUR)": null, "D C2 (EUR)": null, "TAC  C3": null, "PA C3 (EUR)": null, "D C3 (EUR)": null, "TAC C4": null, "PA C4 (EUR)": null, "D C4 (EUR)": null, "TAC F": null, "PAF (EUR)": null, "DF (EUR)": null, "TAC A": null, "PAA (EUR)": null, "DA (EUR)": null, "TAC C": null, "PAC (EUR)": null, "DC (EUR)": null, "TAC MI": null, "PAMI (EUR)": null, "DMI (EUR)": null, " TAC MP": null, "PAMP (EUR)": null, "DMP (EUR)": null }, "geometry": null },
{ "type": "Feature", "properties": { "Année": 2026, "Mois": "Juin", "UC": "UCT", "TAG": 0.1185974685974686, "NAP": 78, "NAA": 1, "NAC": 31, "NAD": 46, "TAR 1": 0.12801067245511691, "TAR 2": 0.13311688311688313, "TAR 1.1": 0.17485525227460713, "TAR 1.2": 0.078529657477025894, "TAR 2.1": 0.13311688311688313, "TAR 2.2": 0.0, "TAA 1.1.1": 0.19666666666666668, "TAA 1.1.2": 0.0, "TAA 1.1.3": 0.23025641025641028, "TAA 1.1.4": 0.0, "TAA 1.2.1": 0.0, "TAA 1.2.2": 0.0, "TAA 1.2.3": 0.14920634920634918, "TAA 1.2.4": 0.0, "TAA 2.1.1": 0.22727272727272729, "TAA 2.1.2": 0.0, "TAA 2.1.3": 0, "TAA 2.1.4": 0.125, "TAA 2.2.1": 0.0, "TAA 2.2.2": null, "TAA 2.2.3": null, "TAA 2.2.4": 0.0, "DC": 3570353.05, "BT": 34500000, "TD": 0.10348849420289855, "BD 2024 (EUR)": 715524.94, "BD 2024 (%)": 0.020739853333333332, "BD 2025 (EUR)": 2758290.3, "BD 2025 (%)": 0.079950443478260858, "BD 2026 (EUR)": 96537.81, "BD 2026 (%)": 0.002798197391304348, "BD 2027 (EUR)": null, "BD 2027 (%)": null, "BD 2028 (EUR)": null, "BD 2028 (%)": null, "BD 2029 (EUR)": null, "BD 2029 (%)": null, "BD 2030 (EUR)": null, "BD 2030 (%)": null, "BD C1 (EUR)": null, "BD C1 (%)": null, "BD C2 (EUR)": null, "BD C2 (%)": null, "BD C3 (EUR)": null, "BD C3 (%)": null, "BD C4 (EUR)": null, "BD C4 (%)": null, "BDF (EUR)": null, "BDF (%)": null, "BDA (EUR)": null, "BDA (%)": null, "BDC (EUR)": null, "BDC (%)": null, "BDMI (EUR)": null, "BDMI (%)": null, "BDMP (EUR)": null, "BDMP (%)": null, "BDS (EUR)": null, "BDS (%)": null, "TAC": 0.19329835870871731, "PA (EUR)": 1747100.0, "D (EUR)": 337711.5625, "TAC  C1": 0.071239145338208409, "PA C1 (EUR)": 109400.0, "D C1 (EUR)": 7793.5625, "TAC C2": 0.0056448853917208342, "PA C2 (EUR)": 584600.0, "D C2 (EUR)": 3299.9999999999995, "TAC  C3": 0.31162866138727219, "PA C3 (EUR)": 1048100.0, "D C3 (EUR)": 326618.0, "TAC C4": "0", "PA C4 (EUR)": 5000, "D C4 (EUR)": 0.0, "TAC F": "#DIV/0!", "PAF (EUR)": 0.0, "DF (EUR)": 0.0, "TAC A": 0.027021996615905246, "PAA (EUR)": 118200.0, "DA (EUR)": 3194.0, "TAC C": 0.21596375807940904, "PAC (EUR)": 1516200.0, "DC (EUR)": 327444.25, "TAC MI": 0.086576652386780903, "PAMI (EUR)": 81700.0, "DMI (EUR)": 7073.3125, " TAC MP": 0.0, "PAMP (EUR)": 31000.0, "DMP (EUR)": 0.0 }, "geometry": null },
{ "type": "Feature", "properties": { "Année": 2026, "Mois": "Juillet", "UC": "UCT", "TAG": 0.2613184654851321, "NAP": 76, "NAA": 2, "NAC": 37, "NAD": 37, "TAR 1": 0.29386850047227397, "TAR 2": 0.21076146076146077, "TAR 1.1": 0.35843672456575676, "TAR 1.2": 0.20908289241622577, "TAR 2.1": 0.21076146076146077, "TAR 2.2": 0.0, "TAA 1.1.1": 0.38, "TAA 1.1.2": 0.05, "TAA 1.1.3": 0.47410256410256407, "TAA 1.1.4": 0.0, "TAA 1.2.1": 0.055555555555555552, "TAA 1.2.2": 0.066666666666666666, "TAA 1.2.3": 0.3396825396825397, "TAA 1.2.4": 0.0, "TAA 2.1.1": 0.35479797979797983, "TAA 2.1.2": 0.0, "TAA 2.1.3": 0, "TAA 2.1.4": 0.20370370370370372, "TAA 2.2.1": 0.0, "TAA 2.2.2": null, "TAA 2.2.3": null, "TAA 2.2.4": 0.0, "DC": 3570353.05, "BT": 34500000, "TD": 0.10348849420289855, "BD 2024 (EUR)": 715524.94, "BD 2024 (%)": 0.020739853333333332, "BD 2025 (EUR)": 2758290.3, "BD 2025 (%)": 0.079950443478260858, "BD 2026 (EUR)": 96537.81, "BD 2026 (%)": 0.002798197391304348, "BD 2027 (EUR)": null, "BD 2027 (%)": null, "BD 2028 (EUR)": null, "BD 2028 (%)": null, "BD 2029 (EUR)": null, "BD 2029 (%)": null, "BD 2030 (EUR)": null, "BD 2030 (%)": null, "BD C1 (EUR)": null, "BD C1 (%)": null, "BD C2 (EUR)": null, "BD C2 (%)": null, "BD C3 (EUR)": null, "BD C3 (%)": null, "BD C4 (EUR)": null, "BD C4 (%)": null, "BDF (EUR)": null, "BDF (%)": null, "BDA (EUR)": null, "BDA (%)": null, "BDC (EUR)": null, "BDC (%)": null, "BDMI (EUR)": null, "BDMI (%)": null, "BDMP (EUR)": null, "BDMP (%)": null, "BDS (EUR)": null, "BDS (%)": null, "TAC": 0.32086403897887927, "PA (EUR)": 1747100.0, "D (EUR)": 560581.5625, "TAC  C1": 0.071239145338208409, "PA C1 (EUR)": 109400.0, "D C1 (EUR)": 7793.5625, "TAC C2": 0.0059103803170258862, "PA C2 (EUR)": 584600.0, "D C2 (EUR)": 3455.208333333333, "TAC  C3": 0.31162866138727219, "PA C3 (EUR)": 1048100.0, "D C3 (EUR)": 326618.0, "TAC C4": "0", "PA C4 (EUR)": 5000, "D C4 (EUR)": 0.0, "TAC F": "#DIV/0!", "PAF (EUR)": 0.0, "DF (EUR)": 0.0, "TAC A": 0.027423857868020304, "PAA (EUR)": 118200.0, "DA (EUR)": 3241.5, "TAC C": 0.2160800026381744, "PAC (EUR)": 1516200.0, "DC (EUR)": 327620.5, "TAC MI": 0.090493421052631584, "PAMI (EUR)": 81700.0, "DMI (EUR)": 7393.3125, " TAC MP": 0.0034744623655913976, "PAMP (EUR)": 31000.0, "DMP (EUR)": 107.70833333333333 }, "geometry": null },
{ "type": "Feature", "properties": { "Année": 2026, "Mois": "Août", "UC": "UCT", "TAG": 0.33178719428719428, "NAP": 75, "NAA": 4, "NAC": 43, "NAD": 28, "TAR 1": 0.37890777985117596, "TAR 2": 0.21588966588966588, "TAR 1.1": 0.41944345976604031, "TAR 1.2": 0.34514991181657845, "TAR 2.1": 0.21588966588966588, "TAR 2.2": 0.055555555555555552, "TAA 1.1.1": 0.46333333333333337, "TAA 1.1.2": 0.175, "TAA 1.1.3": 0.51129426129426137, "TAA 1.1.4": 0.0, "TAA 1.2.1": 0.31746031746031744, "TAA 1.2.2": 0.066666666666666666, "TAA 1.2.3": 0.47269841269841273, "TAA 1.2.4": 0.16666666666666666, "TAA 2.1.1": 0.36590909090909091, "TAA 2.1.2": 0.0, "TAA 2.1.3": 0, "TAA 2.1.4": 0.20370370370370372, "TAA 2.2.1": 0.0, "TAA 2.2.2": null, "TAA 2.2.3": null, "TAA 2.2.4": 0.0, "DC": 3570353.05, "BT": 34500000, "TD": 0.10348849420289855, "BD 2024 (EUR)": 715524.94, "BD 2024 (%)": 0.020739853333333332, "BD 2025 (EUR)": 2758290.3, "BD 2025 (%)": 0.079950443478260858, "BD 2026 (EUR)": 96537.81, "BD 2026 (%)": 0.002798197391304348, "BD 2027 (EUR)": null, "BD 2027 (%)": null, "BD 2028 (EUR)": null, "BD 2028 (%)": null, "BD 2029 (EUR)": null, "BD 2029 (%)": null, "BD 2030 (EUR)": null, "BD 2030 (%)": null, "BD C1 (EUR)": null, "BD C1 (%)": null, "BD C2 (EUR)": null, "BD C2 (%)": null, "BD C3 (EUR)": null, "BD C3 (%)": null, "BD C4 (EUR)": null, "BD C4 (%)": null, "BDF (EUR)": null, "BDF (%)": null, "BDA (EUR)": null, "BDA (%)": null, "BDC (EUR)": null, "BDC (%)": null, "BDMI (EUR)": null, "BDMI (%)": null, "BDMP (EUR)": null, "BDMP (%)": null, "BDS (EUR)": null, "BDS (%)": null, "TAC": 0.32086403897887927, "PA (EUR)": 1747100.0, "D (EUR)": 560581.5625, "TAC  C1": 0.075775251371115168, "PA C1 (EUR)": 109400.0, "D C1 (EUR)": 8289.8125, "TAC C2": 0.0059616974569506207, "PA C2 (EUR)": 584600.0, "D C2 (EUR)": 3485.208333333333, "TAC  C3": 0.52424196164488124, "PA C3 (EUR)": 1048100.0, "D C3 (EUR)": 549458.0, "TAC C4": "0", "PA C4 (EUR)": 5000, "D C4 (EUR)": 0.0, "TAC F": "#DIV/0!", "PAF (EUR)": 0.0, "DF (EUR)": 0.0, "TAC A": 0.027677664974619289, "PAA (EUR)": 118200.0, "DA (EUR)": 3271.5, "TAC C": 0.36305269753330693, "PAC (EUR)": 1516200.0, "DC (EUR)": 550460.5, "TAC MI": 0.090493421052631584, "PAMI (EUR)": 81700.0, "DMI (EUR)": 7393.3125, " TAC MP": 0.0034744623655913976, "PAMP (EUR)": 31000.0, "DMP (EUR)": 107.70833333333333 }, "geometry": null },
{ "type": "Feature", "properties": { "Année": 2026, "Mois": "Septembre", "UC": "UCT", "TAG": null, "NAP": null, "NAA": null, "NAC": null, "NAD": null, "TAR 1": null, "TAR 2": null, "TAR 1.1": null, "TAR 1.2": null, "TAR 2.1": null, "TAR 2.2": null, "TAA 1.1.1": null, "TAA 1.1.2": null, "TAA 1.1.3": null, "TAA 1.1.4": null, "TAA 1.2.1": null, "TAA 1.2.2": null, "TAA 1.2.3": null, "TAA 1.2.4": null, "TAA 2.1.1": null, "TAA 2.1.2": null, "TAA 2.1.3": null, "TAA 2.1.4": null, "TAA 2.2.1": null, "TAA 2.2.2": null, "TAA 2.2.3": null, "TAA 2.2.4": null, "DC": 3570353.05, "BT": 34500000, "TD": 0.10348849420289855, "BD 2024 (EUR)": 715524.94, "BD 2024 (%)": 0.020739853333333332, "BD 2025 (EUR)": 2758290.3, "BD 2025 (%)": 0.079950443478260858, "BD 2026 (EUR)": 96537.81, "BD 2026 (%)": 0.002798197391304348, "BD 2027 (EUR)": null, "BD 2027 (%)": null, "BD 2028 (EUR)": null, "BD 2028 (%)": null, "BD 2029 (EUR)": null, "BD 2029 (%)": null, "BD 2030 (EUR)": null, "BD 2030 (%)": null, "BD C1 (EUR)": null, "BD C1 (%)": null, "BD C2 (EUR)": null, "BD C2 (%)": null, "BD C3 (EUR)": null, "BD C3 (%)": null, "BD C4 (EUR)": null, "BD C4 (%)": null, "BDF (EUR)": null, "BDF (%)": null, "BDA (EUR)": null, "BDA (%)": null, "BDC (EUR)": null, "BDC (%)": null, "BDMI (EUR)": null, "BDMI (%)": null, "BDMP (EUR)": null, "BDMP (%)": null, "BDS (EUR)": null, "BDS (%)": null, "TAC": null, "PA (EUR)": null, "D (EUR)": null, "TAC  C1": null, "PA C1 (EUR)": null, "D C1 (EUR)": null, "TAC C2": null, "PA C2 (EUR)": null, "D C2 (EUR)": null, "TAC  C3": null, "PA C3 (EUR)": null, "D C3 (EUR)": null, "TAC C4": null, "PA C4 (EUR)": null, "D C4 (EUR)": null, "TAC F": null, "PAF (EUR)": null, "DF (EUR)": null, "TAC A": null, "PAA (EUR)": null, "DA (EUR)": null, "TAC C": null, "PAC (EUR)": null, "DC (EUR)": null, "TAC MI": null, "PAMI (EUR)": null, "DMI (EUR)": null, " TAC MP": null, "PAMP (EUR)": null, "DMP (EUR)": null }, "geometry": null },
{ "type": "Feature", "properties": { "Année": 2026, "Mois": "Octobre", "UC": "UCT", "TAG": null, "NAP": null, "NAA": null, "NAC": null, "NAD": null, "TAR 1": null, "TAR 2": null, "TAR 1.1": null, "TAR 1.2": null, "TAR 2.1": null, "TAR 2.2": null, "TAA 1.1.1": null, "TAA 1.1.2": null, "TAA 1.1.3": null, "TAA 1.1.4": null, "TAA 1.2.1": null, "TAA 1.2.2": null, "TAA 1.2.3": null, "TAA 1.2.4": null, "TAA 2.1.1": null, "TAA 2.1.2": null, "TAA 2.1.3": null, "TAA 2.1.4": null, "TAA 2.2.1": null, "TAA 2.2.2": null, "TAA 2.2.3": null, "TAA 2.2.4": null, "DC": 3570353.05, "BT": 34500000, "TD": 0.10348849420289855, "BD 2024 (EUR)": 715524.94, "BD 2024 (%)": 0.020739853333333332, "BD 2025 (EUR)": 2758290.3, "BD 2025 (%)": 0.079950443478260858, "BD 2026 (EUR)": 96537.81, "BD 2026 (%)": 0.002798197391304348, "BD 2027 (EUR)": null, "BD 2027 (%)": null, "BD 2028 (EUR)": null, "BD 2028 (%)": null, "BD 2029 (EUR)": null, "BD 2029 (%)": null, "BD 2030 (EUR)": null, "BD 2030 (%)": null, "BD C1 (EUR)": null, "BD C1 (%)": null, "BD C2 (EUR)": null, "BD C2 (%)": null, "BD C3 (EUR)": null, "BD C3 (%)": null, "BD C4 (EUR)": null, "BD C4 (%)": null, "BDF (EUR)": null, "BDF (%)": null, "BDA (EUR)": null, "BDA (%)": null, "BDC (EUR)": null, "BDC (%)": null, "BDMI (EUR)": null, "BDMI (%)": null, "BDMP (EUR)": null, "BDMP (%)": null, "BDS (EUR)": null, "BDS (%)": null, "TAC": null, "PA (EUR)": null, "D (EUR)": null, "TAC  C1": null, "PA C1 (EUR)": null, "D C1 (EUR)": null, "TAC C2": null, "PA C2 (EUR)": null, "D C2 (EUR)": null, "TAC  C3": null, "PA C3 (EUR)": null, "D C3 (EUR)": null, "TAC C4": null, "PA C4 (EUR)": null, "D C4 (EUR)": null, "TAC F": null, "PAF (EUR)": null, "DF (EUR)": null, "TAC A": null, "PAA (EUR)": null, "DA (EUR)": null, "TAC C": null, "PAC (EUR)": null, "DC (EUR)": null, "TAC MI": null, "PAMI (EUR)": null, "DMI (EUR)": null, " TAC MP": null, "PAMP (EUR)": null, "DMP (EUR)": null }, "geometry": null },
{ "type": "Feature", "properties": { "Année": 2026, "Mois": "Novembre", "UC": "UCT", "TAG": null, "NAP": null, "NAA": null, "NAC": null, "NAD": null, "TAR 1": null, "TAR 2": null, "TAR 1.1": null, "TAR 1.2": null, "TAR 2.1": null, "TAR 2.2": null, "TAA 1.1.1": null, "TAA 1.1.2": null, "TAA 1.1.3": null, "TAA 1.1.4": null, "TAA 1.2.1": null, "TAA 1.2.2": null, "TAA 1.2.3": null, "TAA 1.2.4": null, "TAA 2.1.1": null, "TAA 2.1.2": null, "TAA 2.1.3": null, "TAA 2.1.4": null, "TAA 2.2.1": null, "TAA 2.2.2": null, "TAA 2.2.3": null, "TAA 2.2.4": null, "DC": 3570353.05, "BT": 34500000, "TD": 0.10348849420289855, "BD 2024 (EUR)": 715524.94, "BD 2024 (%)": 0.020739853333333332, "BD 2025 (EUR)": 2758290.3, "BD 2025 (%)": 0.079950443478260858, "BD 2026 (EUR)": 96537.81, "BD 2026 (%)": 0.002798197391304348, "BD 2027 (EUR)": null, "BD 2027 (%)": null, "BD 2028 (EUR)": null, "BD 2028 (%)": null, "BD 2029 (EUR)": null, "BD 2029 (%)": null, "BD 2030 (EUR)": null, "BD 2030 (%)": null, "BD C1 (EUR)": null, "BD C1 (%)": null, "BD C2 (EUR)": null, "BD C2 (%)": null, "BD C3 (EUR)": null, "BD C3 (%)": null, "BD C4 (EUR)": null, "BD C4 (%)": null, "BDF (EUR)": null, "BDF (%)": null, "BDA (EUR)": null, "BDA (%)": null, "BDC (EUR)": null, "BDC (%)": null, "BDMI (EUR)": null, "BDMI (%)": null, "BDMP (EUR)": null, "BDMP (%)": null, "BDS (EUR)": null, "BDS (%)": null, "TAC": null, "PA (EUR)": null, "D (EUR)": null, "TAC  C1": null, "PA C1 (EUR)": null, "D C1 (EUR)": null, "TAC C2": null, "PA C2 (EUR)": null, "D C2 (EUR)": null, "TAC  C3": null, "PA C3 (EUR)": null, "D C3 (EUR)": null, "TAC C4": null, "PA C4 (EUR)": null, "D C4 (EUR)": null, "TAC F": null, "PAF (EUR)": null, "DF (EUR)": null, "TAC A": null, "PAA (EUR)": null, "DA (EUR)": null, "TAC C": null, "PAC (EUR)": null, "DC (EUR)": null, "TAC MI": null, "PAMI (EUR)": null, "DMI (EUR)": null, " TAC MP": null, "PAMP (EUR)": null, "DMP (EUR)": null }, "geometry": null },
{ "type": "Feature", "properties": { "Année": 2026, "Mois": "Décembre", "UC": "UCT", "TAG": null, "NAP": null, "NAA": null, "NAC": null, "NAD": null, "TAR 1": null, "TAR 2": null, "TAR 1.1": null, "TAR 1.2": null, "TAR 2.1": null, "TAR 2.2": null, "TAA 1.1.1": null, "TAA 1.1.2": null, "TAA 1.1.3": null, "TAA 1.1.4": null, "TAA 1.2.1": null, "TAA 1.2.2": null, "TAA 1.2.3": null, "TAA 1.2.4": null, "TAA 2.1.1": null, "TAA 2.1.2": null, "TAA 2.1.3": null, "TAA 2.1.4": null, "TAA 2.2.1": null, "TAA 2.2.2": null, "TAA 2.2.3": null, "TAA 2.2.4": null, "DC": 3570353.05, "BT": 34500000, "TD": 0.10348849420289855, "BD 2024 (EUR)": 715524.94, "BD 2024 (%)": 0.020739853333333332, "BD 2025 (EUR)": 2758290.3, "BD 2025 (%)": 0.079950443478260858, "BD 2026 (EUR)": 96537.81, "BD 2026 (%)": 0.002798197391304348, "BD 2027 (EUR)": null, "BD 2027 (%)": null, "BD 2028 (EUR)": null, "BD 2028 (%)": null, "BD 2029 (EUR)": null, "BD 2029 (%)": null, "BD 2030 (EUR)": null, "BD 2030 (%)": null, "BD C1 (EUR)": null, "BD C1 (%)": null, "BD C2 (EUR)": null, "BD C2 (%)": null, "BD C3 (EUR)": null, "BD C3 (%)": null, "BD C4 (EUR)": null, "BD C4 (%)": null, "BDF (EUR)": null, "BDF (%)": null, "BDA (EUR)": null, "BDA (%)": null, "BDC (EUR)": null, "BDC (%)": null, "BDMI (EUR)": null, "BDMI (%)": null, "BDMP (EUR)": null, "BDMP (%)": null, "BDS (EUR)": null, "BDS (%)": null, "TAC": null, "PA (EUR)": null, "D (EUR)": null, "TAC  C1": null, "PA C1 (EUR)": null, "D C1 (EUR)": null, "TAC C2": null, "PA C2 (EUR)": null, "D C2 (EUR)": null, "TAC  C3": null, "PA C3 (EUR)": null, "D C3 (EUR)": null, "TAC C4": null, "PA C4 (EUR)": null, "D C4 (EUR)": null, "TAC F": null, "PAF (EUR)": null, "DF (EUR)": null, "TAC A": null, "PAA (EUR)": null, "DA (EUR)": null, "TAC C": null, "PAC (EUR)": null, "DC (EUR)": null, "TAC MI": null, "PAMI (EUR)": null, "DMI (EUR)": null, " TAC MP": null, "PAMP (EUR)": null, "DMP (EUR)": null }, "geometry": null },
{ "type": "Feature", "properties": { "Année": 2026, "Mois": "Janvier", "UC": "UCR-B", "TAG": null, "NAP": null, "NAA": null, "NAC": null, "NAD": null, "TAR 1": null, "TAR 2": null, "TAR 1.1": null, "TAR 1.2": null, "TAR 2.1": null, "TAR 2.2": null, "TAA 1.1.1": null, "TAA 1.1.2": null, "TAA 1.1.3": null, "TAA 1.1.4": null, "TAA 1.2.1": null, "TAA 1.2.2": null, "TAA 1.2.3": null, "TAA 1.2.4": null, "TAA 2.1.1": null, "TAA 2.1.2": null, "TAA 2.1.3": null, "TAA 2.1.4": null, "TAA 2.2.1": null, "TAA 2.2.2": null, "TAA 2.2.3": null, "TAA 2.2.4": null, "DC": 3570353.05, "BT": 34500000, "TD": 0.10348849420289855, "BD 2024 (EUR)": 715524.94, "BD 2024 (%)": 0.020739853333333332, "BD 2025 (EUR)": 2758290.3, "BD 2025 (%)": 0.079950443478260858, "BD 2026 (EUR)": 96537.81, "BD 2026 (%)": 0.002798197391304348, "BD 2027 (EUR)": null, "BD 2027 (%)": null, "BD 2028 (EUR)": null, "BD 2028 (%)": null, "BD 2029 (EUR)": null, "BD 2029 (%)": null, "BD 2030 (EUR)": null, "BD 2030 (%)": null, "BD C1 (EUR)": null, "BD C1 (%)": null, "BD C2 (EUR)": null, "BD C2 (%)": null, "BD C3 (EUR)": null, "BD C3 (%)": null, "BD C4 (EUR)": null, "BD C4 (%)": null, "BDF (EUR)": null, "BDF (%)": null, "BDA (EUR)": null, "BDA (%)": null, "BDC (EUR)": null, "BDC (%)": null, "BDMI (EUR)": null, "BDMI (%)": null, "BDMP (EUR)": null, "BDMP (%)": null, "BDS (EUR)": null, "BDS (%)": null, "TAC": null, "PA (EUR)": null, "D (EUR)": null, "TAC  C1": null, "PA C1 (EUR)": null, "D C1 (EUR)": null, "TAC C2": null, "PA C2 (EUR)": null, "D C2 (EUR)": null, "TAC  C3": null, "PA C3 (EUR)": null, "D C3 (EUR)": null, "TAC C4": null, "PA C4 (EUR)": null, "D C4 (EUR)": null, "TAC F": null, "PAF (EUR)": null, "DF (EUR)": null, "TAC A": null, "PAA (EUR)": null, "DA (EUR)": null, "TAC C": null, "PAC (EUR)": null, "DC (EUR)": null, "TAC MI": null, "PAMI (EUR)": null, "DMI (EUR)": null, " TAC MP": null, "PAMP (EUR)": null, "DMP (EUR)": null }, "geometry": null },
{ "type": "Feature", "properties": { "Année": 2026, "Mois": "Février", "UC": "UCR-B", "TAG": null, "NAP": null, "NAA": null, "NAC": null, "NAD": null, "TAR 1": null, "TAR 2": null, "TAR 1.1": null, "TAR 1.2": null, "TAR 2.1": null, "TAR 2.2": null, "TAA 1.1.1": null, "TAA 1.1.2": null, "TAA 1.1.3": null, "TAA 1.1.4": null, "TAA 1.2.1": null, "TAA 1.2.2": null, "TAA 1.2.3": null, "TAA 1.2.4": null, "TAA 2.1.1": null, "TAA 2.1.2": null, "TAA 2.1.3": null, "TAA 2.1.4": null, "TAA 2.2.1": null, "TAA 2.2.2": null, "TAA 2.2.3": null, "TAA 2.2.4": null, "DC": 3570353.05, "BT": 34500000, "TD": 0.10348849420289855, "BD 2024 (EUR)": 715524.94, "BD 2024 (%)": 0.020739853333333332, "BD 2025 (EUR)": 2758290.3, "BD 2025 (%)": 0.079950443478260858, "BD 2026 (EUR)": 96537.81, "BD 2026 (%)": 0.002798197391304348, "BD 2027 (EUR)": null, "BD 2027 (%)": null, "BD 2028 (EUR)": null, "BD 2028 (%)": null, "BD 2029 (EUR)": null, "BD 2029 (%)": null, "BD 2030 (EUR)": null, "BD 2030 (%)": null, "BD C1 (EUR)": null, "BD C1 (%)": null, "BD C2 (EUR)": null, "BD C2 (%)": null, "BD C3 (EUR)": null, "BD C3 (%)": null, "BD C4 (EUR)": null, "BD C4 (%)": null, "BDF (EUR)": null, "BDF (%)": null, "BDA (EUR)": null, "BDA (%)": null, "BDC (EUR)": null, "BDC (%)": null, "BDMI (EUR)": null, "BDMI (%)": null, "BDMP (EUR)": null, "BDMP (%)": null, "BDS (EUR)": null, "BDS (%)": null, "TAC": null, "PA (EUR)": null, "D (EUR)": null, "TAC  C1": null, "PA C1 (EUR)": null, "D C1 (EUR)": null, "TAC C2": null, "PA C2 (EUR)": null, "D C2 (EUR)": null, "TAC  C3": null, "PA C3 (EUR)": null, "D C3 (EUR)": null, "TAC C4": null, "PA C4 (EUR)": null, "D C4 (EUR)": null, "TAC F": null, "PAF (EUR)": null, "DF (EUR)": null, "TAC A": null, "PAA (EUR)": null, "DA (EUR)": null, "TAC C": null, "PAC (EUR)": null, "DC (EUR)": null, "TAC MI": null, "PAMI (EUR)": null, "DMI (EUR)": null, " TAC MP": null, "PAMP (EUR)": null, "DMP (EUR)": null }, "geometry": null },
{ "type": "Feature", "properties": { "Année": 2026, "Mois": "Mars", "UC": "UCR-B", "TAG": null, "NAP": null, "NAA": null, "NAC": null, "NAD": null, "TAR 1": null, "TAR 2": null, "TAR 1.1": null, "TAR 1.2": null, "TAR 2.1": null, "TAR 2.2": null, "TAA 1.1.1": null, "TAA 1.1.2": null, "TAA 1.1.3": null, "TAA 1.1.4": null, "TAA 1.2.1": null, "TAA 1.2.2": null, "TAA 1.2.3": null, "TAA 1.2.4": null, "TAA 2.1.1": null, "TAA 2.1.2": null, "TAA 2.1.3": null, "TAA 2.1.4": null, "TAA 2.2.1": null, "TAA 2.2.2": null, "TAA 2.2.3": null, "TAA 2.2.4": null, "DC": 3570353.05, "BT": 34500000, "TD": 0.10348849420289855, "BD 2024 (EUR)": 715524.94, "BD 2024 (%)": 0.020739853333333332, "BD 2025 (EUR)": 2758290.3, "BD 2025 (%)": 0.079950443478260858, "BD 2026 (EUR)": 96537.81, "BD 2026 (%)": 0.002798197391304348, "BD 2027 (EUR)": null, "BD 2027 (%)": null, "BD 2028 (EUR)": null, "BD 2028 (%)": null, "BD 2029 (EUR)": null, "BD 2029 (%)": null, "BD 2030 (EUR)": null, "BD 2030 (%)": null, "BD C1 (EUR)": null, "BD C1 (%)": null, "BD C2 (EUR)": null, "BD C2 (%)": null, "BD C3 (EUR)": null, "BD C3 (%)": null, "BD C4 (EUR)": null, "BD C4 (%)": null, "BDF (EUR)": null, "BDF (%)": null, "BDA (EUR)": null, "BDA (%)": null, "BDC (EUR)": null, "BDC (%)": null, "BDMI (EUR)": null, "BDMI (%)": null, "BDMP (EUR)": null, "BDMP (%)": null, "BDS (EUR)": null, "BDS (%)": null, "TAC": null, "PA (EUR)": null, "D (EUR)": null, "TAC  C1": null, "PA C1 (EUR)": null, "D C1 (EUR)": null, "TAC C2": null, "PA C2 (EUR)": null, "D C2 (EUR)": null, "TAC  C3": null, "PA C3 (EUR)": null, "D C3 (EUR)": null, "TAC C4": null, "PA C4 (EUR)": null, "D C4 (EUR)": null, "TAC F": null, "PAF (EUR)": null, "DF (EUR)": null, "TAC A": null, "PAA (EUR)": null, "DA (EUR)": null, "TAC C": null, "PAC (EUR)": null, "DC (EUR)": null, "TAC MI": null, "PAMI (EUR)": null, "DMI (EUR)": null, " TAC MP": null, "PAMP (EUR)": null, "DMP (EUR)": null }, "geometry": null },
{ "type": "Feature", "properties": { "Année": 2026, "Mois": "Avril", "UC": "UCR-B", "TAG": null, "NAP": null, "NAA": null, "NAC": null, "NAD": null, "TAR 1": null, "TAR 2": null, "TAR 1.1": null, "TAR 1.2": null, "TAR 2.1": null, "TAR 2.2": null, "TAA 1.1.1": null, "TAA 1.1.2": null, "TAA 1.1.3": null, "TAA 1.1.4": null, "TAA 1.2.1": null, "TAA 1.2.2": null, "TAA 1.2.3": null, "TAA 1.2.4": null, "TAA 2.1.1": null, "TAA 2.1.2": null, "TAA 2.1.3": null, "TAA 2.1.4": null, "TAA 2.2.1": null, "TAA 2.2.2": null, "TAA 2.2.3": null, "TAA 2.2.4": null, "DC": 3570353.05, "BT": 34500000, "TD": 0.10348849420289855, "BD 2024 (EUR)": 715524.94, "BD 2024 (%)": 0.020739853333333332, "BD 2025 (EUR)": 2758290.3, "BD 2025 (%)": 0.079950443478260858, "BD 2026 (EUR)": 96537.81, "BD 2026 (%)": 0.002798197391304348, "BD 2027 (EUR)": null, "BD 2027 (%)": null, "BD 2028 (EUR)": null, "BD 2028 (%)": null, "BD 2029 (EUR)": null, "BD 2029 (%)": null, "BD 2030 (EUR)": null, "BD 2030 (%)": null, "BD C1 (EUR)": null, "BD C1 (%)": null, "BD C2 (EUR)": null, "BD C2 (%)": null, "BD C3 (EUR)": null, "BD C3 (%)": null, "BD C4 (EUR)": null, "BD C4 (%)": null, "BDF (EUR)": null, "BDF (%)": null, "BDA (EUR)": null, "BDA (%)": null, "BDC (EUR)": null, "BDC (%)": null, "BDMI (EUR)": null, "BDMI (%)": null, "BDMP (EUR)": null, "BDMP (%)": null, "BDS (EUR)": null, "BDS (%)": null, "TAC": null, "PA (EUR)": null, "D (EUR)": null, "TAC  C1": null, "PA C1 (EUR)": null, "D C1 (EUR)": null, "TAC C2": null, "PA C2 (EUR)": null, "D C2 (EUR)": null, "TAC  C3": null, "PA C3 (EUR)": null, "D C3 (EUR)": null, "TAC C4": null, "PA C4 (EUR)": null, "D C4 (EUR)": null, "TAC F": null, "PAF (EUR)": null, "DF (EUR)": null, "TAC A": null, "PAA (EUR)": null, "DA (EUR)": null, "TAC C": null, "PAC (EUR)": null, "DC (EUR)": null, "TAC MI": null, "PAMI (EUR)": null, "DMI (EUR)": null, " TAC MP": null, "PAMP (EUR)": null, "DMP (EUR)": null }, "geometry": null },
{ "type": "Feature", "properties": { "Année": 2026, "Mois": "Mai", "UC": "UCR-B", "TAG": null, "NAP": null, "NAA": null, "NAC": null, "NAD": null, "TAR 1": null, "TAR 2": null, "TAR 1.1": null, "TAR 1.2": null, "TAR 2.1": null, "TAR 2.2": null, "TAA 1.1.1": null, "TAA 1.1.2": null, "TAA 1.1.3": null, "TAA 1.1.4": null, "TAA 1.2.1": null, "TAA 1.2.2": null, "TAA 1.2.3": null, "TAA 1.2.4": null, "TAA 2.1.1": null, "TAA 2.1.2": null, "TAA 2.1.3": null, "TAA 2.1.4": null, "TAA 2.2.1": null, "TAA 2.2.2": null, "TAA 2.2.3": null, "TAA 2.2.4": null, "DC": 3570353.05, "BT": 34500000, "TD": 0.10348849420289855, "BD 2024 (EUR)": 715524.94, "BD 2024 (%)": 0.020739853333333332, "BD 2025 (EUR)": 2758290.3, "BD 2025 (%)": 0.079950443478260858, "BD 2026 (EUR)": 96537.81, "BD 2026 (%)": 0.002798197391304348, "BD 2027 (EUR)": null, "BD 2027 (%)": null, "BD 2028 (EUR)": null, "BD 2028 (%)": null, "BD 2029 (EUR)": null, "BD 2029 (%)": null, "BD 2030 (EUR)": null, "BD 2030 (%)": null, "BD C1 (EUR)": null, "BD C1 (%)": null, "BD C2 (EUR)": null, "BD C2 (%)": null, "BD C3 (EUR)": null, "BD C3 (%)": null, "BD C4 (EUR)": null, "BD C4 (%)": null, "BDF (EUR)": null, "BDF (%)": null, "BDA (EUR)": null, "BDA (%)": null, "BDC (EUR)": null, "BDC (%)": null, "BDMI (EUR)": null, "BDMI (%)": null, "BDMP (EUR)": null, "BDMP (%)": null, "BDS (EUR)": null, "BDS (%)": null, "TAC": null, "PA (EUR)": null, "D (EUR)": null, "TAC  C1": null, "PA C1 (EUR)": null, "D C1 (EUR)": null, "TAC C2": null, "PA C2 (EUR)": null, "D C2 (EUR)": null, "TAC  C3": null, "PA C3 (EUR)": null, "D C3 (EUR)": null, "TAC C4": null, "PA C4 (EUR)": null, "D C4 (EUR)": null, "TAC F": null, "PAF (EUR)": null, "DF (EUR)": null, "TAC A": null, "PAA (EUR)": null, "DA (EUR)": null, "TAC C": null, "PAC (EUR)": null, "DC (EUR)": null, "TAC MI": null, "PAMI (EUR)": null, "DMI (EUR)": null, " TAC MP": null, "PAMP (EUR)": null, "DMP (EUR)": null }, "geometry": null },
{ "type": "Feature", "properties": { "Année": 2026, "Mois": "Juin", "UC": "UCR-B", "TAG": 0.37852916314454771, "NAP": 65, "NAA": 3, "NAC": 38, "NAD": 24, "TAR 1": 0.32396650968079538, "TAR 2": 0.41981981981981981, "TAR 1.1": 0.28333333333333333, "TAR 1.2": 0.34654049654049657, "TAR 2.1": 0.48472222222222222, "TAR 2.2": 0.3, "TAA 1.1.1": 0.5, "TAA 1.1.2": 0.25, "TAA 1.1.3": 0.0, "TAA 1.1.4": 0.16666666666666666, "TAA 1.2.1": 0.32993197278911562, "TAA 1.2.2": 0.32222222222222219, "TAA 1.2.3": 0.59829059829059827, "TAA 1.2.4": 0.1, "TAA 2.1.1": 0.47638888888888892, "TAA 2.1.2": 0.6785714285714286, "TAA 2.1.3": null, "TAA 2.1.4": 0.23333333333333331, "TAA 2.2.1": 0.25, "TAA 2.2.2": 0.33333333333333331, "TAA 2.2.3": 0.13333333333333333, "TAA 2.2.4": 0.5, "DC": 3570353.05, "BT": 34500000, "TD": 0.10348849420289855, "BD 2024 (EUR)": 715524.94, "BD 2024 (%)": 0.020739853333333332, "BD 2025 (EUR)": 2758290.3, "BD 2025 (%)": 0.079950443478260858, "BD 2026 (EUR)": 96537.81, "BD 2026 (%)": 0.002798197391304348, "BD 2027 (EUR)": null, "BD 2027 (%)": null, "BD 2028 (EUR)": null, "BD 2028 (%)": null, "BD 2029 (EUR)": null, "BD 2029 (%)": null, "BD 2030 (EUR)": null, "BD 2030 (%)": null, "BD C1 (EUR)": null, "BD C1 (%)": null, "BD C2 (EUR)": null, "BD C2 (%)": null, "BD C3 (EUR)": null, "BD C3 (%)": null, "BD C4 (EUR)": null, "BD C4 (%)": null, "BDF (EUR)": null, "BDF (%)": null, "BDA (EUR)": null, "BDA (%)": null, "BDC (EUR)": null, "BDC (%)": null, "BDMI (EUR)": null, "BDMI (%)": null, "BDMP (EUR)": null, "BDMP (%)": null, "BDS (EUR)": null, "BDS (%)": null, "TAC": 0.15231926274278135, "PA (EUR)": 105265.51937618147, "D (EUR)": 16033.966303615925, "TAC  C1": 0.09701385071115938, "PA C1 (EUR)": 20490.0, "D C1 (EUR)": 1987.8138010716557, "TAC C2": 0.17736748190747187, "PA C2 (EUR)": 46525.519376181473, "D C2 (EUR)": 8252.1142161905991, "TAC  C3": 0.15058731214265433, "PA C3 (EUR)": 35510.0, "D C3 (EUR)": 5347.3554541856556, "TAC C4": "0.163022931448178", "PA C4 (EUR)": 2740, "D C4 (EUR)": 446.6828321680083, "TAC F": "0.35360409204364107", "PAF (EUR)": 12024.75, "DF (EUR)": 4252.0008058017729, "TAC A": 0.1824108638779196, "PAA (EUR)": 24415.168241965974, "DA (EUR)": 4453.5919307417607, "TAC C": 0.070760448905436077, "PAC (EUR)": 37503.143667296783, "DC (EUR)": 2653.7392812629823, "TAC MI": 0.39373981860417095, "PAMI (EUR)": 19336.457466918713, "DMI (EUR)": 7613.5332554718407, " TAC MP": 0.10955296480388232, "PAMP (EUR)": 11986.0, "DMP (EUR)": 1313.1018361393335 }, "geometry": null },
{ "type": "Feature", "properties": { "Année": 2026, "Mois": "Juillet", "UC": "UCR-B", "TAG": 0.46791772330233872, "NAP": 65, "NAA": 9, "NAC": 38, "NAD": 18, "TAR 1": 0.39218995290423864, "TAR 2": 0.5252252252252253, "TAR 1.1": 0.33833333333333337, "TAR 1.2": 0.42211029711029707, "TAR 2.1": 0.60277777777777775, "TAR 2.2": 0.38205128205128208, "TAA 1.1.1": 0.6166666666666667, "TAA 1.1.2": 0.25, "TAA 1.1.3": 0.2, "TAA 1.1.4": 0.16666666666666666, "TAA 1.2.1": 0.4704081632653061, "TAA 1.2.2": 0.35, "TAA 1.2.3": 0.62393162393162394, "TAA 1.2.4": 0.16666666666666666, "TAA 2.1.1": 0.53888888888888886, "TAA 2.1.2": 0.6785714285714286, "TAA 2.1.3": null, "TAA 2.1.4": 0.65, "TAA 2.2.1": 0.25, "TAA 2.2.2": 0.33333333333333331, "TAA 2.2.3": 0.26666666666666666, "TAA 2.2.4": 0.72222222222222221, "DC": 3570353.05, "BT": 34500000, "TD": 0.10348849420289855, "BD 2024 (EUR)": 715524.94, "BD 2024 (%)": 0.020739853333333332, "BD 2025 (EUR)": 2758290.3, "BD 2025 (%)": 0.079950443478260858, "BD 2026 (EUR)": 96537.81, "BD 2026 (%)": 0.002798197391304348, "BD 2027 (EUR)": null, "BD 2027 (%)": null, "BD 2028 (EUR)": null, "BD 2028 (%)": null, "BD 2029 (EUR)": null, "BD 2029 (%)": null, "BD 2030 (EUR)": null, "BD 2030 (%)": null, "BD C1 (EUR)": null, "BD C1 (%)": null, "BD C2 (EUR)": null, "BD C2 (%)": null, "BD C3 (EUR)": null, "BD C3 (%)": null, "BD C4 (EUR)": null, "BD C4 (%)": null, "BDF (EUR)": null, "BDF (%)": null, "BDA (EUR)": null, "BDA (%)": null, "BDC (EUR)": null, "BDC (%)": null, "BDMI (EUR)": null, "BDMI (%)": null, "BDMP (EUR)": null, "BDMP (%)": null, "BDS (EUR)": null, "BDS (%)": null, "TAC": 0.34799470704702451, "PA (EUR)": 105265.51937618147, "D (EUR)": 36631.843577467152, "TAC  C1": 0.09701385071115938, "PA C1 (EUR)": 20490.0, "D C1 (EUR)": 1987.8138010716557, "TAC C2": 0.30949299055420387, "PA C2 (EUR)": 46525.519376181473, "D C2 (EUR)": 14399.322128821961, "TAC  C3": 0.55057040510677668, "PA C3 (EUR)": 35510.0, "D C3 (EUR)": 19550.75508534164, "TAC C4": "0.253267358478791", "PA C4 (EUR)": 2740, "D C4 (EUR)": 693.9525622318863, "TAC F": "0.35360409204364107", "PAF (EUR)": 12024.75, "DF (EUR)": 4252.0008058017729, "TAC A": 0.52660443193154616, "PAA (EUR)": 24415.168241965974, "DA (EUR)": 12857.135802573617, "TAC C": 0.24511550077122612, "PAC (EUR)": 37503.143667296783, "DC (EUR)": 9192.6018405046889, "TAC MI": 0.42315163719192933, "PAMI (EUR)": 19336.457466918713, "DMI (EUR)": 8182.2536346187599, " TAC MP": 0.53394395960037355, "PAMP (EUR)": 11986.0, "DMP (EUR)": 6399.8522997700775 }, "geometry": null },
{ "type": "Feature", "properties": { "Année": 2026, "Mois": "Août", "UC": "UCR-B", "TAG": 0.55213017751479299, "NAP": 64, "NAA": 17, "NAC": 40, "NAD": 7, "TAR 1": 0.41565934065934068, "TAR 2": 0.65540540540540537, "TAR 1.1": 0.365, "TAR 1.2": 0.44380341880341878, "TAR 2.1": 0.7090277777777777, "TAR 2.2": 0.55641025641025643, "TAA 1.1.1": 0.63888888888888895, "TAA 1.1.2": 0.3, "TAA 1.1.3": 0.2, "TAA 1.1.4": 0.16666666666666666, "TAA 1.2.1": 0.45, "TAA 1.2.2": 0.3833333333333333, "TAA 1.2.3": 0.73504273504273498, "TAA 1.2.4": 0.16666666666666666, "TAA 2.1.1": 0.73055555555555551, "TAA 2.1.2": 0.75, "TAA 2.1.3": null, "TAA 2.1.4": 0.6, "TAA 2.2.1": 0.79166666666666663, "TAA 2.2.2": 0.44444444444444442, "TAA 2.2.3": 0.22222222222222221, "TAA 2.2.4": 0.68888888888888877, "DC": 3570353.05, "BT": 34500000, "TD": 0.10348849420289855, "BD 2024 (EUR)": 715524.94, "BD 2024 (%)": 0.020739853333333332, "BD 2025 (EUR)": 2758290.3, "BD 2025 (%)": 0.079950443478260858, "BD 2026 (EUR)": 96537.81, "BD 2026 (%)": 0.002798197391304348, "BD 2027 (EUR)": null, "BD 2027 (%)": null, "BD 2028 (EUR)": null, "BD 2028 (%)": null, "BD 2029 (EUR)": null, "BD 2029 (%)": null, "BD 2030 (EUR)": null, "BD 2030 (%)": null, "BD C1 (EUR)": null, "BD C1 (%)": null, "BD C2 (EUR)": null, "BD C2 (%)": null, "BD C3 (EUR)": null, "BD C3 (%)": null, "BD C4 (EUR)": null, "BD C4 (%)": null, "BDF (EUR)": null, "BDF (%)": null, "BDA (EUR)": null, "BDA (%)": null, "BDC (EUR)": null, "BDC (%)": null, "BDMI (EUR)": null, "BDMI (%)": null, "BDMP (EUR)": null, "BDMP (%)": null, "BDS (EUR)": null, "BDS (%)": null, "TAC": 0.49429263212621793, "PA (EUR)": 105265.51937618147, "D (EUR)": 52031.970644586137, "TAC  C1": 0.41643706471071246, "PA C1 (EUR)": 20490.0, "D C1 (EUR)": 8532.7954559224981, "TAC C2": 0.48049313715195691, "PA C2 (EUR)": 46525.519376181473, "D C2 (EUR)": 22355.192762685594, "TAC  C3": 0.56078191729330884, "PA C3 (EUR)": 35510.0, "D C3 (EUR)": 19913.365883085396, "TAC C4": "0.449130125143301", "PA C4 (EUR)": 2740, "D C4 (EUR)": 1230.6165428926438, "TAC F": "0.35360409204364107", "PAF (EUR)": 12024.75, "DF (EUR)": 4252.0008058017729, "TAC A": 0.53565070678119919, "PAA (EUR)": 24415.168241965974, "DA (EUR)": 13078.002124990962, "TAC C": 0.3693817067894779, "PAC (EUR)": 37503.143667296783, "DC (EUR)": 13852.975217797086, "TAC MI": 0.51933215498950713, "PAMI (EUR)": 19336.457466918713, "DMI (EUR)": 10042.044126157842, " TAC MP": 0.90163093357571067, "PAMP (EUR)": 11986.0, "DMP (EUR)": 10806.948369838468 }, "geometry": null },
{ "type": "Feature", "properties": { "Année": 2026, "Mois": "Septembre", "UC": "UCR-B", "TAG": null, "NAP": null, "NAA": null, "NAC": null, "NAD": null, "TAR 1": null, "TAR 2": null, "TAR 1.1": null, "TAR 1.2": null, "TAR 2.1": null, "TAR 2.2": null, "TAA 1.1.1": null, "TAA 1.1.2": null, "TAA 1.1.3": null, "TAA 1.1.4": null, "TAA 1.2.1": null, "TAA 1.2.2": null, "TAA 1.2.3": null, "TAA 1.2.4": null, "TAA 2.1.1": null, "TAA 2.1.2": null, "TAA 2.1.3": null, "TAA 2.1.4": null, "TAA 2.2.1": null, "TAA 2.2.2": null, "TAA 2.2.3": null, "TAA 2.2.4": null, "DC": 3570353.05, "BT": 34500000, "TD": 0.10348849420289855, "BD 2024 (EUR)": 715524.94, "BD 2024 (%)": 0.020739853333333332, "BD 2025 (EUR)": 2758290.3, "BD 2025 (%)": 0.079950443478260858, "BD 2026 (EUR)": 96537.81, "BD 2026 (%)": 0.002798197391304348, "BD 2027 (EUR)": null, "BD 2027 (%)": null, "BD 2028 (EUR)": null, "BD 2028 (%)": null, "BD 2029 (EUR)": null, "BD 2029 (%)": null, "BD 2030 (EUR)": null, "BD 2030 (%)": null, "BD C1 (EUR)": null, "BD C1 (%)": null, "BD C2 (EUR)": null, "BD C2 (%)": null, "BD C3 (EUR)": null, "BD C3 (%)": null, "BD C4 (EUR)": null, "BD C4 (%)": null, "BDF (EUR)": null, "BDF (%)": null, "BDA (EUR)": null, "BDA (%)": null, "BDC (EUR)": null, "BDC (%)": null, "BDMI (EUR)": null, "BDMI (%)": null, "BDMP (EUR)": null, "BDMP (%)": null, "BDS (EUR)": null, "BDS (%)": null, "TAC": null, "PA (EUR)": null, "D (EUR)": null, "TAC  C1": null, "PA C1 (EUR)": null, "D C1 (EUR)": null, "TAC C2": null, "PA C2 (EUR)": null, "D C2 (EUR)": null, "TAC  C3": null, "PA C3 (EUR)": null, "D C3 (EUR)": null, "TAC C4": null, "PA C4 (EUR)": null, "D C4 (EUR)": null, "TAC F": null, "PAF (EUR)": null, "DF (EUR)": null, "TAC A": null, "PAA (EUR)": null, "DA (EUR)": null, "TAC C": null, "PAC (EUR)": null, "DC (EUR)": null, "TAC MI": null, "PAMI (EUR)": null, "DMI (EUR)": null, " TAC MP": null, "PAMP (EUR)": null, "DMP (EUR)": null }, "geometry": null },
{ "type": "Feature", "properties": { "Année": 2026, "Mois": "Octobre", "UC": "UCR-B", "TAG": null, "NAP": null, "NAA": null, "NAC": null, "NAD": null, "TAR 1": null, "TAR 2": null, "TAR 1.1": null, "TAR 1.2": null, "TAR 2.1": null, "TAR 2.2": null, "TAA 1.1.1": null, "TAA 1.1.2": null, "TAA 1.1.3": null, "TAA 1.1.4": null, "TAA 1.2.1": null, "TAA 1.2.2": null, "TAA 1.2.3": null, "TAA 1.2.4": null, "TAA 2.1.1": null, "TAA 2.1.2": null, "TAA 2.1.3": null, "TAA 2.1.4": null, "TAA 2.2.1": null, "TAA 2.2.2": null, "TAA 2.2.3": null, "TAA 2.2.4": null, "DC": 3570353.05, "BT": 34500000, "TD": 0.10348849420289855, "BD 2024 (EUR)": 715524.94, "BD 2024 (%)": 0.020739853333333332, "BD 2025 (EUR)": 2758290.3, "BD 2025 (%)": 0.079950443478260858, "BD 2026 (EUR)": 96537.81, "BD 2026 (%)": 0.002798197391304348, "BD 2027 (EUR)": null, "BD 2027 (%)": null, "BD 2028 (EUR)": null, "BD 2028 (%)": null, "BD 2029 (EUR)": null, "BD 2029 (%)": null, "BD 2030 (EUR)": null, "BD 2030 (%)": null, "BD C1 (EUR)": null, "BD C1 (%)": null, "BD C2 (EUR)": null, "BD C2 (%)": null, "BD C3 (EUR)": null, "BD C3 (%)": null, "BD C4 (EUR)": null, "BD C4 (%)": null, "BDF (EUR)": null, "BDF (%)": null, "BDA (EUR)": null, "BDA (%)": null, "BDC (EUR)": null, "BDC (%)": null, "BDMI (EUR)": null, "BDMI (%)": null, "BDMP (EUR)": null, "BDMP (%)": null, "BDS (EUR)": null, "BDS (%)": null, "TAC": null, "PA (EUR)": null, "D (EUR)": null, "TAC  C1": null, "PA C1 (EUR)": null, "D C1 (EUR)": null, "TAC C2": null, "PA C2 (EUR)": null, "D C2 (EUR)": null, "TAC  C3": null, "PA C3 (EUR)": null, "D C3 (EUR)": null, "TAC C4": null, "PA C4 (EUR)": null, "D C4 (EUR)": null, "TAC F": null, "PAF (EUR)": null, "DF (EUR)": null, "TAC A": null, "PAA (EUR)": null, "DA (EUR)": null, "TAC C": null, "PAC (EUR)": null, "DC (EUR)": null, "TAC MI": null, "PAMI (EUR)": null, "DMI (EUR)": null, " TAC MP": null, "PAMP (EUR)": null, "DMP (EUR)": null }, "geometry": null },
{ "type": "Feature", "properties": { "Année": 2026, "Mois": "Novembre", "UC": "UCR-B", "TAG": null, "NAP": null, "NAA": null, "NAC": null, "NAD": null, "TAR 1": null, "TAR 2": null, "TAR 1.1": null, "TAR 1.2": null, "TAR 2.1": null, "TAR 2.2": null, "TAA 1.1.1": null, "TAA 1.1.2": null, "TAA 1.1.3": null, "TAA 1.1.4": null, "TAA 1.2.1": null, "TAA 1.2.2": null, "TAA 1.2.3": null, "TAA 1.2.4": null, "TAA 2.1.1": null, "TAA 2.1.2": null, "TAA 2.1.3": null, "TAA 2.1.4": null, "TAA 2.2.1": null, "TAA 2.2.2": null, "TAA 2.2.3": null, "TAA 2.2.4": null, "DC": 3570353.05, "BT": 34500000, "TD": 0.10348849420289855, "BD 2024 (EUR)": 715524.94, "BD 2024 (%)": 0.020739853333333332, "BD 2025 (EUR)": 2758290.3, "BD 2025 (%)": 0.079950443478260858, "BD 2026 (EUR)": 96537.81, "BD 2026 (%)": 0.002798197391304348, "BD 2027 (EUR)": null, "BD 2027 (%)": null, "BD 2028 (EUR)": null, "BD 2028 (%)": null, "BD 2029 (EUR)": null, "BD 2029 (%)": null, "BD 2030 (EUR)": null, "BD 2030 (%)": null, "BD C1 (EUR)": null, "BD C1 (%)": null, "BD C2 (EUR)": null, "BD C2 (%)": null, "BD C3 (EUR)": null, "BD C3 (%)": null, "BD C4 (EUR)": null, "BD C4 (%)": null, "BDF (EUR)": null, "BDF (%)": null, "BDA (EUR)": null, "BDA (%)": null, "BDC (EUR)": null, "BDC (%)": null, "BDMI (EUR)": null, "BDMI (%)": null, "BDMP (EUR)": null, "BDMP (%)": null, "BDS (EUR)": null, "BDS (%)": null, "TAC": null, "PA (EUR)": null, "D (EUR)": null, "TAC  C1": null, "PA C1 (EUR)": null, "D C1 (EUR)": null, "TAC C2": null, "PA C2 (EUR)": null, "D C2 (EUR)": null, "TAC  C3": null, "PA C3 (EUR)": null, "D C3 (EUR)": null, "TAC C4": null, "PA C4 (EUR)": null, "D C4 (EUR)": null, "TAC F": null, "PAF (EUR)": null, "DF (EUR)": null, "TAC A": null, "PAA (EUR)": null, "DA (EUR)": null, "TAC C": null, "PAC (EUR)": null, "DC (EUR)": null, "TAC MI": null, "PAMI (EUR)": null, "DMI (EUR)": null, " TAC MP": null, "PAMP (EUR)": null, "DMP (EUR)": null }, "geometry": null },
{ "type": "Feature", "properties": { "Année": 2026, "Mois": "Décembre", "UC": "UCR-B", "TAG": null, "NAP": null, "NAA": null, "NAC": null, "NAD": null, "TAR 1": null, "TAR 2": null, "TAR 1.1": null, "TAR 1.2": null, "TAR 2.1": null, "TAR 2.2": null, "TAA 1.1.1": null, "TAA 1.1.2": null, "TAA 1.1.3": null, "TAA 1.1.4": null, "TAA 1.2.1": null, "TAA 1.2.2": null, "TAA 1.2.3": null, "TAA 1.2.4": null, "TAA 2.1.1": null, "TAA 2.1.2": null, "TAA 2.1.3": null, "TAA 2.1.4": null, "TAA 2.2.1": null, "TAA 2.2.2": null, "TAA 2.2.3": null, "TAA 2.2.4": null, "DC": 3570353.05, "BT": 34500000, "TD": 0.10348849420289855, "BD 2024 (EUR)": 715524.94, "BD 2024 (%)": 0.020739853333333332, "BD 2025 (EUR)": 2758290.3, "BD 2025 (%)": 0.079950443478260858, "BD 2026 (EUR)": 96537.81, "BD 2026 (%)": 0.002798197391304348, "BD 2027 (EUR)": null, "BD 2027 (%)": null, "BD 2028 (EUR)": null, "BD 2028 (%)": null, "BD 2029 (EUR)": null, "BD 2029 (%)": null, "BD 2030 (EUR)": null, "BD 2030 (%)": null, "BD C1 (EUR)": null, "BD C1 (%)": null, "BD C2 (EUR)": null, "BD C2 (%)": null, "BD C3 (EUR)": null, "BD C3 (%)": null, "BD C4 (EUR)": null, "BD C4 (%)": null, "BDF (EUR)": null, "BDF (%)": null, "BDA (EUR)": null, "BDA (%)": null, "BDC (EUR)": null, "BDC (%)": null, "BDMI (EUR)": null, "BDMI (%)": null, "BDMP (EUR)": null, "BDMP (%)": null, "BDS (EUR)": null, "BDS (%)": null, "TAC": null, "PA (EUR)": null, "D (EUR)": null, "TAC  C1": null, "PA C1 (EUR)": null, "D C1 (EUR)": null, "TAC C2": null, "PA C2 (EUR)": null, "D C2 (EUR)": null, "TAC  C3": null, "PA C3 (EUR)": null, "D C3 (EUR)": null, "TAC C4": null, "PA C4 (EUR)": null, "D C4 (EUR)": null, "TAC F": null, "PAF (EUR)": null, "DF (EUR)": null, "TAC A": null, "PAA (EUR)": null, "DA (EUR)": null, "TAC C": null, "PAC (EUR)": null, "DC (EUR)": null, "TAC MI": null, "PAMI (EUR)": null, "DMI (EUR)": null, " TAC MP": null, "PAMP (EUR)": null, "DMP (EUR)": null }, "geometry": null },
{ "type": "Feature", "properties": { "Année": 2026, "Mois": "Janvier", "UC": "UCR-D", "TAG": null, "NAP": null, "NAA": null, "NAC": null, "NAD": null, "TAR 1": null, "TAR 2": null, "TAR 1.1": null, "TAR 1.2": null, "TAR 2.1": null, "TAR 2.2": null, "TAA 1.1.1": null, "TAA 1.1.2": null, "TAA 1.1.3": null, "TAA 1.1.4": null, "TAA 1.2.1": null, "TAA 1.2.2": null, "TAA 1.2.3": null, "TAA 1.2.4": null, "TAA 2.1.1": null, "TAA 2.1.2": null, "TAA 2.1.3": null, "TAA 2.1.4": null, "TAA 2.2.1": null, "TAA 2.2.2": null, "TAA 2.2.3": null, "TAA 2.2.4": null, "DC": 3570353.05, "BT": 34500000, "TD": 0.10348849420289855, "BD 2024 (EUR)": 715524.94, "BD 2024 (%)": 0.020739853333333332, "BD 2025 (EUR)": 2758290.3, "BD 2025 (%)": 0.079950443478260858, "BD 2026 (EUR)": 96537.81, "BD 2026 (%)": 0.002798197391304348, "BD 2027 (EUR)": null, "BD 2027 (%)": null, "BD 2028 (EUR)": null, "BD 2028 (%)": null, "BD 2029 (EUR)": null, "BD 2029 (%)": null, "BD 2030 (EUR)": null, "BD 2030 (%)": null, "BD C1 (EUR)": null, "BD C1 (%)": null, "BD C2 (EUR)": null, "BD C2 (%)": null, "BD C3 (EUR)": null, "BD C3 (%)": null, "BD C4 (EUR)": null, "BD C4 (%)": null, "BDF (EUR)": null, "BDF (%)": null, "BDA (EUR)": null, "BDA (%)": null, "BDC (EUR)": null, "BDC (%)": null, "BDMI (EUR)": null, "BDMI (%)": null, "BDMP (EUR)": null, "BDMP (%)": null, "BDS (EUR)": null, "BDS (%)": null, "TAC": null, "PA (EUR)": null, "D (EUR)": null, "TAC  C1": null, "PA C1 (EUR)": null, "D C1 (EUR)": null, "TAC C2": null, "PA C2 (EUR)": null, "D C2 (EUR)": null, "TAC  C3": null, "PA C3 (EUR)": null, "D C3 (EUR)": null, "TAC C4": null, "PA C4 (EUR)": null, "D C4 (EUR)": null, "TAC F": null, "PAF (EUR)": null, "DF (EUR)": null, "TAC A": null, "PAA (EUR)": null, "DA (EUR)": null, "TAC C": null, "PAC (EUR)": null, "DC (EUR)": null, "TAC MI": null, "PAMI (EUR)": null, "DMI (EUR)": null, " TAC MP": null, "PAMP (EUR)": null, "DMP (EUR)": null }, "geometry": null },
{ "type": "Feature", "properties": { "Année": 2026, "Mois": "Février", "UC": "UCR-D", "TAG": null, "NAP": null, "NAA": null, "NAC": null, "NAD": null, "TAR 1": null, "TAR 2": null, "TAR 1.1": null, "TAR 1.2": null, "TAR 2.1": null, "TAR 2.2": null, "TAA 1.1.1": null, "TAA 1.1.2": null, "TAA 1.1.3": null, "TAA 1.1.4": null, "TAA 1.2.1": null, "TAA 1.2.2": null, "TAA 1.2.3": null, "TAA 1.2.4": null, "TAA 2.1.1": null, "TAA 2.1.2": null, "TAA 2.1.3": null, "TAA 2.1.4": null, "TAA 2.2.1": null, "TAA 2.2.2": null, "TAA 2.2.3": null, "TAA 2.2.4": null, "DC": 3570353.05, "BT": 34500000, "TD": 0.10348849420289855, "BD 2024 (EUR)": 715524.94, "BD 2024 (%)": 0.020739853333333332, "BD 2025 (EUR)": 2758290.3, "BD 2025 (%)": 0.079950443478260858, "BD 2026 (EUR)": 96537.81, "BD 2026 (%)": 0.002798197391304348, "BD 2027 (EUR)": null, "BD 2027 (%)": null, "BD 2028 (EUR)": null, "BD 2028 (%)": null, "BD 2029 (EUR)": null, "BD 2029 (%)": null, "BD 2030 (EUR)": null, "BD 2030 (%)": null, "BD C1 (EUR)": null, "BD C1 (%)": null, "BD C2 (EUR)": null, "BD C2 (%)": null, "BD C3 (EUR)": null, "BD C3 (%)": null, "BD C4 (EUR)": null, "BD C4 (%)": null, "BDF (EUR)": null, "BDF (%)": null, "BDA (EUR)": null, "BDA (%)": null, "BDC (EUR)": null, "BDC (%)": null, "BDMI (EUR)": null, "BDMI (%)": null, "BDMP (EUR)": null, "BDMP (%)": null, "BDS (EUR)": null, "BDS (%)": null, "TAC": null, "PA (EUR)": null, "D (EUR)": null, "TAC  C1": null, "PA C1 (EUR)": null, "D C1 (EUR)": null, "TAC C2": null, "PA C2 (EUR)": null, "D C2 (EUR)": null, "TAC  C3": null, "PA C3 (EUR)": null, "D C3 (EUR)": null, "TAC C4": null, "PA C4 (EUR)": null, "D C4 (EUR)": null, "TAC F": null, "PAF (EUR)": null, "DF (EUR)": null, "TAC A": null, "PAA (EUR)": null, "DA (EUR)": null, "TAC C": null, "PAC (EUR)": null, "DC (EUR)": null, "TAC MI": null, "PAMI (EUR)": null, "DMI (EUR)": null, " TAC MP": null, "PAMP (EUR)": null, "DMP (EUR)": null }, "geometry": null },
{ "type": "Feature", "properties": { "Année": 2026, "Mois": "Mars", "UC": "UCR-D", "TAG": null, "NAP": null, "NAA": null, "NAC": null, "NAD": null, "TAR 1": null, "TAR 2": null, "TAR 1.1": null, "TAR 1.2": null, "TAR 2.1": null, "TAR 2.2": null, "TAA 1.1.1": null, "TAA 1.1.2": null, "TAA 1.1.3": null, "TAA 1.1.4": null, "TAA 1.2.1": null, "TAA 1.2.2": null, "TAA 1.2.3": null, "TAA 1.2.4": null, "TAA 2.1.1": null, "TAA 2.1.2": null, "TAA 2.1.3": null, "TAA 2.1.4": null, "TAA 2.2.1": null, "TAA 2.2.2": null, "TAA 2.2.3": null, "TAA 2.2.4": null, "DC": 3570353.05, "BT": 34500000, "TD": 0.10348849420289855, "BD 2024 (EUR)": 715524.94, "BD 2024 (%)": 0.020739853333333332, "BD 2025 (EUR)": 2758290.3, "BD 2025 (%)": 0.079950443478260858, "BD 2026 (EUR)": 96537.81, "BD 2026 (%)": 0.002798197391304348, "BD 2027 (EUR)": null, "BD 2027 (%)": null, "BD 2028 (EUR)": null, "BD 2028 (%)": null, "BD 2029 (EUR)": null, "BD 2029 (%)": null, "BD 2030 (EUR)": null, "BD 2030 (%)": null, "BD C1 (EUR)": null, "BD C1 (%)": null, "BD C2 (EUR)": null, "BD C2 (%)": null, "BD C3 (EUR)": null, "BD C3 (%)": null, "BD C4 (EUR)": null, "BD C4 (%)": null, "BDF (EUR)": null, "BDF (%)": null, "BDA (EUR)": null, "BDA (%)": null, "BDC (EUR)": null, "BDC (%)": null, "BDMI (EUR)": null, "BDMI (%)": null, "BDMP (EUR)": null, "BDMP (%)": null, "BDS (EUR)": null, "BDS (%)": null, "TAC": null, "PA (EUR)": null, "D (EUR)": null, "TAC  C1": null, "PA C1 (EUR)": null, "D C1 (EUR)": null, "TAC C2": null, "PA C2 (EUR)": null, "D C2 (EUR)": null, "TAC  C3": null, "PA C3 (EUR)": null, "D C3 (EUR)": null, "TAC C4": null, "PA C4 (EUR)": null, "D C4 (EUR)": null, "TAC F": null, "PAF (EUR)": null, "DF (EUR)": null, "TAC A": null, "PAA (EUR)": null, "DA (EUR)": null, "TAC C": null, "PAC (EUR)": null, "DC (EUR)": null, "TAC MI": null, "PAMI (EUR)": null, "DMI (EUR)": null, " TAC MP": null, "PAMP (EUR)": null, "DMP (EUR)": null }, "geometry": null },
{ "type": "Feature", "properties": { "Année": 2026, "Mois": "Avril", "UC": "UCR-D", "TAG": null, "NAP": null, "NAA": null, "NAC": null, "NAD": null, "TAR 1": null, "TAR 2": null, "TAR 1.1": null, "TAR 1.2": null, "TAR 2.1": null, "TAR 2.2": null, "TAA 1.1.1": null, "TAA 1.1.2": null, "TAA 1.1.3": null, "TAA 1.1.4": null, "TAA 1.2.1": null, "TAA 1.2.2": null, "TAA 1.2.3": null, "TAA 1.2.4": null, "TAA 2.1.1": null, "TAA 2.1.2": null, "TAA 2.1.3": null, "TAA 2.1.4": null, "TAA 2.2.1": null, "TAA 2.2.2": null, "TAA 2.2.3": null, "TAA 2.2.4": null, "DC": 3570353.05, "BT": 34500000, "TD": 0.10348849420289855, "BD 2024 (EUR)": 715524.94, "BD 2024 (%)": 0.020739853333333332, "BD 2025 (EUR)": 2758290.3, "BD 2025 (%)": 0.079950443478260858, "BD 2026 (EUR)": 96537.81, "BD 2026 (%)": 0.002798197391304348, "BD 2027 (EUR)": null, "BD 2027 (%)": null, "BD 2028 (EUR)": null, "BD 2028 (%)": null, "BD 2029 (EUR)": null, "BD 2029 (%)": null, "BD 2030 (EUR)": null, "BD 2030 (%)": null, "BD C1 (EUR)": null, "BD C1 (%)": null, "BD C2 (EUR)": null, "BD C2 (%)": null, "BD C3 (EUR)": null, "BD C3 (%)": null, "BD C4 (EUR)": null, "BD C4 (%)": null, "BDF (EUR)": null, "BDF (%)": null, "BDA (EUR)": null, "BDA (%)": null, "BDC (EUR)": null, "BDC (%)": null, "BDMI (EUR)": null, "BDMI (%)": null, "BDMP (EUR)": null, "BDMP (%)": null, "BDS (EUR)": null, "BDS (%)": null, "TAC": null, "PA (EUR)": null, "D (EUR)": null, "TAC  C1": null, "PA C1 (EUR)": null, "D C1 (EUR)": null, "TAC C2": null, "PA C2 (EUR)": null, "D C2 (EUR)": null, "TAC  C3": null, "PA C3 (EUR)": null, "D C3 (EUR)": null, "TAC C4": null, "PA C4 (EUR)": null, "D C4 (EUR)": null, "TAC F": null, "PAF (EUR)": null, "DF (EUR)": null, "TAC A": null, "PAA (EUR)": null, "DA (EUR)": null, "TAC C": null, "PAC (EUR)": null, "DC (EUR)": null, "TAC MI": null, "PAMI (EUR)": null, "DMI (EUR)": null, " TAC MP": null, "PAMP (EUR)": null, "DMP (EUR)": null }, "geometry": null },
{ "type": "Feature", "properties": { "Année": 2026, "Mois": "Mai", "UC": "UCR-D", "TAG": null, "NAP": null, "NAA": null, "NAC": null, "NAD": null, "TAR 1": null, "TAR 2": null, "TAR 1.1": null, "TAR 1.2": null, "TAR 2.1": null, "TAR 2.2": null, "TAA 1.1.1": null, "TAA 1.1.2": null, "TAA 1.1.3": null, "TAA 1.1.4": null, "TAA 1.2.1": null, "TAA 1.2.2": null, "TAA 1.2.3": null, "TAA 1.2.4": null, "TAA 2.1.1": null, "TAA 2.1.2": null, "TAA 2.1.3": null, "TAA 2.1.4": null, "TAA 2.2.1": null, "TAA 2.2.2": null, "TAA 2.2.3": null, "TAA 2.2.4": null, "DC": 3570353.05, "BT": 34500000, "TD": 0.10348849420289855, "BD 2024 (EUR)": 715524.94, "BD 2024 (%)": 0.020739853333333332, "BD 2025 (EUR)": 2758290.3, "BD 2025 (%)": 0.079950443478260858, "BD 2026 (EUR)": 96537.81, "BD 2026 (%)": 0.002798197391304348, "BD 2027 (EUR)": null, "BD 2027 (%)": null, "BD 2028 (EUR)": null, "BD 2028 (%)": null, "BD 2029 (EUR)": null, "BD 2029 (%)": null, "BD 2030 (EUR)": null, "BD 2030 (%)": null, "BD C1 (EUR)": null, "BD C1 (%)": null, "BD C2 (EUR)": null, "BD C2 (%)": null, "BD C3 (EUR)": null, "BD C3 (%)": null, "BD C4 (EUR)": null, "BD C4 (%)": null, "BDF (EUR)": null, "BDF (%)": null, "BDA (EUR)": null, "BDA (%)": null, "BDC (EUR)": null, "BDC (%)": null, "BDMI (EUR)": null, "BDMI (%)": null, "BDMP (EUR)": null, "BDMP (%)": null, "BDS (EUR)": null, "BDS (%)": null, "TAC": null, "PA (EUR)": null, "D (EUR)": null, "TAC  C1": null, "PA C1 (EUR)": null, "D C1 (EUR)": null, "TAC C2": null, "PA C2 (EUR)": null, "D C2 (EUR)": null, "TAC  C3": null, "PA C3 (EUR)": null, "D C3 (EUR)": null, "TAC C4": null, "PA C4 (EUR)": null, "D C4 (EUR)": null, "TAC F": null, "PAF (EUR)": null, "DF (EUR)": null, "TAC A": null, "PAA (EUR)": null, "DA (EUR)": null, "TAC C": null, "PAC (EUR)": null, "DC (EUR)": null, "TAC MI": null, "PAMI (EUR)": null, "DMI (EUR)": null, " TAC MP": null, "PAMP (EUR)": null, "DMP (EUR)": null }, "geometry": null },
{ "type": "Feature", "properties": { "Année": 2026, "Mois": "Juin", "UC": "UCR-D", "TAG": 0.38872527472527479, "NAP": 101, "NAA": 13, "NAC": 38, "NAD": 50, "TAR 1": 0.41433349259436214, "TAR 2": 0.38422059422059412, "TAR 1.1": 0.37857142857142861, "TAR 1.2": 0.44711538461538458, "TAR 2.1": 0.45213882163034702, "TAR 2.2": 0.14814814814814814, "TAA 1.1.1": 0.77777777777777779, "TAA 1.1.2": 0.36619047619047618, "TAA 1.1.3": 0.0, "TAA 1.1.4": 0.0, "TAA 1.2.1": 0.5, "TAA 1.2.2": 0.45833333333333331, "TAA 1.2.3": 0.27777777777777773, "TAA 1.2.4": 0.55769230769230771, "TAA 2.1.1": 0.50099206349206349, "TAA 2.1.2": 0.54078674948240169, "TAA 2.1.3": 0, "TAA 2.1.4": 0.20899470899470898, "TAA 2.2.1": 0.055555555555555552, "TAA 2.2.2": 0.16666666666666666, "TAA 2.2.3": 0.21428571428571427, "TAA 2.2.4": null, "DC": 3570353.05, "BT": 34500000, "TD": 0.10348849420289855, "BD 2024 (EUR)": 715524.94, "BD 2024 (%)": 0.020739853333333332, "BD 2025 (EUR)": 2758290.3, "BD 2025 (%)": 0.079950443478260858, "BD 2026 (EUR)": 96537.81, "BD 2026 (%)": 0.002798197391304348, "BD 2027 (EUR)": null, "BD 2027 (%)": null, "BD 2028 (EUR)": null, "BD 2028 (%)": null, "BD 2029 (EUR)": null, "BD 2029 (%)": null, "BD 2030 (EUR)": null, "BD 2030 (%)": null, "BD C1 (EUR)": null, "BD C1 (%)": null, "BD C2 (EUR)": null, "BD C2 (%)": null, "BD C3 (EUR)": null, "BD C3 (%)": null, "BD C4 (EUR)": null, "BD C4 (%)": null, "BDF (EUR)": null, "BDF (%)": null, "BDA (EUR)": null, "BDA (%)": null, "BDC (EUR)": null, "BDC (%)": null, "BDMI (EUR)": null, "BDMI (%)": null, "BDMP (EUR)": null, "BDMP (%)": null, "BDS (EUR)": null, "BDS (%)": null, "TAC": 0.12430634919074582, "PA (EUR)": 121885.81, "D (EUR)": 15151.180059256898, "TAC  C1": 0.074171647881413075, "PA C1 (EUR)": 54800.0, "D C1 (EUR)": 4064.6063039014361, "TAC C2": 0.13965934982504399, "PA C2 (EUR)": 35145.81, "D C2 (EUR)": 4908.4409736745292, "TAC  C3": 0.26722027602426168, "PA C3 (EUR)": 23120.0, "D C3 (EUR)": 6178.1327816809298, "TAC C4": "0", "PA C4 (EUR)": 8820, "D C4 (EUR)": 0.0, "TAC F": "0", "PAF (EUR)": 6000.0, "DF (EUR)": 0.0, "TAC A": 0.41970259740259741, "PAA (EUR)": 7700.0, "DA (EUR)": 3231.71, "TAC C": 0.025864483989724039, "PAC (EUR)": 69600.81, "DC (EUR)": 1800.1890359168247, "TAC MI": 0.26146471775325458, "PAMI (EUR)": 20890.0, "DMI (EUR)": 5461.9979538654879, " TAC MP": 0.26319768688751538, "PAMP (EUR)": 17695.0, "DMP (EUR)": 4657.2830694745844 }, "geometry": null },
{ "type": "Feature", "properties": { "Année": 2026, "Mois": "Juillet", "UC": "UCR-D", "TAG": 0.48448193220920499, "NAP": 100, "NAA": 18, "NAC": 62, "NAD": 20, "TAR 1": 0.47194218824653611, "TAR 2": 0.49091518870739653, "TAR 1.1": 0.40508658008658016, "TAR 1.2": 0.53322649572649572, "TAR 2.1": 0.57371909699495915, "TAR 2.2": 0.21296296296296294, "TAA 1.1.1": 0.81944444444444453, "TAA 1.1.2": 0.3995238095238095, "TAA 1.1.3": 0.0, "TAA 1.1.4": 0.0, "TAA 1.2.1": 0.68666666666666676, "TAA 1.2.2": 0.45833333333333331, "TAA 1.2.3": 0.31111111111111112, "TAA 1.2.4": 0.55769230769230771, "TAA 2.1.1": 0.64668737060041404, "TAA 2.1.2": 0.63881987577639754, "TAA 2.1.3": 0, "TAA 2.1.4": 0.41211566211566208, "TAA 2.2.1": 0.1111111111111111, "TAA 2.2.2": 0.23333333333333331, "TAA 2.2.3": 0.2857142857142857, "TAA 2.2.4": null, "DC": 3570353.05, "BT": 34500000, "TD": 0.10348849420289855, "BD 2024 (EUR)": 715524.94, "BD 2024 (%)": 0.020739853333333332, "BD 2025 (EUR)": 2758290.3, "BD 2025 (%)": 0.079950443478260858, "BD 2026 (EUR)": 96537.81, "BD 2026 (%)": 0.002798197391304348, "BD 2027 (EUR)": null, "BD 2027 (%)": null, "BD 2028 (EUR)": null, "BD 2028 (%)": null, "BD 2029 (EUR)": null, "BD 2029 (%)": null, "BD 2030 (EUR)": null, "BD 2030 (%)": null, "BD C1 (EUR)": null, "BD C1 (%)": null, "BD C2 (EUR)": null, "BD C2 (%)": null, "BD C3 (EUR)": null, "BD C3 (%)": null, "BD C4 (EUR)": null, "BD C4 (%)": null, "BDF (EUR)": null, "BDF (%)": null, "BDA (EUR)": null, "BDA (%)": null, "BDC (EUR)": null, "BDC (%)": null, "BDMI (EUR)": null, "BDMI (%)": null, "BDMP (EUR)": null, "BDMP (%)": null, "BDS (EUR)": null, "BDS (%)": null, "TAC": 0.41033226509485599, "PA (EUR)": 121885.81, "D (EUR)": 50013.68050022125, "TAC  C1": 0.5576935456916321, "PA C1 (EUR)": 54800.0, "D C1 (EUR)": 30561.606303901437, "TAC C2": 0.37768204558776369, "PA C2 (EUR)": 35145.81, "D C2 (EUR)": 13273.941414638881, "TAC  C3": 0.26722027602426168, "PA C3 (EUR)": 23120.0, "D C3 (EUR)": 6178.1327816809298, "TAC C4": "0", "PA C4 (EUR)": 8820, "D C4 (EUR)": 0.0, "TAC F": "0", "PAF (EUR)": 6000.0, "DF (EUR)": 0.0, "TAC A": 0.41970259740259741, "PAA (EUR)": 7700.0, "DA (EUR)": 3231.71, "TAC C": 0.43074836876472644, "PAC (EUR)": 69600.81, "DC (EUR)": 29980.435372203658, "TAC MI": 0.33428827470287253, "PAMI (EUR)": 20890.0, "DMI (EUR)": 6983.2820585430072, " TAC MP": 0.55486030344586512, "PAMP (EUR)": 17695.0, "DMP (EUR)": 9818.2530694745838 }, "geometry": null },
{ "type": "Feature", "properties": { "Année": 2026, "Mois": "Août", "UC": "UCR-D", "TAG": 0.48437520812520818, "NAP": 90, "NAA": 18, "NAC": 52, "NAD": 20, "TAR 1": 0.48353639114508679, "TAR 2": 0.48706340667879144, "TAR 1.1": 0.42326839826839835, "TAR 1.2": 0.53878205128205137, "TAR 2.1": 0.56750594038729651, "TAR 2.2": 0.21296296296296294, "TAA 1.1.1": 0.81944444444444453, "TAA 1.1.2": 0.43952380952380954, "TAA 1.1.3": 0.0, "TAA 1.1.4": 0.0, "TAA 1.2.1": 0.68666666666666676, "TAA 1.2.2": 0.45833333333333331, "TAA 1.2.3": 0.33333333333333331, "TAA 1.2.4": 0.55769230769230771, "TAA 2.1.1": 0.61974206349206351, "TAA 2.1.2": 0.64782608695652177, "TAA 2.1.3": 0, "TAA 2.1.4": 0.41211566211566208, "TAA 2.2.1": 0.1111111111111111, "TAA 2.2.2": 0.23333333333333331, "TAA 2.2.3": 0.2857142857142857, "TAA 2.2.4": null, "DC": 3570353.05, "BT": 34500000, "TD": 0.10348849420289855, "BD 2024 (EUR)": 715524.94, "BD 2024 (%)": 0.020739853333333332, "BD 2025 (EUR)": 2758290.3, "BD 2025 (%)": 0.079950443478260858, "BD 2026 (EUR)": 96537.81, "BD 2026 (%)": 0.002798197391304348, "BD 2027 (EUR)": null, "BD 2027 (%)": null, "BD 2028 (EUR)": null, "BD 2028 (%)": null, "BD 2029 (EUR)": null, "BD 2029 (%)": null, "BD 2030 (EUR)": null, "BD 2030 (%)": null, "BD C1 (EUR)": null, "BD C1 (%)": null, "BD C2 (EUR)": null, "BD C2 (%)": null, "BD C3 (EUR)": null, "BD C3 (%)": null, "BD C4 (EUR)": null, "BD C4 (%)": null, "BDF (EUR)": null, "BDF (%)": null, "BDA (EUR)": null, "BDA (%)": null, "BDC (EUR)": null, "BDC (%)": null, "BDMI (EUR)": null, "BDMI (%)": null, "BDMP (EUR)": null, "BDMP (%)": null, "BDS (EUR)": null, "BDS (%)": null, "TAC": 0.43128373223537381, "PA (EUR)": 121885.81, "D (EUR)": 52567.367043331644, "TAC  C1": 0.59079501495647024, "PA C1 (EUR)": 54800.0, "D C1 (EUR)": 32375.566819614571, "TAC C2": 0.37768204558776369, "PA C2 (EUR)": 35145.81, "D C2 (EUR)": 13273.941414638881, "TAC  C3": 0.29921534641341652, "PA C3 (EUR)": 23120.0, "D C3 (EUR)": 6917.8588090781905, "TAC C4": "0", "PA C4 (EUR)": 8820, "D C4 (EUR)": 0.0, "TAC F": "0", "PAF (EUR)": 6000.0, "DF (EUR)": 0.0, "TAC A": 0.41970259740259741, "PAA (EUR)": 7700.0, "DA (EUR)": 3231.71, "TAC C": 0.43074836876472644, "PAC (EUR)": 69600.81, "DC (EUR)": 29980.435372203658, "TAC MI": 0.3834261748119972, "PAMI (EUR)": 20890.0, "DMI (EUR)": 8009.772791822621, " TAC MP": 0.64116693299267402, "PAMP (EUR)": 17695.0, "DMP (EUR)": 11345.448879305366 }, "geometry": null },
{ "type": "Feature", "properties": { "Année": 2026, "Mois": "Septembre", "UC": "UCR-D", "TAG": null, "NAP": null, "NAA": null, "NAC": null, "NAD": null, "TAR 1": null, "TAR 2": null, "TAR 1.1": null, "TAR 1.2": null, "TAR 2.1": null, "TAR 2.2": null, "TAA 1.1.1": null, "TAA 1.1.2": null, "TAA 1.1.3": null, "TAA 1.1.4": null, "TAA 1.2.1": null, "TAA 1.2.2": null, "TAA 1.2.3": null, "TAA 1.2.4": null, "TAA 2.1.1": null, "TAA 2.1.2": null, "TAA 2.1.3": null, "TAA 2.1.4": null, "TAA 2.2.1": null, "TAA 2.2.2": null, "TAA 2.2.3": null, "TAA 2.2.4": null, "DC": 3570353.05, "BT": 34500000, "TD": 0.10348849420289855, "BD 2024 (EUR)": 715524.94, "BD 2024 (%)": 0.020739853333333332, "BD 2025 (EUR)": 2758290.3, "BD 2025 (%)": 0.079950443478260858, "BD 2026 (EUR)": 96537.81, "BD 2026 (%)": 0.002798197391304348, "BD 2027 (EUR)": null, "BD 2027 (%)": null, "BD 2028 (EUR)": null, "BD 2028 (%)": null, "BD 2029 (EUR)": null, "BD 2029 (%)": null, "BD 2030 (EUR)": null, "BD 2030 (%)": null, "BD C1 (EUR)": null, "BD C1 (%)": null, "BD C2 (EUR)": null, "BD C2 (%)": null, "BD C3 (EUR)": null, "BD C3 (%)": null, "BD C4 (EUR)": null, "BD C4 (%)": null, "BDF (EUR)": null, "BDF (%)": null, "BDA (EUR)": null, "BDA (%)": null, "BDC (EUR)": null, "BDC (%)": null, "BDMI (EUR)": null, "BDMI (%)": null, "BDMP (EUR)": null, "BDMP (%)": null, "BDS (EUR)": null, "BDS (%)": null, "TAC": null, "PA (EUR)": null, "D (EUR)": null, "TAC  C1": null, "PA C1 (EUR)": null, "D C1 (EUR)": null, "TAC C2": null, "PA C2 (EUR)": null, "D C2 (EUR)": null, "TAC  C3": null, "PA C3 (EUR)": null, "D C3 (EUR)": null, "TAC C4": null, "PA C4 (EUR)": null, "D C4 (EUR)": null, "TAC F": null, "PAF (EUR)": null, "DF (EUR)": null, "TAC A": null, "PAA (EUR)": null, "DA (EUR)": null, "TAC C": null, "PAC (EUR)": null, "DC (EUR)": null, "TAC MI": null, "PAMI (EUR)": null, "DMI (EUR)": null, " TAC MP": null, "PAMP (EUR)": null, "DMP (EUR)": null }, "geometry": null },
{ "type": "Feature", "properties": { "Année": 2026, "Mois": "Octobre", "UC": "UCR-D", "TAG": null, "NAP": null, "NAA": null, "NAC": null, "NAD": null, "TAR 1": null, "TAR 2": null, "TAR 1.1": null, "TAR 1.2": null, "TAR 2.1": null, "TAR 2.2": null, "TAA 1.1.1": null, "TAA 1.1.2": null, "TAA 1.1.3": null, "TAA 1.1.4": null, "TAA 1.2.1": null, "TAA 1.2.2": null, "TAA 1.2.3": null, "TAA 1.2.4": null, "TAA 2.1.1": null, "TAA 2.1.2": null, "TAA 2.1.3": null, "TAA 2.1.4": null, "TAA 2.2.1": null, "TAA 2.2.2": null, "TAA 2.2.3": null, "TAA 2.2.4": null, "DC": 3570353.05, "BT": 34500000, "TD": 0.10348849420289855, "BD 2024 (EUR)": 715524.94, "BD 2024 (%)": 0.020739853333333332, "BD 2025 (EUR)": 2758290.3, "BD 2025 (%)": 0.079950443478260858, "BD 2026 (EUR)": 96537.81, "BD 2026 (%)": 0.002798197391304348, "BD 2027 (EUR)": null, "BD 2027 (%)": null, "BD 2028 (EUR)": null, "BD 2028 (%)": null, "BD 2029 (EUR)": null, "BD 2029 (%)": null, "BD 2030 (EUR)": null, "BD 2030 (%)": null, "BD C1 (EUR)": null, "BD C1 (%)": null, "BD C2 (EUR)": null, "BD C2 (%)": null, "BD C3 (EUR)": null, "BD C3 (%)": null, "BD C4 (EUR)": null, "BD C4 (%)": null, "BDF (EUR)": null, "BDF (%)": null, "BDA (EUR)": null, "BDA (%)": null, "BDC (EUR)": null, "BDC (%)": null, "BDMI (EUR)": null, "BDMI (%)": null, "BDMP (EUR)": null, "BDMP (%)": null, "BDS (EUR)": null, "BDS (%)": null, "TAC": null, "PA (EUR)": null, "D (EUR)": null, "TAC  C1": null, "PA C1 (EUR)": null, "D C1 (EUR)": null, "TAC C2": null, "PA C2 (EUR)": null, "D C2 (EUR)": null, "TAC  C3": null, "PA C3 (EUR)": null, "D C3 (EUR)": null, "TAC C4": null, "PA C4 (EUR)": null, "D C4 (EUR)": null, "TAC F": null, "PAF (EUR)": null, "DF (EUR)": null, "TAC A": null, "PAA (EUR)": null, "DA (EUR)": null, "TAC C": null, "PAC (EUR)": null, "DC (EUR)": null, "TAC MI": null, "PAMI (EUR)": null, "DMI (EUR)": null, " TAC MP": null, "PAMP (EUR)": null, "DMP (EUR)": null }, "geometry": null },
{ "type": "Feature", "properties": { "Année": 2026, "Mois": "Novembre", "UC": "UCR-D", "TAG": null, "NAP": null, "NAA": null, "NAC": null, "NAD": null, "TAR 1": null, "TAR 2": null, "TAR 1.1": null, "TAR 1.2": null, "TAR 2.1": null, "TAR 2.2": null, "TAA 1.1.1": null, "TAA 1.1.2": null, "TAA 1.1.3": null, "TAA 1.1.4": null, "TAA 1.2.1": null, "TAA 1.2.2": null, "TAA 1.2.3": null, "TAA 1.2.4": null, "TAA 2.1.1": null, "TAA 2.1.2": null, "TAA 2.1.3": null, "TAA 2.1.4": null, "TAA 2.2.1": null, "TAA 2.2.2": null, "TAA 2.2.3": null, "TAA 2.2.4": null, "DC": 3570353.05, "BT": 34500000, "TD": 0.10348849420289855, "BD 2024 (EUR)": 715524.94, "BD 2024 (%)": 0.020739853333333332, "BD 2025 (EUR)": 2758290.3, "BD 2025 (%)": 0.079950443478260858, "BD 2026 (EUR)": 96537.81, "BD 2026 (%)": 0.002798197391304348, "BD 2027 (EUR)": null, "BD 2027 (%)": null, "BD 2028 (EUR)": null, "BD 2028 (%)": null, "BD 2029 (EUR)": null, "BD 2029 (%)": null, "BD 2030 (EUR)": null, "BD 2030 (%)": null, "BD C1 (EUR)": null, "BD C1 (%)": null, "BD C2 (EUR)": null, "BD C2 (%)": null, "BD C3 (EUR)": null, "BD C3 (%)": null, "BD C4 (EUR)": null, "BD C4 (%)": null, "BDF (EUR)": null, "BDF (%)": null, "BDA (EUR)": null, "BDA (%)": null, "BDC (EUR)": null, "BDC (%)": null, "BDMI (EUR)": null, "BDMI (%)": null, "BDMP (EUR)": null, "BDMP (%)": null, "BDS (EUR)": null, "BDS (%)": null, "TAC": null, "PA (EUR)": null, "D (EUR)": null, "TAC  C1": null, "PA C1 (EUR)": null, "D C1 (EUR)": null, "TAC C2": null, "PA C2 (EUR)": null, "D C2 (EUR)": null, "TAC  C3": null, "PA C3 (EUR)": null, "D C3 (EUR)": null, "TAC C4": null, "PA C4 (EUR)": null, "D C4 (EUR)": null, "TAC F": null, "PAF (EUR)": null, "DF (EUR)": null, "TAC A": null, "PAA (EUR)": null, "DA (EUR)": null, "TAC C": null, "PAC (EUR)": null, "DC (EUR)": null, "TAC MI": null, "PAMI (EUR)": null, "DMI (EUR)": null, " TAC MP": null, "PAMP (EUR)": null, "DMP (EUR)": null }, "geometry": null },
{ "type": "Feature", "properties": { "Année": 2026, "Mois": "Décembre", "UC": "UCR-D", "TAG": null, "NAP": null, "NAA": null, "NAC": null, "NAD": null, "TAR 1": null, "TAR 2": null, "TAR 1.1": null, "TAR 1.2": null, "TAR 2.1": null, "TAR 2.2": null, "TAA 1.1.1": null, "TAA 1.1.2": null, "TAA 1.1.3": null, "TAA 1.1.4": null, "TAA 1.2.1": null, "TAA 1.2.2": null, "TAA 1.2.3": null, "TAA 1.2.4": null, "TAA 2.1.1": null, "TAA 2.1.2": null, "TAA 2.1.3": null, "TAA 2.1.4": null, "TAA 2.2.1": null, "TAA 2.2.2": null, "TAA 2.2.3": null, "TAA 2.2.4": null, "DC": 3570353.05, "BT": 34500000, "TD": 0.10348849420289855, "BD 2024 (EUR)": 715524.94, "BD 2024 (%)": 0.020739853333333332, "BD 2025 (EUR)": 2758290.3, "BD 2025 (%)": 0.079950443478260858, "BD 2026 (EUR)": 96537.81, "BD 2026 (%)": 0.002798197391304348, "BD 2027 (EUR)": null, "BD 2027 (%)": null, "BD 2028 (EUR)": null, "BD 2028 (%)": null, "BD 2029 (EUR)": null, "BD 2029 (%)": null, "BD 2030 (EUR)": null, "BD 2030 (%)": null, "BD C1 (EUR)": null, "BD C1 (%)": null, "BD C2 (EUR)": null, "BD C2 (%)": null, "BD C3 (EUR)": null, "BD C3 (%)": null, "BD C4 (EUR)": null, "BD C4 (%)": null, "BDF (EUR)": null, "BDF (%)": null, "BDA (EUR)": null, "BDA (%)": null, "BDC (EUR)": null, "BDC (%)": null, "BDMI (EUR)": null, "BDMI (%)": null, "BDMP (EUR)": null, "BDMP (%)": null, "BDS (EUR)": null, "BDS (%)": null, "TAC": null, "PA (EUR)": null, "D (EUR)": null, "TAC  C1": null, "PA C1 (EUR)": null, "D C1 (EUR)": null, "TAC C2": null, "PA C2 (EUR)": null, "D C2 (EUR)": null, "TAC  C3": null, "PA C3 (EUR)": null, "D C3 (EUR)": null, "TAC C4": null, "PA C4 (EUR)": null, "D C4 (EUR)": null, "TAC F": null, "PAF (EUR)": null, "DF (EUR)": null, "TAC A": null, "PAA (EUR)": null, "DA (EUR)": null, "TAC C": null, "PAC (EUR)": null, "DC (EUR)": null, "TAC MI": null, "PAMI (EUR)": null, "DMI (EUR)": null, " TAC MP": null, "PAMP (EUR)": null, "DMP (EUR)": null }, "geometry": null },
{ "type": "Feature", "properties": { "Année": 2026, "Mois": "Janvier", "UC": "UCR-A", "TAG": null, "NAP": null, "NAA": null, "NAC": null, "NAD": null, "TAR 1": null, "TAR 2": null, "TAR 1.1": null, "TAR 1.2": null, "TAR 2.1": null, "TAR 2.2": null, "TAA 1.1.1": null, "TAA 1.1.2": null, "TAA 1.1.3": null, "TAA 1.1.4": null, "TAA 1.2.1": null, "TAA 1.2.2": null, "TAA 1.2.3": null, "TAA 1.2.4": null, "TAA 2.1.1": null, "TAA 2.1.2": null, "TAA 2.1.3": null, "TAA 2.1.4": null, "TAA 2.2.1": null, "TAA 2.2.2": null, "TAA 2.2.3": null, "TAA 2.2.4": null, "DC": 3570353.05, "BT": 34500000, "TD": 0.10348849420289855, "BD 2024 (EUR)": 715524.94, "BD 2024 (%)": 0.020739853333333332, "BD 2025 (EUR)": 2758290.3, "BD 2025 (%)": 0.079950443478260858, "BD 2026 (EUR)": 96537.81, "BD 2026 (%)": 0.002798197391304348, "BD 2027 (EUR)": null, "BD 2027 (%)": null, "BD 2028 (EUR)": null, "BD 2028 (%)": null, "BD 2029 (EUR)": null, "BD 2029 (%)": null, "BD 2030 (EUR)": null, "BD 2030 (%)": null, "BD C1 (EUR)": null, "BD C1 (%)": null, "BD C2 (EUR)": null, "BD C2 (%)": null, "BD C3 (EUR)": null, "BD C3 (%)": null, "BD C4 (EUR)": null, "BD C4 (%)": null, "BDF (EUR)": null, "BDF (%)": null, "BDA (EUR)": null, "BDA (%)": null, "BDC (EUR)": null, "BDC (%)": null, "BDMI (EUR)": null, "BDMI (%)": null, "BDMP (EUR)": null, "BDMP (%)": null, "BDS (EUR)": null, "BDS (%)": null, "TAC": null, "PA (EUR)": null, "D (EUR)": null, "TAC  C1": null, "PA C1 (EUR)": null, "D C1 (EUR)": null, "TAC C2": null, "PA C2 (EUR)": null, "D C2 (EUR)": null, "TAC  C3": null, "PA C3 (EUR)": null, "D C3 (EUR)": null, "TAC C4": null, "PA C4 (EUR)": null, "D C4 (EUR)": null, "TAC F": null, "PAF (EUR)": null, "DF (EUR)": null, "TAC A": null, "PAA (EUR)": null, "DA (EUR)": null, "TAC C": null, "PAC (EUR)": null, "DC (EUR)": null, "TAC MI": null, "PAMI (EUR)": null, "DMI (EUR)": null, " TAC MP": null, "PAMP (EUR)": null, "DMP (EUR)": null }, "geometry": null },
{ "type": "Feature", "properties": { "Année": 2026, "Mois": "Février", "UC": "UCR-A", "TAG": null, "NAP": null, "NAA": null, "NAC": null, "NAD": null, "TAR 1": null, "TAR 2": null, "TAR 1.1": null, "TAR 1.2": null, "TAR 2.1": null, "TAR 2.2": null, "TAA 1.1.1": null, "TAA 1.1.2": null, "TAA 1.1.3": null, "TAA 1.1.4": null, "TAA 1.2.1": null, "TAA 1.2.2": null, "TAA 1.2.3": null, "TAA 1.2.4": null, "TAA 2.1.1": null, "TAA 2.1.2": null, "TAA 2.1.3": null, "TAA 2.1.4": null, "TAA 2.2.1": null, "TAA 2.2.2": null, "TAA 2.2.3": null, "TAA 2.2.4": null, "DC": 3570353.05, "BT": 34500000, "TD": 0.10348849420289855, "BD 2024 (EUR)": 715524.94, "BD 2024 (%)": 0.020739853333333332, "BD 2025 (EUR)": 2758290.3, "BD 2025 (%)": 0.079950443478260858, "BD 2026 (EUR)": 96537.81, "BD 2026 (%)": 0.002798197391304348, "BD 2027 (EUR)": null, "BD 2027 (%)": null, "BD 2028 (EUR)": null, "BD 2028 (%)": null, "BD 2029 (EUR)": null, "BD 2029 (%)": null, "BD 2030 (EUR)": null, "BD 2030 (%)": null, "BD C1 (EUR)": null, "BD C1 (%)": null, "BD C2 (EUR)": null, "BD C2 (%)": null, "BD C3 (EUR)": null, "BD C3 (%)": null, "BD C4 (EUR)": null, "BD C4 (%)": null, "BDF (EUR)": null, "BDF (%)": null, "BDA (EUR)": null, "BDA (%)": null, "BDC (EUR)": null, "BDC (%)": null, "BDMI (EUR)": null, "BDMI (%)": null, "BDMP (EUR)": null, "BDMP (%)": null, "BDS (EUR)": null, "BDS (%)": null, "TAC": null, "PA (EUR)": null, "D (EUR)": null, "TAC  C1": null, "PA C1 (EUR)": null, "D C1 (EUR)": null, "TAC C2": null, "PA C2 (EUR)": null, "D C2 (EUR)": null, "TAC  C3": null, "PA C3 (EUR)": null, "D C3 (EUR)": null, "TAC C4": null, "PA C4 (EUR)": null, "D C4 (EUR)": null, "TAC F": null, "PAF (EUR)": null, "DF (EUR)": null, "TAC A": null, "PAA (EUR)": null, "DA (EUR)": null, "TAC C": null, "PAC (EUR)": null, "DC (EUR)": null, "TAC MI": null, "PAMI (EUR)": null, "DMI (EUR)": null, " TAC MP": null, "PAMP (EUR)": null, "DMP (EUR)": null }, "geometry": null },
{ "type": "Feature", "properties": { "Année": 2026, "Mois": "Mars", "UC": "UCR-A", "TAG": null, "NAP": null, "NAA": null, "NAC": null, "NAD": null, "TAR 1": null, "TAR 2": null, "TAR 1.1": null, "TAR 1.2": null, "TAR 2.1": null, "TAR 2.2": null, "TAA 1.1.1": null, "TAA 1.1.2": null, "TAA 1.1.3": null, "TAA 1.1.4": null, "TAA 1.2.1": null, "TAA 1.2.2": null, "TAA 1.2.3": null, "TAA 1.2.4": null, "TAA 2.1.1": null, "TAA 2.1.2": null, "TAA 2.1.3": null, "TAA 2.1.4": null, "TAA 2.2.1": null, "TAA 2.2.2": null, "TAA 2.2.3": null, "TAA 2.2.4": null, "DC": 3570353.05, "BT": 34500000, "TD": 0.10348849420289855, "BD 2024 (EUR)": 715524.94, "BD 2024 (%)": 0.020739853333333332, "BD 2025 (EUR)": 2758290.3, "BD 2025 (%)": 0.079950443478260858, "BD 2026 (EUR)": 96537.81, "BD 2026 (%)": 0.002798197391304348, "BD 2027 (EUR)": null, "BD 2027 (%)": null, "BD 2028 (EUR)": null, "BD 2028 (%)": null, "BD 2029 (EUR)": null, "BD 2029 (%)": null, "BD 2030 (EUR)": null, "BD 2030 (%)": null, "BD C1 (EUR)": null, "BD C1 (%)": null, "BD C2 (EUR)": null, "BD C2 (%)": null, "BD C3 (EUR)": null, "BD C3 (%)": null, "BD C4 (EUR)": null, "BD C4 (%)": null, "BDF (EUR)": null, "BDF (%)": null, "BDA (EUR)": null, "BDA (%)": null, "BDC (EUR)": null, "BDC (%)": null, "BDMI (EUR)": null, "BDMI (%)": null, "BDMP (EUR)": null, "BDMP (%)": null, "BDS (EUR)": null, "BDS (%)": null, "TAC": null, "PA (EUR)": null, "D (EUR)": null, "TAC  C1": null, "PA C1 (EUR)": null, "D C1 (EUR)": null, "TAC C2": null, "PA C2 (EUR)": null, "D C2 (EUR)": null, "TAC  C3": null, "PA C3 (EUR)": null, "D C3 (EUR)": null, "TAC C4": null, "PA C4 (EUR)": null, "D C4 (EUR)": null, "TAC F": null, "PAF (EUR)": null, "DF (EUR)": null, "TAC A": null, "PAA (EUR)": null, "DA (EUR)": null, "TAC C": null, "PAC (EUR)": null, "DC (EUR)": null, "TAC MI": null, "PAMI (EUR)": null, "DMI (EUR)": null, " TAC MP": null, "PAMP (EUR)": null, "DMP (EUR)": null }, "geometry": null },
{ "type": "Feature", "properties": { "Année": 2026, "Mois": "Avril", "UC": "UCR-A", "TAG": null, "NAP": null, "NAA": null, "NAC": null, "NAD": null, "TAR 1": null, "TAR 2": null, "TAR 1.1": null, "TAR 1.2": null, "TAR 2.1": null, "TAR 2.2": null, "TAA 1.1.1": null, "TAA 1.1.2": null, "TAA 1.1.3": null, "TAA 1.1.4": null, "TAA 1.2.1": null, "TAA 1.2.2": null, "TAA 1.2.3": null, "TAA 1.2.4": null, "TAA 2.1.1": null, "TAA 2.1.2": null, "TAA 2.1.3": null, "TAA 2.1.4": null, "TAA 2.2.1": null, "TAA 2.2.2": null, "TAA 2.2.3": null, "TAA 2.2.4": null, "DC": 3570353.05, "BT": 34500000, "TD": 0.10348849420289855, "BD 2024 (EUR)": 715524.94, "BD 2024 (%)": 0.020739853333333332, "BD 2025 (EUR)": 2758290.3, "BD 2025 (%)": 0.079950443478260858, "BD 2026 (EUR)": 96537.81, "BD 2026 (%)": 0.002798197391304348, "BD 2027 (EUR)": null, "BD 2027 (%)": null, "BD 2028 (EUR)": null, "BD 2028 (%)": null, "BD 2029 (EUR)": null, "BD 2029 (%)": null, "BD 2030 (EUR)": null, "BD 2030 (%)": null, "BD C1 (EUR)": null, "BD C1 (%)": null, "BD C2 (EUR)": null, "BD C2 (%)": null, "BD C3 (EUR)": null, "BD C3 (%)": null, "BD C4 (EUR)": null, "BD C4 (%)": null, "BDF (EUR)": null, "BDF (%)": null, "BDA (EUR)": null, "BDA (%)": null, "BDC (EUR)": null, "BDC (%)": null, "BDMI (EUR)": null, "BDMI (%)": null, "BDMP (EUR)": null, "BDMP (%)": null, "BDS (EUR)": null, "BDS (%)": null, "TAC": null, "PA (EUR)": null, "D (EUR)": null, "TAC  C1": null, "PA C1 (EUR)": null, "D C1 (EUR)": null, "TAC C2": null, "PA C2 (EUR)": null, "D C2 (EUR)": null, "TAC  C3": null, "PA C3 (EUR)": null, "D C3 (EUR)": null, "TAC C4": null, "PA C4 (EUR)": null, "D C4 (EUR)": null, "TAC F": null, "PAF (EUR)": null, "DF (EUR)": null, "TAC A": null, "PAA (EUR)": null, "DA (EUR)": null, "TAC C": null, "PAC (EUR)": null, "DC (EUR)": null, "TAC MI": null, "PAMI (EUR)": null, "DMI (EUR)": null, " TAC MP": null, "PAMP (EUR)": null, "DMP (EUR)": null }, "geometry": null },
{ "type": "Feature", "properties": { "Année": 2026, "Mois": "Mai", "UC": "UCR-A", "TAG": null, "NAP": null, "NAA": null, "NAC": null, "NAD": null, "TAR 1": null, "TAR 2": null, "TAR 1.1": null, "TAR 1.2": null, "TAR 2.1": null, "TAR 2.2": null, "TAA 1.1.1": null, "TAA 1.1.2": null, "TAA 1.1.3": null, "TAA 1.1.4": null, "TAA 1.2.1": null, "TAA 1.2.2": null, "TAA 1.2.3": null, "TAA 1.2.4": null, "TAA 2.1.1": null, "TAA 2.1.2": null, "TAA 2.1.3": null, "TAA 2.1.4": null, "TAA 2.2.1": null, "TAA 2.2.2": null, "TAA 2.2.3": null, "TAA 2.2.4": null, "DC": 3570353.05, "BT": 34500000, "TD": 0.10348849420289855, "BD 2024 (EUR)": 715524.94, "BD 2024 (%)": 0.020739853333333332, "BD 2025 (EUR)": 2758290.3, "BD 2025 (%)": 0.079950443478260858, "BD 2026 (EUR)": 96537.81, "BD 2026 (%)": 0.002798197391304348, "BD 2027 (EUR)": null, "BD 2027 (%)": null, "BD 2028 (EUR)": null, "BD 2028 (%)": null, "BD 2029 (EUR)": null, "BD 2029 (%)": null, "BD 2030 (EUR)": null, "BD 2030 (%)": null, "BD C1 (EUR)": null, "BD C1 (%)": null, "BD C2 (EUR)": null, "BD C2 (%)": null, "BD C3 (EUR)": null, "BD C3 (%)": null, "BD C4 (EUR)": null, "BD C4 (%)": null, "BDF (EUR)": null, "BDF (%)": null, "BDA (EUR)": null, "BDA (%)": null, "BDC (EUR)": null, "BDC (%)": null, "BDMI (EUR)": null, "BDMI (%)": null, "BDMP (EUR)": null, "BDMP (%)": null, "BDS (EUR)": null, "BDS (%)": null, "TAC": null, "PA (EUR)": null, "D (EUR)": null, "TAC  C1": null, "PA C1 (EUR)": null, "D C1 (EUR)": null, "TAC C2": null, "PA C2 (EUR)": null, "D C2 (EUR)": null, "TAC  C3": null, "PA C3 (EUR)": null, "D C3 (EUR)": null, "TAC C4": null, "PA C4 (EUR)": null, "D C4 (EUR)": null, "TAC F": null, "PAF (EUR)": null, "DF (EUR)": null, "TAC A": null, "PAA (EUR)": null, "DA (EUR)": null, "TAC C": null, "PAC (EUR)": null, "DC (EUR)": null, "TAC MI": null, "PAMI (EUR)": null, "DMI (EUR)": null, " TAC MP": null, "PAMP (EUR)": null, "DMP (EUR)": null }, "geometry": null },
{ "type": "Feature", "properties": { "Année": 2026, "Mois": "Juin", "UC": "UCR-A", "TAG": 0.0, "NAP": 0, "NAA": 0, "NAC": 0, "NAD": 0, "TAR 1": 0.0, "TAR 2": 0.0, "TAR 1.1": 0.0, "TAR 1.2": 0.0, "TAR 2.1": 0.0, "TAR 2.2": 0.0, "TAA 1.1.1": 0.0, "TAA 1.1.2": 0.0, "TAA 1.1.3": 0.0, "TAA 1.1.4": 0.0, "TAA 1.2.1": 0.0, "TAA 1.2.2": 0.0, "TAA 1.2.3": 0.0, "TAA 1.2.4": 0.0, "TAA 2.1.1": 0.0, "TAA 2.1.2": 0.0, "TAA 2.1.3": 0, "TAA 2.1.4": 0.0, "TAA 2.2.1": 0.0, "TAA 2.2.2": 0.0, "TAA 2.2.3": 0.0, "TAA 2.2.4": 0.0, "DC": 3570353.05, "BT": 34500000, "TD": 0.10348849420289855, "BD 2024 (EUR)": 715524.94, "BD 2024 (%)": 0.020739853333333332, "BD 2025 (EUR)": 2758290.3, "BD 2025 (%)": 0.079950443478260858, "BD 2026 (EUR)": 96537.81, "BD 2026 (%)": 0.002798197391304348, "BD 2027 (EUR)": null, "BD 2027 (%)": null, "BD 2028 (EUR)": null, "BD 2028 (%)": null, "BD 2029 (EUR)": null, "BD 2029 (%)": null, "BD 2030 (EUR)": null, "BD 2030 (%)": null, "BD C1 (EUR)": null, "BD C1 (%)": null, "BD C2 (EUR)": null, "BD C2 (%)": null, "BD C3 (EUR)": null, "BD C3 (%)": null, "BD C4 (EUR)": null, "BD C4 (%)": null, "BDF (EUR)": null, "BDF (%)": null, "BDA (EUR)": null, "BDA (%)": null, "BDC (EUR)": null, "BDC (%)": null, "BDMI (EUR)": null, "BDMI (%)": null, "BDMP (EUR)": null, "BDMP (%)": null, "BDS (EUR)": null, "BDS (%)": null, "TAC": 0.0, "PA (EUR)": 32525.483868312756, "D (EUR)": 0.0, "TAC  C1": 0.0, "PA C1 (EUR)": 26159.813086419752, "D C1 (EUR)": 0.0, "TAC C2": 0.0, "PA C2 (EUR)": 4368.0493827160499, "D C2 (EUR)": 0.0, "TAC  C3": 0.0, "PA C3 (EUR)": 1997.6213991769548, "D C3 (EUR)": 0.0, "TAC C4": "#DIV/0!", "PA C4 (EUR)": 0, "D C4 (EUR)": 0.0, "TAC F": "#DIV/0!", "PAF (EUR)": 0.0, "DF (EUR)": 0.0, "TAC A": 0.0, "PAA (EUR)": 927.06, "DA (EUR)": 0.0, "TAC C": 0.0, "PAC (EUR)": 12321.0, "DC (EUR)": 0.0, "TAC MI": 0.0, "PAMI (EUR)": 13017.781893004118, "DMI (EUR)": 0.0, " TAC MP": 0.0, "PAMP (EUR)": 6259.641975308642, "DMP (EUR)": 0.0 }, "geometry": null },
{ "type": "Feature", "properties": { "Année": 2026, "Mois": "Juillet", "UC": "UCR-A", "TAG": 0.0, "NAP": 0, "NAA": 0, "NAC": 0, "NAD": 0, "TAR 1": 0.0, "TAR 2": 0.0, "TAR 1.1": 0.0, "TAR 1.2": 0.0, "TAR 2.1": 0.0, "TAR 2.2": 0.0, "TAA 1.1.1": 0.0, "TAA 1.1.2": 0.0, "TAA 1.1.3": 0.0, "TAA 1.1.4": 0.0, "TAA 1.2.1": 0.0, "TAA 1.2.2": 0.0, "TAA 1.2.3": 0.0, "TAA 1.2.4": 0.0, "TAA 2.1.1": 0.0, "TAA 2.1.2": 0.0, "TAA 2.1.3": 0, "TAA 2.1.4": 0.0, "TAA 2.2.1": 0.0, "TAA 2.2.2": 0.0, "TAA 2.2.3": 0.0, "TAA 2.2.4": 0.0, "DC": 3570353.05, "BT": 34500000, "TD": 0.10348849420289855, "BD 2024 (EUR)": 715524.94, "BD 2024 (%)": 0.020739853333333332, "BD 2025 (EUR)": 2758290.3, "BD 2025 (%)": 0.079950443478260858, "BD 2026 (EUR)": 96537.81, "BD 2026 (%)": 0.002798197391304348, "BD 2027 (EUR)": null, "BD 2027 (%)": null, "BD 2028 (EUR)": null, "BD 2028 (%)": null, "BD 2029 (EUR)": null, "BD 2029 (%)": null, "BD 2030 (EUR)": null, "BD 2030 (%)": null, "BD C1 (EUR)": null, "BD C1 (%)": null, "BD C2 (EUR)": null, "BD C2 (%)": null, "BD C3 (EUR)": null, "BD C3 (%)": null, "BD C4 (EUR)": null, "BD C4 (%)": null, "BDF (EUR)": null, "BDF (%)": null, "BDA (EUR)": null, "BDA (%)": null, "BDC (EUR)": null, "BDC (%)": null, "BDMI (EUR)": null, "BDMI (%)": null, "BDMP (EUR)": null, "BDMP (%)": null, "BDS (EUR)": null, "BDS (%)": null, "TAC": 0.0, "PA (EUR)": 32525.483868312756, "D (EUR)": 0.0, "TAC  C1": 0.0, "PA C1 (EUR)": 26159.813086419752, "D C1 (EUR)": 0.0, "TAC C2": 0.0, "PA C2 (EUR)": 4368.0493827160499, "D C2 (EUR)": 0.0, "TAC  C3": 0.0, "PA C3 (EUR)": 1997.6213991769548, "D C3 (EUR)": 0.0, "TAC C4": "#DIV/0!", "PA C4 (EUR)": 0, "D C4 (EUR)": 0.0, "TAC F": "#DIV/0!", "PAF (EUR)": 0.0, "DF (EUR)": 0.0, "TAC A": 0.0, "PAA (EUR)": 927.06, "DA (EUR)": 0.0, "TAC C": 0.0, "PAC (EUR)": 12321.0, "DC (EUR)": 0.0, "TAC MI": 0.0, "PAMI (EUR)": 13017.781893004118, "DMI (EUR)": 0.0, " TAC MP": 0.0, "PAMP (EUR)": 6259.641975308642, "DMP (EUR)": 0.0 }, "geometry": null },
{ "type": "Feature", "properties": { "Année": 2026, "Mois": "Août", "UC": "UCR-A", "TAG": 0.029411764705882353, "NAP": 32, "NAA": 0, "NAC": 2, "NAD": 30, "TAR 1": 0.022727272727272728, "TAR 2": 0.041666666666666664, "TAR 1.1": 0.0, "TAR 1.2": 0.055555555555555552, "TAR 2.1": 0.0, "TAR 2.2": 0.25, "TAA 1.1.1": 0.0, "TAA 1.1.2": 0.0, "TAA 1.1.3": 0.0, "TAA 1.1.4": 0.0, "TAA 1.2.1": 0.0, "TAA 1.2.2": 0.0, "TAA 1.2.3": 0.125, "TAA 1.2.4": 0.0, "TAA 2.1.1": 0.0, "TAA 2.1.2": 0.0, "TAA 2.1.3": 0, "TAA 2.1.4": 0.0, "TAA 2.2.1": 0.25, "TAA 2.2.2": 0.0, "TAA 2.2.3": 0.0, "TAA 2.2.4": 0.0, "DC": 3570353.05, "BT": 34500000, "TD": 0.10348849420289855, "BD 2024 (EUR)": 715524.94, "BD 2024 (%)": 0.020739853333333332, "BD 2025 (EUR)": 2758290.3, "BD 2025 (%)": 0.079950443478260858, "BD 2026 (EUR)": 96537.81, "BD 2026 (%)": 0.002798197391304348, "BD 2027 (EUR)": null, "BD 2027 (%)": null, "BD 2028 (EUR)": null, "BD 2028 (%)": null, "BD 2029 (EUR)": null, "BD 2029 (%)": null, "BD 2030 (EUR)": null, "BD 2030 (%)": null, "BD C1 (EUR)": null, "BD C1 (%)": null, "BD C2 (EUR)": null, "BD C2 (%)": null, "BD C3 (EUR)": null, "BD C3 (%)": null, "BD C4 (EUR)": null, "BD C4 (%)": null, "BDF (EUR)": null, "BDF (%)": null, "BDA (EUR)": null, "BDA (%)": null, "BDC (EUR)": null, "BDC (%)": null, "BDMI (EUR)": null, "BDMI (%)": null, "BDMP (EUR)": null, "BDMP (%)": null, "BDS (EUR)": null, "BDS (%)": null, "TAC": 0.0, "PA (EUR)": 32525.483868312756, "D (EUR)": 0.0, "TAC  C1": 0.0, "PA C1 (EUR)": 26159.813086419752, "D C1 (EUR)": 0.0, "TAC C2": 0.0, "PA C2 (EUR)": 4368.0493827160499, "D C2 (EUR)": 0.0, "TAC  C3": 0.0, "PA C3 (EUR)": 1997.6213991769548, "D C3 (EUR)": 0.0, "TAC C4": "#DIV/0!", "PA C4 (EUR)": 0, "D C4 (EUR)": 0.0, "TAC F": "#DIV/0!", "PAF (EUR)": 0.0, "DF (EUR)": 0.0, "TAC A": 0.0, "PAA (EUR)": 927.06, "DA (EUR)": 0.0, "TAC C": 0.0, "PAC (EUR)": 12321.0, "DC (EUR)": 0.0, "TAC MI": 0.0, "PAMI (EUR)": 13017.781893004118, "DMI (EUR)": 0.0, " TAC MP": 0.0, "PAMP (EUR)": 6259.641975308642, "DMP (EUR)": 0.0 }, "geometry": null },
{ "type": "Feature", "properties": { "Année": 2026, "Mois": "Septembre", "UC": "UCR-A", "TAG": null, "NAP": null, "NAA": null, "NAC": null, "NAD": null, "TAR 1": null, "TAR 2": null, "TAR 1.1": null, "TAR 1.2": null, "TAR 2.1": null, "TAR 2.2": null, "TAA 1.1.1": null, "TAA 1.1.2": null, "TAA 1.1.3": null, "TAA 1.1.4": null, "TAA 1.2.1": null, "TAA 1.2.2": null, "TAA 1.2.3": null, "TAA 1.2.4": null, "TAA 2.1.1": null, "TAA 2.1.2": null, "TAA 2.1.3": null, "TAA 2.1.4": null, "TAA 2.2.1": null, "TAA 2.2.2": null, "TAA 2.2.3": null, "TAA 2.2.4": null, "DC": 3570353.05, "BT": 34500000, "TD": 0.10348849420289855, "BD 2024 (EUR)": 715524.94, "BD 2024 (%)": 0.020739853333333332, "BD 2025 (EUR)": 2758290.3, "BD 2025 (%)": 0.079950443478260858, "BD 2026 (EUR)": 96537.81, "BD 2026 (%)": 0.002798197391304348, "BD 2027 (EUR)": null, "BD 2027 (%)": null, "BD 2028 (EUR)": null, "BD 2028 (%)": null, "BD 2029 (EUR)": null, "BD 2029 (%)": null, "BD 2030 (EUR)": null, "BD 2030 (%)": null, "BD C1 (EUR)": null, "BD C1 (%)": null, "BD C2 (EUR)": null, "BD C2 (%)": null, "BD C3 (EUR)": null, "BD C3 (%)": null, "BD C4 (EUR)": null, "BD C4 (%)": null, "BDF (EUR)": null, "BDF (%)": null, "BDA (EUR)": null, "BDA (%)": null, "BDC (EUR)": null, "BDC (%)": null, "BDMI (EUR)": null, "BDMI (%)": null, "BDMP (EUR)": null, "BDMP (%)": null, "BDS (EUR)": null, "BDS (%)": null, "TAC": null, "PA (EUR)": null, "D (EUR)": null, "TAC  C1": null, "PA C1 (EUR)": null, "D C1 (EUR)": null, "TAC C2": null, "PA C2 (EUR)": null, "D C2 (EUR)": null, "TAC  C3": null, "PA C3 (EUR)": null, "D C3 (EUR)": null, "TAC C4": null, "PA C4 (EUR)": null, "D C4 (EUR)": null, "TAC F": null, "PAF (EUR)": null, "DF (EUR)": null, "TAC A": null, "PAA (EUR)": null, "DA (EUR)": null, "TAC C": null, "PAC (EUR)": null, "DC (EUR)": null, "TAC MI": null, "PAMI (EUR)": null, "DMI (EUR)": null, " TAC MP": null, "PAMP (EUR)": null, "DMP (EUR)": null }, "geometry": null },
{ "type": "Feature", "properties": { "Année": 2026, "Mois": "Octobre", "UC": "UCR-A", "TAG": null, "NAP": null, "NAA": null, "NAC": null, "NAD": null, "TAR 1": null, "TAR 2": null, "TAR 1.1": null, "TAR 1.2": null, "TAR 2.1": null, "TAR 2.2": null, "TAA 1.1.1": null, "TAA 1.1.2": null, "TAA 1.1.3": null, "TAA 1.1.4": null, "TAA 1.2.1": null, "TAA 1.2.2": null, "TAA 1.2.3": null, "TAA 1.2.4": null, "TAA 2.1.1": null, "TAA 2.1.2": null, "TAA 2.1.3": null, "TAA 2.1.4": null, "TAA 2.2.1": null, "TAA 2.2.2": null, "TAA 2.2.3": null, "TAA 2.2.4": null, "DC": 3570353.05, "BT": 34500000, "TD": 0.10348849420289855, "BD 2024 (EUR)": 715524.94, "BD 2024 (%)": 0.020739853333333332, "BD 2025 (EUR)": 2758290.3, "BD 2025 (%)": 0.079950443478260858, "BD 2026 (EUR)": 96537.81, "BD 2026 (%)": 0.002798197391304348, "BD 2027 (EUR)": null, "BD 2027 (%)": null, "BD 2028 (EUR)": null, "BD 2028 (%)": null, "BD 2029 (EUR)": null, "BD 2029 (%)": null, "BD 2030 (EUR)": null, "BD 2030 (%)": null, "BD C1 (EUR)": null, "BD C1 (%)": null, "BD C2 (EUR)": null, "BD C2 (%)": null, "BD C3 (EUR)": null, "BD C3 (%)": null, "BD C4 (EUR)": null, "BD C4 (%)": null, "BDF (EUR)": null, "BDF (%)": null, "BDA (EUR)": null, "BDA (%)": null, "BDC (EUR)": null, "BDC (%)": null, "BDMI (EUR)": null, "BDMI (%)": null, "BDMP (EUR)": null, "BDMP (%)": null, "BDS (EUR)": null, "BDS (%)": null, "TAC": null, "PA (EUR)": null, "D (EUR)": null, "TAC  C1": null, "PA C1 (EUR)": null, "D C1 (EUR)": null, "TAC C2": null, "PA C2 (EUR)": null, "D C2 (EUR)": null, "TAC  C3": null, "PA C3 (EUR)": null, "D C3 (EUR)": null, "TAC C4": null, "PA C4 (EUR)": null, "D C4 (EUR)": null, "TAC F": null, "PAF (EUR)": null, "DF (EUR)": null, "TAC A": null, "PAA (EUR)": null, "DA (EUR)": null, "TAC C": null, "PAC (EUR)": null, "DC (EUR)": null, "TAC MI": null, "PAMI (EUR)": null, "DMI (EUR)": null, " TAC MP": null, "PAMP (EUR)": null, "DMP (EUR)": null }, "geometry": null },
{ "type": "Feature", "properties": { "Année": 2026, "Mois": "Novembre", "UC": "UCR-A", "TAG": null, "NAP": null, "NAA": null, "NAC": null, "NAD": null, "TAR 1": null, "TAR 2": null, "TAR 1.1": null, "TAR 1.2": null, "TAR 2.1": null, "TAR 2.2": null, "TAA 1.1.1": null, "TAA 1.1.2": null, "TAA 1.1.3": null, "TAA 1.1.4": null, "TAA 1.2.1": null, "TAA 1.2.2": null, "TAA 1.2.3": null, "TAA 1.2.4": null, "TAA 2.1.1": null, "TAA 2.1.2": null, "TAA 2.1.3": null, "TAA 2.1.4": null, "TAA 2.2.1": null, "TAA 2.2.2": null, "TAA 2.2.3": null, "TAA 2.2.4": null, "DC": 3570353.05, "BT": 34500000, "TD": 0.10348849420289855, "BD 2024 (EUR)": 715524.94, "BD 2024 (%)": 0.020739853333333332, "BD 2025 (EUR)": 2758290.3, "BD 2025 (%)": 0.079950443478260858, "BD 2026 (EUR)": 96537.81, "BD 2026 (%)": 0.002798197391304348, "BD 2027 (EUR)": null, "BD 2027 (%)": null, "BD 2028 (EUR)": null, "BD 2028 (%)": null, "BD 2029 (EUR)": null, "BD 2029 (%)": null, "BD 2030 (EUR)": null, "BD 2030 (%)": null, "BD C1 (EUR)": null, "BD C1 (%)": null, "BD C2 (EUR)": null, "BD C2 (%)": null, "BD C3 (EUR)": null, "BD C3 (%)": null, "BD C4 (EUR)": null, "BD C4 (%)": null, "BDF (EUR)": null, "BDF (%)": null, "BDA (EUR)": null, "BDA (%)": null, "BDC (EUR)": null, "BDC (%)": null, "BDMI (EUR)": null, "BDMI (%)": null, "BDMP (EUR)": null, "BDMP (%)": null, "BDS (EUR)": null, "BDS (%)": null, "TAC": null, "PA (EUR)": null, "D (EUR)": null, "TAC  C1": null, "PA C1 (EUR)": null, "D C1 (EUR)": null, "TAC C2": null, "PA C2 (EUR)": null, "D C2 (EUR)": null, "TAC  C3": null, "PA C3 (EUR)": null, "D C3 (EUR)": null, "TAC C4": null, "PA C4 (EUR)": null, "D C4 (EUR)": null, "TAC F": null, "PAF (EUR)": null, "DF (EUR)": null, "TAC A": null, "PAA (EUR)": null, "DA (EUR)": null, "TAC C": null, "PAC (EUR)": null, "DC (EUR)": null, "TAC MI": null, "PAMI (EUR)": null, "DMI (EUR)": null, " TAC MP": null, "PAMP (EUR)": null, "DMP (EUR)": null }, "geometry": null },
{ "type": "Feature", "properties": { "Année": 2026, "Mois": "Décembre", "UC": "UCR-A", "TAG": null, "NAP": null, "NAA": null, "NAC": null, "NAD": null, "TAR 1": null, "TAR 2": null, "TAR 1.1": null, "TAR 1.2": null, "TAR 2.1": null, "TAR 2.2": null, "TAA 1.1.1": null, "TAA 1.1.2": null, "TAA 1.1.3": null, "TAA 1.1.4": null, "TAA 1.2.1": null, "TAA 1.2.2": null, "TAA 1.2.3": null, "TAA 1.2.4": null, "TAA 2.1.1": null, "TAA 2.1.2": null, "TAA 2.1.3": null, "TAA 2.1.4": null, "TAA 2.2.1": null, "TAA 2.2.2": null, "TAA 2.2.3": null, "TAA 2.2.4": null, "DC": 3570353.05, "BT": 34500000, "TD": 0.10348849420289855, "BD 2024 (EUR)": 715524.94, "BD 2024 (%)": 0.020739853333333332, "BD 2025 (EUR)": 2758290.3, "BD 2025 (%)": 0.079950443478260858, "BD 2026 (EUR)": 96537.81, "BD 2026 (%)": 0.002798197391304348, "BD 2027 (EUR)": null, "BD 2027 (%)": null, "BD 2028 (EUR)": null, "BD 2028 (%)": null, "BD 2029 (EUR)": null, "BD 2029 (%)": null, "BD 2030 (EUR)": null, "BD 2030 (%)": null, "BD C1 (EUR)": null, "BD C1 (%)": null, "BD C2 (EUR)": null, "BD C2 (%)": null, "BD C3 (EUR)": null, "BD C3 (%)": null, "BD C4 (EUR)": null, "BD C4 (%)": null, "BDF (EUR)": null, "BDF (%)": null, "BDA (EUR)": null, "BDA (%)": null, "BDC (EUR)": null, "BDC (%)": null, "BDMI (EUR)": null, "BDMI (%)": null, "BDMP (EUR)": null, "BDMP (%)": null, "BDS (EUR)": null, "BDS (%)": null, "TAC": null, "PA (EUR)": null, "D (EUR)": null, "TAC  C1": null, "PA C1 (EUR)": null, "D C1 (EUR)": null, "TAC C2": null, "PA C2 (EUR)": null, "D C2 (EUR)": null, "TAC  C3": null, "PA C3 (EUR)": null, "D C3 (EUR)": null, "TAC C4": null, "PA C4 (EUR)": null, "D C4 (EUR)": null, "TAC F": null, "PAF (EUR)": null, "DF (EUR)": null, "TAC A": null, "PAA (EUR)": null, "DA (EUR)": null, "TAC C": null, "PAC (EUR)": null, "DC (EUR)": null, "TAC MI": null, "PAMI (EUR)": null, "DMI (EUR)": null, " TAC MP": null, "PAMP (EUR)": null, "DMP (EUR)": null }, "geometry": null },
{ "type": "Feature", "properties": { "Année": 2026, "Mois": "Janvier", "UC": "UCR-F", "TAG": null, "NAP": null, "NAA": null, "NAC": null, "NAD": null, "TAR 1": null, "TAR 2": null, "TAR 1.1": null, "TAR 1.2": null, "TAR 2.1": null, "TAR 2.2": null, "TAA 1.1.1": null, "TAA 1.1.2": null, "TAA 1.1.3": null, "TAA 1.1.4": null, "TAA 1.2.1": null, "TAA 1.2.2": null, "TAA 1.2.3": null, "TAA 1.2.4": null, "TAA 2.1.1": null, "TAA 2.1.2": null, "TAA 2.1.3": null, "TAA 2.1.4": null, "TAA 2.2.1": null, "TAA 2.2.2": null, "TAA 2.2.3": null, "TAA 2.2.4": null, "DC": 3570353.05, "BT": 34500000, "TD": 0.10348849420289855, "BD 2024 (EUR)": 715524.94, "BD 2024 (%)": 0.020739853333333332, "BD 2025 (EUR)": 2758290.3, "BD 2025 (%)": 0.079950443478260858, "BD 2026 (EUR)": 96537.81, "BD 2026 (%)": 0.002798197391304348, "BD 2027 (EUR)": null, "BD 2027 (%)": null, "BD 2028 (EUR)": null, "BD 2028 (%)": null, "BD 2029 (EUR)": null, "BD 2029 (%)": null, "BD 2030 (EUR)": null, "BD 2030 (%)": null, "BD C1 (EUR)": null, "BD C1 (%)": null, "BD C2 (EUR)": null, "BD C2 (%)": null, "BD C3 (EUR)": null, "BD C3 (%)": null, "BD C4 (EUR)": null, "BD C4 (%)": null, "BDF (EUR)": null, "BDF (%)": null, "BDA (EUR)": null, "BDA (%)": null, "BDC (EUR)": null, "BDC (%)": null, "BDMI (EUR)": null, "BDMI (%)": null, "BDMP (EUR)": null, "BDMP (%)": null, "BDS (EUR)": null, "BDS (%)": null, "TAC": null, "PA (EUR)": null, "D (EUR)": null, "TAC  C1": null, "PA C1 (EUR)": null, "D C1 (EUR)": null, "TAC C2": null, "PA C2 (EUR)": null, "D C2 (EUR)": null, "TAC  C3": null, "PA C3 (EUR)": null, "D C3 (EUR)": null, "TAC C4": null, "PA C4 (EUR)": null, "D C4 (EUR)": null, "TAC F": null, "PAF (EUR)": null, "DF (EUR)": null, "TAC A": null, "PAA (EUR)": null, "DA (EUR)": null, "TAC C": null, "PAC (EUR)": null, "DC (EUR)": null, "TAC MI": null, "PAMI (EUR)": null, "DMI (EUR)": null, " TAC MP": null, "PAMP (EUR)": null, "DMP (EUR)": null }, "geometry": null },
{ "type": "Feature", "properties": { "Année": 2026, "Mois": "Février", "UC": "UCR-F", "TAG": null, "NAP": null, "NAA": null, "NAC": null, "NAD": null, "TAR 1": null, "TAR 2": null, "TAR 1.1": null, "TAR 1.2": null, "TAR 2.1": null, "TAR 2.2": null, "TAA 1.1.1": null, "TAA 1.1.2": null, "TAA 1.1.3": null, "TAA 1.1.4": null, "TAA 1.2.1": null, "TAA 1.2.2": null, "TAA 1.2.3": null, "TAA 1.2.4": null, "TAA 2.1.1": null, "TAA 2.1.2": null, "TAA 2.1.3": null, "TAA 2.1.4": null, "TAA 2.2.1": null, "TAA 2.2.2": null, "TAA 2.2.3": null, "TAA 2.2.4": null, "DC": 3570353.05, "BT": 34500000, "TD": 0.10348849420289855, "BD 2024 (EUR)": 715524.94, "BD 2024 (%)": 0.020739853333333332, "BD 2025 (EUR)": 2758290.3, "BD 2025 (%)": 0.079950443478260858, "BD 2026 (EUR)": 96537.81, "BD 2026 (%)": 0.002798197391304348, "BD 2027 (EUR)": null, "BD 2027 (%)": null, "BD 2028 (EUR)": null, "BD 2028 (%)": null, "BD 2029 (EUR)": null, "BD 2029 (%)": null, "BD 2030 (EUR)": null, "BD 2030 (%)": null, "BD C1 (EUR)": null, "BD C1 (%)": null, "BD C2 (EUR)": null, "BD C2 (%)": null, "BD C3 (EUR)": null, "BD C3 (%)": null, "BD C4 (EUR)": null, "BD C4 (%)": null, "BDF (EUR)": null, "BDF (%)": null, "BDA (EUR)": null, "BDA (%)": null, "BDC (EUR)": null, "BDC (%)": null, "BDMI (EUR)": null, "BDMI (%)": null, "BDMP (EUR)": null, "BDMP (%)": null, "BDS (EUR)": null, "BDS (%)": null, "TAC": null, "PA (EUR)": null, "D (EUR)": null, "TAC  C1": null, "PA C1 (EUR)": null, "D C1 (EUR)": null, "TAC C2": null, "PA C2 (EUR)": null, "D C2 (EUR)": null, "TAC  C3": null, "PA C3 (EUR)": null, "D C3 (EUR)": null, "TAC C4": null, "PA C4 (EUR)": null, "D C4 (EUR)": null, "TAC F": null, "PAF (EUR)": null, "DF (EUR)": null, "TAC A": null, "PAA (EUR)": null, "DA (EUR)": null, "TAC C": null, "PAC (EUR)": null, "DC (EUR)": null, "TAC MI": null, "PAMI (EUR)": null, "DMI (EUR)": null, " TAC MP": null, "PAMP (EUR)": null, "DMP (EUR)": null }, "geometry": null },
{ "type": "Feature", "properties": { "Année": 2026, "Mois": "Mars", "UC": "UCR-F", "TAG": null, "NAP": null, "NAA": null, "NAC": null, "NAD": null, "TAR 1": null, "TAR 2": null, "TAR 1.1": null, "TAR 1.2": null, "TAR 2.1": null, "TAR 2.2": null, "TAA 1.1.1": null, "TAA 1.1.2": null, "TAA 1.1.3": null, "TAA 1.1.4": null, "TAA 1.2.1": null, "TAA 1.2.2": null, "TAA 1.2.3": null, "TAA 1.2.4": null, "TAA 2.1.1": null, "TAA 2.1.2": null, "TAA 2.1.3": null, "TAA 2.1.4": null, "TAA 2.2.1": null, "TAA 2.2.2": null, "TAA 2.2.3": null, "TAA 2.2.4": null, "DC": 3570353.05, "BT": 34500000, "TD": 0.10348849420289855, "BD 2024 (EUR)": 715524.94, "BD 2024 (%)": 0.020739853333333332, "BD 2025 (EUR)": 2758290.3, "BD 2025 (%)": 0.079950443478260858, "BD 2026 (EUR)": 96537.81, "BD 2026 (%)": 0.002798197391304348, "BD 2027 (EUR)": null, "BD 2027 (%)": null, "BD 2028 (EUR)": null, "BD 2028 (%)": null, "BD 2029 (EUR)": null, "BD 2029 (%)": null, "BD 2030 (EUR)": null, "BD 2030 (%)": null, "BD C1 (EUR)": null, "BD C1 (%)": null, "BD C2 (EUR)": null, "BD C2 (%)": null, "BD C3 (EUR)": null, "BD C3 (%)": null, "BD C4 (EUR)": null, "BD C4 (%)": null, "BDF (EUR)": null, "BDF (%)": null, "BDA (EUR)": null, "BDA (%)": null, "BDC (EUR)": null, "BDC (%)": null, "BDMI (EUR)": null, "BDMI (%)": null, "BDMP (EUR)": null, "BDMP (%)": null, "BDS (EUR)": null, "BDS (%)": null, "TAC": null, "PA (EUR)": null, "D (EUR)": null, "TAC  C1": null, "PA C1 (EUR)": null, "D C1 (EUR)": null, "TAC C2": null, "PA C2 (EUR)": null, "D C2 (EUR)": null, "TAC  C3": null, "PA C3 (EUR)": null, "D C3 (EUR)": null, "TAC C4": null, "PA C4 (EUR)": null, "D C4 (EUR)": null, "TAC F": null, "PAF (EUR)": null, "DF (EUR)": null, "TAC A": null, "PAA (EUR)": null, "DA (EUR)": null, "TAC C": null, "PAC (EUR)": null, "DC (EUR)": null, "TAC MI": null, "PAMI (EUR)": null, "DMI (EUR)": null, " TAC MP": null, "PAMP (EUR)": null, "DMP (EUR)": null }, "geometry": null },
{ "type": "Feature", "properties": { "Année": 2026, "Mois": "Avril", "UC": "UCR-F", "TAG": null, "NAP": null, "NAA": null, "NAC": null, "NAD": null, "TAR 1": null, "TAR 2": null, "TAR 1.1": null, "TAR 1.2": null, "TAR 2.1": null, "TAR 2.2": null, "TAA 1.1.1": null, "TAA 1.1.2": null, "TAA 1.1.3": null, "TAA 1.1.4": null, "TAA 1.2.1": null, "TAA 1.2.2": null, "TAA 1.2.3": null, "TAA 1.2.4": null, "TAA 2.1.1": null, "TAA 2.1.2": null, "TAA 2.1.3": null, "TAA 2.1.4": null, "TAA 2.2.1": null, "TAA 2.2.2": null, "TAA 2.2.3": null, "TAA 2.2.4": null, "DC": 3570353.05, "BT": 34500000, "TD": 0.10348849420289855, "BD 2024 (EUR)": 715524.94, "BD 2024 (%)": 0.020739853333333332, "BD 2025 (EUR)": 2758290.3, "BD 2025 (%)": 0.079950443478260858, "BD 2026 (EUR)": 96537.81, "BD 2026 (%)": 0.002798197391304348, "BD 2027 (EUR)": null, "BD 2027 (%)": null, "BD 2028 (EUR)": null, "BD 2028 (%)": null, "BD 2029 (EUR)": null, "BD 2029 (%)": null, "BD 2030 (EUR)": null, "BD 2030 (%)": null, "BD C1 (EUR)": null, "BD C1 (%)": null, "BD C2 (EUR)": null, "BD C2 (%)": null, "BD C3 (EUR)": null, "BD C3 (%)": null, "BD C4 (EUR)": null, "BD C4 (%)": null, "BDF (EUR)": null, "BDF (%)": null, "BDA (EUR)": null, "BDA (%)": null, "BDC (EUR)": null, "BDC (%)": null, "BDMI (EUR)": null, "BDMI (%)": null, "BDMP (EUR)": null, "BDMP (%)": null, "BDS (EUR)": null, "BDS (%)": null, "TAC": null, "PA (EUR)": null, "D (EUR)": null, "TAC  C1": null, "PA C1 (EUR)": null, "D C1 (EUR)": null, "TAC C2": null, "PA C2 (EUR)": null, "D C2 (EUR)": null, "TAC  C3": null, "PA C3 (EUR)": null, "D C3 (EUR)": null, "TAC C4": null, "PA C4 (EUR)": null, "D C4 (EUR)": null, "TAC F": null, "PAF (EUR)": null, "DF (EUR)": null, "TAC A": null, "PAA (EUR)": null, "DA (EUR)": null, "TAC C": null, "PAC (EUR)": null, "DC (EUR)": null, "TAC MI": null, "PAMI (EUR)": null, "DMI (EUR)": null, " TAC MP": null, "PAMP (EUR)": null, "DMP (EUR)": null }, "geometry": null },
{ "type": "Feature", "properties": { "Année": 2026, "Mois": "Mai", "UC": "UCR-F", "TAG": null, "NAP": null, "NAA": null, "NAC": null, "NAD": null, "TAR 1": null, "TAR 2": null, "TAR 1.1": null, "TAR 1.2": null, "TAR 2.1": null, "TAR 2.2": null, "TAA 1.1.1": null, "TAA 1.1.2": null, "TAA 1.1.3": null, "TAA 1.1.4": null, "TAA 1.2.1": null, "TAA 1.2.2": null, "TAA 1.2.3": null, "TAA 1.2.4": null, "TAA 2.1.1": null, "TAA 2.1.2": null, "TAA 2.1.3": null, "TAA 2.1.4": null, "TAA 2.2.1": null, "TAA 2.2.2": null, "TAA 2.2.3": null, "TAA 2.2.4": null, "DC": 3570353.05, "BT": 34500000, "TD": 0.10348849420289855, "BD 2024 (EUR)": 715524.94, "BD 2024 (%)": 0.020739853333333332, "BD 2025 (EUR)": 2758290.3, "BD 2025 (%)": 0.079950443478260858, "BD 2026 (EUR)": 96537.81, "BD 2026 (%)": 0.002798197391304348, "BD 2027 (EUR)": null, "BD 2027 (%)": null, "BD 2028 (EUR)": null, "BD 2028 (%)": null, "BD 2029 (EUR)": null, "BD 2029 (%)": null, "BD 2030 (EUR)": null, "BD 2030 (%)": null, "BD C1 (EUR)": null, "BD C1 (%)": null, "BD C2 (EUR)": null, "BD C2 (%)": null, "BD C3 (EUR)": null, "BD C3 (%)": null, "BD C4 (EUR)": null, "BD C4 (%)": null, "BDF (EUR)": null, "BDF (%)": null, "BDA (EUR)": null, "BDA (%)": null, "BDC (EUR)": null, "BDC (%)": null, "BDMI (EUR)": null, "BDMI (%)": null, "BDMP (EUR)": null, "BDMP (%)": null, "BDS (EUR)": null, "BDS (%)": null, "TAC": null, "PA (EUR)": null, "D (EUR)": null, "TAC  C1": null, "PA C1 (EUR)": null, "D C1 (EUR)": null, "TAC C2": null, "PA C2 (EUR)": null, "D C2 (EUR)": null, "TAC  C3": null, "PA C3 (EUR)": null, "D C3 (EUR)": null, "TAC C4": null, "PA C4 (EUR)": null, "D C4 (EUR)": null, "TAC F": null, "PAF (EUR)": null, "DF (EUR)": null, "TAC A": null, "PAA (EUR)": null, "DA (EUR)": null, "TAC C": null, "PAC (EUR)": null, "DC (EUR)": null, "TAC MI": null, "PAMI (EUR)": null, "DMI (EUR)": null, " TAC MP": null, "PAMP (EUR)": null, "DMP (EUR)": null }, "geometry": null },
{ "type": "Feature", "properties": { "Année": 2026, "Mois": "Juin", "UC": "UCR-F", "TAG": 0.0, "NAP": 0, "NAA": 0, "NAC": 0, "NAD": 0, "TAR 1": 0.0, "TAR 2": 0.0, "TAR 1.1": 0.0, "TAR 1.2": 0.0, "TAR 2.1": 0.0, "TAR 2.2": 0.0, "TAA 1.1.1": 0.0, "TAA 1.1.2": 0.0, "TAA 1.1.3": 0.0, "TAA 1.1.4": 0.0, "TAA 1.2.1": 0.0, "TAA 1.2.2": 0.0, "TAA 1.2.3": 0.0, "TAA 1.2.4": 0.0, "TAA 2.1.1": 0.0, "TAA 2.1.2": 0.0, "TAA 2.1.3": 0, "TAA 2.1.4": 0.0, "TAA 2.2.1": 0.0, "TAA 2.2.2": 0.0, "TAA 2.2.3": 0.0, "TAA 2.2.4": 0.0, "DC": 3570353.05, "BT": 34500000, "TD": 0.10348849420289855, "BD 2024 (EUR)": 715524.94, "BD 2024 (%)": 0.020739853333333332, "BD 2025 (EUR)": 2758290.3, "BD 2025 (%)": 0.079950443478260858, "BD 2026 (EUR)": 96537.81, "BD 2026 (%)": 0.002798197391304348, "BD 2027 (EUR)": null, "BD 2027 (%)": null, "BD 2028 (EUR)": null, "BD 2028 (%)": null, "BD 2029 (EUR)": null, "BD 2029 (%)": null, "BD 2030 (EUR)": null, "BD 2030 (%)": null, "BD C1 (EUR)": null, "BD C1 (%)": null, "BD C2 (EUR)": null, "BD C2 (%)": null, "BD C3 (EUR)": null, "BD C3 (%)": null, "BD C4 (EUR)": null, "BD C4 (%)": null, "BDF (EUR)": null, "BDF (%)": null, "BDA (EUR)": null, "BDA (%)": null, "BDC (EUR)": null, "BDC (%)": null, "BDMI (EUR)": null, "BDMI (%)": null, "BDMP (EUR)": null, "BDMP (%)": null, "BDS (EUR)": null, "BDS (%)": null, "TAC": 0.10823939975050555, "PA (EUR)": 27627.0, "D (EUR)": 2990.3298969072166, "TAC  C1": 0.0, "PA C1 (EUR)": 8170.0, "D C1 (EUR)": 0.0, "TAC C2": 0.17385638935507072, "PA C2 (EUR)": 17200.0, "D C2 (EUR)": 2990.3298969072166, "TAC  C3": 0.0, "PA C3 (EUR)": 2257.0, "D C3 (EUR)": 0.0, "TAC C4": "#DIV/0!", "PA C4 (EUR)": 0, "D C4 (EUR)": 0.0, "TAC F": "#DIV/0!", "PAF (EUR)": 0.0, "DF (EUR)": 0.0, "TAC A": 0.0, "PAA (EUR)": 5200.0, "DA (EUR)": 0.0, "TAC C": 0.0, "PAC (EUR)": 9702.0, "DC (EUR)": 0.0, "TAC MI": 0.10748316605259814, "PAMI (EUR)": 7871.0, "DMI (EUR)": 846.0, " TAC MP": 0.0, "PAMP (EUR)": 4854.0, "DMP (EUR)": 0.0 }, "geometry": null },
{ "type": "Feature", "properties": { "Année": 2026, "Mois": "Juillet", "UC": "UCR-F", "TAG": 0.0, "NAP": 0, "NAA": 0, "NAC": 0, "NAD": 0, "TAR 1": 0.0, "TAR 2": 0.0, "TAR 1.1": 0.0, "TAR 1.2": 0.0, "TAR 2.1": 0.0, "TAR 2.2": 0.0, "TAA 1.1.1": 0.0, "TAA 1.1.2": 0.0, "TAA 1.1.3": 0.0, "TAA 1.1.4": 0.0, "TAA 1.2.1": 0.0, "TAA 1.2.2": 0.0, "TAA 1.2.3": 0.0, "TAA 1.2.4": 0.0, "TAA 2.1.1": 0.0, "TAA 2.1.2": 0.0, "TAA 2.1.3": 0, "TAA 2.1.4": 0.0, "TAA 2.2.1": 0.0, "TAA 2.2.2": 0.0, "TAA 2.2.3": 0.0, "TAA 2.2.4": 0.0, "DC": 3570353.05, "BT": 34500000, "TD": 0.10348849420289855, "BD 2024 (EUR)": 715524.94, "BD 2024 (%)": 0.020739853333333332, "BD 2025 (EUR)": 2758290.3, "BD 2025 (%)": 0.079950443478260858, "BD 2026 (EUR)": 96537.81, "BD 2026 (%)": 0.002798197391304348, "BD 2027 (EUR)": null, "BD 2027 (%)": null, "BD 2028 (EUR)": null, "BD 2028 (%)": null, "BD 2029 (EUR)": null, "BD 2029 (%)": null, "BD 2030 (EUR)": null, "BD 2030 (%)": null, "BD C1 (EUR)": null, "BD C1 (%)": null, "BD C2 (EUR)": null, "BD C2 (%)": null, "BD C3 (EUR)": null, "BD C3 (%)": null, "BD C4 (EUR)": null, "BD C4 (%)": null, "BDF (EUR)": null, "BDF (%)": null, "BDA (EUR)": null, "BDA (%)": null, "BDC (EUR)": null, "BDC (%)": null, "BDMI (EUR)": null, "BDMI (%)": null, "BDMP (EUR)": null, "BDMP (%)": null, "BDS (EUR)": null, "BDS (%)": null, "TAC": 0.14258985401626006, "PA (EUR)": 27627.0, "D (EUR)": 3939.3298969072166, "TAC  C1": 0.0, "PA C1 (EUR)": 8170.0, "D C1 (EUR)": 0.0, "TAC C2": 0.22903080795972189, "PA C2 (EUR)": 17200.0, "D C2 (EUR)": 3939.3298969072166, "TAC  C3": 0.0, "PA C3 (EUR)": 2257.0, "D C3 (EUR)": 0.0, "TAC C4": "#DIV/0!", "PA C4 (EUR)": 0, "D C4 (EUR)": 0.0, "TAC F": "#DIV/0!", "PAF (EUR)": 0.0, "DF (EUR)": 0.0, "TAC A": 0.0, "PAA (EUR)": 5200.0, "DA (EUR)": 0.0, "TAC C": 0.01761286332714904, "PAC (EUR)": 9702.0, "DC (EUR)": 170.88, "TAC MI": 0.10748316605259814, "PAMI (EUR)": 7871.0, "DMI (EUR)": 846.0, " TAC MP": 0.0, "PAMP (EUR)": 4854.0, "DMP (EUR)": 0.0 }, "geometry": null },
{ "type": "Feature", "properties": { "Année": 2026, "Mois": "Août", "UC": "UCR-F", "TAG": 0.023333333333333331, "NAP": 28, "NAA": null, "NAC": 2, "NAD": 26, "TAR 1": 0.03888888888888889, "TAR 2": 0.0, "TAR 1.1": 0.022222222222222223, "TAR 1.2": 0.055555555555555552, "TAR 2.1": null, "TAR 2.2": null, "TAA 1.1.1": 0.04, "TAA 1.1.2": null, "TAA 1.1.3": null, "TAA 1.1.4": null, "TAA 1.2.1": null, "TAA 1.2.2": null, "TAA 1.2.3": 0.25, "TAA 1.2.4": null, "TAA 2.1.1": null, "TAA 2.1.2": null, "TAA 2.1.3": null, "TAA 2.1.4": null, "TAA 2.2.1": null, "TAA 2.2.2": null, "TAA 2.2.3": null, "TAA 2.2.4": null, "DC": 3570353.05, "BT": 34500000, "TD": 0.10348849420289855, "BD 2024 (EUR)": 715524.94, "BD 2024 (%)": 0.020739853333333332, "BD 2025 (EUR)": 2758290.3, "BD 2025 (%)": 0.079950443478260858, "BD 2026 (EUR)": 96537.81, "BD 2026 (%)": 0.002798197391304348, "BD 2027 (EUR)": null, "BD 2027 (%)": null, "BD 2028 (EUR)": null, "BD 2028 (%)": null, "BD 2029 (EUR)": null, "BD 2029 (%)": null, "BD 2030 (EUR)": null, "BD 2030 (%)": null, "BD C1 (EUR)": null, "BD C1 (%)": null, "BD C2 (EUR)": null, "BD C2 (%)": null, "BD C3 (EUR)": null, "BD C3 (%)": null, "BD C4 (EUR)": null, "BD C4 (%)": null, "BDF (EUR)": null, "BDF (%)": null, "BDA (EUR)": null, "BDA (%)": null, "BDC (EUR)": null, "BDC (%)": null, "BDMI (EUR)": null, "BDMI (%)": null, "BDMP (EUR)": null, "BDMP (%)": null, "BDS (EUR)": null, "BDS (%)": null, "TAC": 0.14877510757256368, "PA (EUR)": 27627.0, "D (EUR)": 4110.2098969072167, "TAC  C1": 0.020915544675642595, "PA C1 (EUR)": 8170.0, "D C1 (EUR)": 170.88, "TAC C2": 0.22903080795972189, "PA C2 (EUR)": 17200.0, "D C2 (EUR)": 3939.3298969072166, "TAC  C3": 0.0, "PA C3 (EUR)": 2257.0, "D C3 (EUR)": 0.0, "TAC C4": "#DIV/0!", "PA C4 (EUR)": 0, "D C4 (EUR)": 0.0, "TAC F": "#DIV/0!", "PAF (EUR)": 0.0, "DF (EUR)": 0.0, "TAC A": 0.0, "PAA (EUR)": 5200.0, "DA (EUR)": 0.0, "TAC C": 0.01761286332714904, "PAC (EUR)": 9702.0, "DC (EUR)": 170.88, "TAC MI": 0.19946639562952612, "PAMI (EUR)": 7871.0, "DMI (EUR)": 1570.0, " TAC MP": 0.0, "PAMP (EUR)": 4854.0, "DMP (EUR)": 0.0 }, "geometry": null },
{ "type": "Feature", "properties": { "Année": 2026, "Mois": "Septembre", "UC": "UCR-F", "TAG": null, "NAP": null, "NAA": null, "NAC": null, "NAD": null, "TAR 1": null, "TAR 2": null, "TAR 1.1": null, "TAR 1.2": null, "TAR 2.1": null, "TAR 2.2": null, "TAA 1.1.1": null, "TAA 1.1.2": null, "TAA 1.1.3": null, "TAA 1.1.4": null, "TAA 1.2.1": null, "TAA 1.2.2": null, "TAA 1.2.3": null, "TAA 1.2.4": null, "TAA 2.1.1": null, "TAA 2.1.2": null, "TAA 2.1.3": null, "TAA 2.1.4": null, "TAA 2.2.1": null, "TAA 2.2.2": null, "TAA 2.2.3": null, "TAA 2.2.4": null, "DC": 3570353.05, "BT": 34500000, "TD": 0.10348849420289855, "BD 2024 (EUR)": 715524.94, "BD 2024 (%)": 0.020739853333333332, "BD 2025 (EUR)": 2758290.3, "BD 2025 (%)": 0.079950443478260858, "BD 2026 (EUR)": 96537.81, "BD 2026 (%)": 0.002798197391304348, "BD 2027 (EUR)": null, "BD 2027 (%)": null, "BD 2028 (EUR)": null, "BD 2028 (%)": null, "BD 2029 (EUR)": null, "BD 2029 (%)": null, "BD 2030 (EUR)": null, "BD 2030 (%)": null, "BD C1 (EUR)": null, "BD C1 (%)": null, "BD C2 (EUR)": null, "BD C2 (%)": null, "BD C3 (EUR)": null, "BD C3 (%)": null, "BD C4 (EUR)": null, "BD C4 (%)": null, "BDF (EUR)": null, "BDF (%)": null, "BDA (EUR)": null, "BDA (%)": null, "BDC (EUR)": null, "BDC (%)": null, "BDMI (EUR)": null, "BDMI (%)": null, "BDMP (EUR)": null, "BDMP (%)": null, "BDS (EUR)": null, "BDS (%)": null, "TAC": null, "PA (EUR)": null, "D (EUR)": null, "TAC  C1": null, "PA C1 (EUR)": null, "D C1 (EUR)": null, "TAC C2": null, "PA C2 (EUR)": null, "D C2 (EUR)": null, "TAC  C3": null, "PA C3 (EUR)": null, "D C3 (EUR)": null, "TAC C4": null, "PA C4 (EUR)": null, "D C4 (EUR)": null, "TAC F": null, "PAF (EUR)": null, "DF (EUR)": null, "TAC A": null, "PAA (EUR)": null, "DA (EUR)": null, "TAC C": null, "PAC (EUR)": null, "DC (EUR)": null, "TAC MI": null, "PAMI (EUR)": null, "DMI (EUR)": null, " TAC MP": null, "PAMP (EUR)": null, "DMP (EUR)": null }, "geometry": null },
{ "type": "Feature", "properties": { "Année": 2026, "Mois": "Octobre", "UC": "UCR-F", "TAG": null, "NAP": null, "NAA": null, "NAC": null, "NAD": null, "TAR 1": null, "TAR 2": null, "TAR 1.1": null, "TAR 1.2": null, "TAR 2.1": null, "TAR 2.2": null, "TAA 1.1.1": null, "TAA 1.1.2": null, "TAA 1.1.3": null, "TAA 1.1.4": null, "TAA 1.2.1": null, "TAA 1.2.2": null, "TAA 1.2.3": null, "TAA 1.2.4": null, "TAA 2.1.1": null, "TAA 2.1.2": null, "TAA 2.1.3": null, "TAA 2.1.4": null, "TAA 2.2.1": null, "TAA 2.2.2": null, "TAA 2.2.3": null, "TAA 2.2.4": null, "DC": 3570353.05, "BT": 34500000, "TD": 0.10348849420289855, "BD 2024 (EUR)": 715524.94, "BD 2024 (%)": 0.020739853333333332, "BD 2025 (EUR)": 2758290.3, "BD 2025 (%)": 0.079950443478260858, "BD 2026 (EUR)": 96537.81, "BD 2026 (%)": 0.002798197391304348, "BD 2027 (EUR)": null, "BD 2027 (%)": null, "BD 2028 (EUR)": null, "BD 2028 (%)": null, "BD 2029 (EUR)": null, "BD 2029 (%)": null, "BD 2030 (EUR)": null, "BD 2030 (%)": null, "BD C1 (EUR)": null, "BD C1 (%)": null, "BD C2 (EUR)": null, "BD C2 (%)": null, "BD C3 (EUR)": null, "BD C3 (%)": null, "BD C4 (EUR)": null, "BD C4 (%)": null, "BDF (EUR)": null, "BDF (%)": null, "BDA (EUR)": null, "BDA (%)": null, "BDC (EUR)": null, "BDC (%)": null, "BDMI (EUR)": null, "BDMI (%)": null, "BDMP (EUR)": null, "BDMP (%)": null, "BDS (EUR)": null, "BDS (%)": null, "TAC": null, "PA (EUR)": null, "D (EUR)": null, "TAC  C1": null, "PA C1 (EUR)": null, "D C1 (EUR)": null, "TAC C2": null, "PA C2 (EUR)": null, "D C2 (EUR)": null, "TAC  C3": null, "PA C3 (EUR)": null, "D C3 (EUR)": null, "TAC C4": null, "PA C4 (EUR)": null, "D C4 (EUR)": null, "TAC F": null, "PAF (EUR)": null, "DF (EUR)": null, "TAC A": null, "PAA (EUR)": null, "DA (EUR)": null, "TAC C": null, "PAC (EUR)": null, "DC (EUR)": null, "TAC MI": null, "PAMI (EUR)": null, "DMI (EUR)": null, " TAC MP": null, "PAMP (EUR)": null, "DMP (EUR)": null }, "geometry": null },
{ "type": "Feature", "properties": { "Année": 2026, "Mois": "Novembre", "UC": "UCR-F", "TAG": null, "NAP": null, "NAA": null, "NAC": null, "NAD": null, "TAR 1": null, "TAR 2": null, "TAR 1.1": null, "TAR 1.2": null, "TAR 2.1": null, "TAR 2.2": null, "TAA 1.1.1": null, "TAA 1.1.2": null, "TAA 1.1.3": null, "TAA 1.1.4": null, "TAA 1.2.1": null, "TAA 1.2.2": null, "TAA 1.2.3": null, "TAA 1.2.4": null, "TAA 2.1.1": null, "TAA 2.1.2": null, "TAA 2.1.3": null, "TAA 2.1.4": null, "TAA 2.2.1": null, "TAA 2.2.2": null, "TAA 2.2.3": null, "TAA 2.2.4": null, "DC": 3570353.05, "BT": 34500000, "TD": 0.10348849420289855, "BD 2024 (EUR)": 715524.94, "BD 2024 (%)": 0.020739853333333332, "BD 2025 (EUR)": 2758290.3, "BD 2025 (%)": 0.079950443478260858, "BD 2026 (EUR)": 96537.81, "BD 2026 (%)": 0.002798197391304348, "BD 2027 (EUR)": null, "BD 2027 (%)": null, "BD 2028 (EUR)": null, "BD 2028 (%)": null, "BD 2029 (EUR)": null, "BD 2029 (%)": null, "BD 2030 (EUR)": null, "BD 2030 (%)": null, "BD C1 (EUR)": null, "BD C1 (%)": null, "BD C2 (EUR)": null, "BD C2 (%)": null, "BD C3 (EUR)": null, "BD C3 (%)": null, "BD C4 (EUR)": null, "BD C4 (%)": null, "BDF (EUR)": null, "BDF (%)": null, "BDA (EUR)": null, "BDA (%)": null, "BDC (EUR)": null, "BDC (%)": null, "BDMI (EUR)": null, "BDMI (%)": null, "BDMP (EUR)": null, "BDMP (%)": null, "BDS (EUR)": null, "BDS (%)": null, "TAC": null, "PA (EUR)": null, "D (EUR)": null, "TAC  C1": null, "PA C1 (EUR)": null, "D C1 (EUR)": null, "TAC C2": null, "PA C2 (EUR)": null, "D C2 (EUR)": null, "TAC  C3": null, "PA C3 (EUR)": null, "D C3 (EUR)": null, "TAC C4": null, "PA C4 (EUR)": null, "D C4 (EUR)": null, "TAC F": null, "PAF (EUR)": null, "DF (EUR)": null, "TAC A": null, "PAA (EUR)": null, "DA (EUR)": null, "TAC C": null, "PAC (EUR)": null, "DC (EUR)": null, "TAC MI": null, "PAMI (EUR)": null, "DMI (EUR)": null, " TAC MP": null, "PAMP (EUR)": null, "DMP (EUR)": null }, "geometry": null },
{ "type": "Feature", "properties": { "Année": 2026, "Mois": "Décembre", "UC": "UCR-F", "TAG": null, "NAP": null, "NAA": null, "NAC": null, "NAD": null, "TAR 1": null, "TAR 2": null, "TAR 1.1": null, "TAR 1.2": null, "TAR 2.1": null, "TAR 2.2": null, "TAA 1.1.1": null, "TAA 1.1.2": null, "TAA 1.1.3": null, "TAA 1.1.4": null, "TAA 1.2.1": null, "TAA 1.2.2": null, "TAA 1.2.3": null, "TAA 1.2.4": null, "TAA 2.1.1": null, "TAA 2.1.2": null, "TAA 2.1.3": null, "TAA 2.1.4": null, "TAA 2.2.1": null, "TAA 2.2.2": null, "TAA 2.2.3": null, "TAA 2.2.4": null, "DC": 3570353.05, "BT": 34500000, "TD": 0.10348849420289855, "BD 2024 (EUR)": 715524.94, "BD 2024 (%)": 0.020739853333333332, "BD 2025 (EUR)": 2758290.3, "BD 2025 (%)": 0.079950443478260858, "BD 2026 (EUR)": 96537.81, "BD 2026 (%)": 0.002798197391304348, "BD 2027 (EUR)": null, "BD 2027 (%)": null, "BD 2028 (EUR)": null, "BD 2028 (%)": null, "BD 2029 (EUR)": null, "BD 2029 (%)": null, "BD 2030 (EUR)": null, "BD 2030 (%)": null, "BD C1 (EUR)": null, "BD C1 (%)": null, "BD C2 (EUR)": null, "BD C2 (%)": null, "BD C3 (EUR)": null, "BD C3 (%)": null, "BD C4 (EUR)": null, "BD C4 (%)": null, "BDF (EUR)": null, "BDF (%)": null, "BDA (EUR)": null, "BDA (%)": null, "BDC (EUR)": null, "BDC (%)": null, "BDMI (EUR)": null, "BDMI (%)": null, "BDMP (EUR)": null, "BDMP (%)": null, "BDS (EUR)": null, "BDS (%)": null, "TAC": null, "PA (EUR)": null, "D (EUR)": null, "TAC  C1": null, "PA C1 (EUR)": null, "D C1 (EUR)": null, "TAC C2": null, "PA C2 (EUR)": null, "D C2 (EUR)": null, "TAC  C3": null, "PA C3 (EUR)": null, "D C3 (EUR)": null, "TAC C4": null, "PA C4 (EUR)": null, "D C4 (EUR)": null, "TAC F": null, "PAF (EUR)": null, "DF (EUR)": null, "TAC A": null, "PAA (EUR)": null, "DA (EUR)": null, "TAC C": null, "PAC (EUR)": null, "DC (EUR)": null, "TAC MI": null, "PAMI (EUR)": null, "DMI (EUR)": null, " TAC MP": null, "PAMP (EUR)": null, "DMP (EUR)": null }, "geometry": null },
{ "type": "Feature", "properties": { "Année": 2026, "Mois": "Janvier", "UC": "UCR-FD", "TAG": null, "NAP": null, "NAA": null, "NAC": null, "NAD": null, "TAR 1": null, "TAR 2": null, "TAR 1.1": null, "TAR 1.2": null, "TAR 2.1": null, "TAR 2.2": null, "TAA 1.1.1": null, "TAA 1.1.2": null, "TAA 1.1.3": null, "TAA 1.1.4": null, "TAA 1.2.1": null, "TAA 1.2.2": null, "TAA 1.2.3": null, "TAA 1.2.4": null, "TAA 2.1.1": null, "TAA 2.1.2": null, "TAA 2.1.3": null, "TAA 2.1.4": null, "TAA 2.2.1": null, "TAA 2.2.2": null, "TAA 2.2.3": null, "TAA 2.2.4": null, "DC": 3570353.05, "BT": 34500000, "TD": 0.10348849420289855, "BD 2024 (EUR)": 715524.94, "BD 2024 (%)": 0.020739853333333332, "BD 2025 (EUR)": 2758290.3, "BD 2025 (%)": 0.079950443478260858, "BD 2026 (EUR)": 96537.81, "BD 2026 (%)": 0.002798197391304348, "BD 2027 (EUR)": null, "BD 2027 (%)": null, "BD 2028 (EUR)": null, "BD 2028 (%)": null, "BD 2029 (EUR)": null, "BD 2029 (%)": null, "BD 2030 (EUR)": null, "BD 2030 (%)": null, "BD C1 (EUR)": null, "BD C1 (%)": null, "BD C2 (EUR)": null, "BD C2 (%)": null, "BD C3 (EUR)": null, "BD C3 (%)": null, "BD C4 (EUR)": null, "BD C4 (%)": null, "BDF (EUR)": null, "BDF (%)": null, "BDA (EUR)": null, "BDA (%)": null, "BDC (EUR)": null, "BDC (%)": null, "BDMI (EUR)": null, "BDMI (%)": null, "BDMP (EUR)": null, "BDMP (%)": null, "BDS (EUR)": null, "BDS (%)": null, "TAC": null, "PA (EUR)": null, "D (EUR)": null, "TAC  C1": null, "PA C1 (EUR)": null, "D C1 (EUR)": null, "TAC C2": null, "PA C2 (EUR)": null, "D C2 (EUR)": null, "TAC  C3": null, "PA C3 (EUR)": null, "D C3 (EUR)": null, "TAC C4": null, "PA C4 (EUR)": null, "D C4 (EUR)": null, "TAC F": null, "PAF (EUR)": null, "DF (EUR)": null, "TAC A": null, "PAA (EUR)": null, "DA (EUR)": null, "TAC C": null, "PAC (EUR)": null, "DC (EUR)": null, "TAC MI": null, "PAMI (EUR)": null, "DMI (EUR)": null, " TAC MP": null, "PAMP (EUR)": null, "DMP (EUR)": null }, "geometry": null },
{ "type": "Feature", "properties": { "Année": 2026, "Mois": "Février", "UC": "UCR-FD", "TAG": null, "NAP": null, "NAA": null, "NAC": null, "NAD": null, "TAR 1": null, "TAR 2": null, "TAR 1.1": null, "TAR 1.2": null, "TAR 2.1": null, "TAR 2.2": null, "TAA 1.1.1": null, "TAA 1.1.2": null, "TAA 1.1.3": null, "TAA 1.1.4": null, "TAA 1.2.1": null, "TAA 1.2.2": null, "TAA 1.2.3": null, "TAA 1.2.4": null, "TAA 2.1.1": null, "TAA 2.1.2": null, "TAA 2.1.3": null, "TAA 2.1.4": null, "TAA 2.2.1": null, "TAA 2.2.2": null, "TAA 2.2.3": null, "TAA 2.2.4": null, "DC": 3570353.05, "BT": 34500000, "TD": 0.10348849420289855, "BD 2024 (EUR)": 715524.94, "BD 2024 (%)": 0.020739853333333332, "BD 2025 (EUR)": 2758290.3, "BD 2025 (%)": 0.079950443478260858, "BD 2026 (EUR)": 96537.81, "BD 2026 (%)": 0.002798197391304348, "BD 2027 (EUR)": null, "BD 2027 (%)": null, "BD 2028 (EUR)": null, "BD 2028 (%)": null, "BD 2029 (EUR)": null, "BD 2029 (%)": null, "BD 2030 (EUR)": null, "BD 2030 (%)": null, "BD C1 (EUR)": null, "BD C1 (%)": null, "BD C2 (EUR)": null, "BD C2 (%)": null, "BD C3 (EUR)": null, "BD C3 (%)": null, "BD C4 (EUR)": null, "BD C4 (%)": null, "BDF (EUR)": null, "BDF (%)": null, "BDA (EUR)": null, "BDA (%)": null, "BDC (EUR)": null, "BDC (%)": null, "BDMI (EUR)": null, "BDMI (%)": null, "BDMP (EUR)": null, "BDMP (%)": null, "BDS (EUR)": null, "BDS (%)": null, "TAC": null, "PA (EUR)": null, "D (EUR)": null, "TAC  C1": null, "PA C1 (EUR)": null, "D C1 (EUR)": null, "TAC C2": null, "PA C2 (EUR)": null, "D C2 (EUR)": null, "TAC  C3": null, "PA C3 (EUR)": null, "D C3 (EUR)": null, "TAC C4": null, "PA C4 (EUR)": null, "D C4 (EUR)": null, "TAC F": null, "PAF (EUR)": null, "DF (EUR)": null, "TAC A": null, "PAA (EUR)": null, "DA (EUR)": null, "TAC C": null, "PAC (EUR)": null, "DC (EUR)": null, "TAC MI": null, "PAMI (EUR)": null, "DMI (EUR)": null, " TAC MP": null, "PAMP (EUR)": null, "DMP (EUR)": null }, "geometry": null },
{ "type": "Feature", "properties": { "Année": 2026, "Mois": "Mars", "UC": "UCR-FD", "TAG": null, "NAP": null, "NAA": null, "NAC": null, "NAD": null, "TAR 1": null, "TAR 2": null, "TAR 1.1": null, "TAR 1.2": null, "TAR 2.1": null, "TAR 2.2": null, "TAA 1.1.1": null, "TAA 1.1.2": null, "TAA 1.1.3": null, "TAA 1.1.4": null, "TAA 1.2.1": null, "TAA 1.2.2": null, "TAA 1.2.3": null, "TAA 1.2.4": null, "TAA 2.1.1": null, "TAA 2.1.2": null, "TAA 2.1.3": null, "TAA 2.1.4": null, "TAA 2.2.1": null, "TAA 2.2.2": null, "TAA 2.2.3": null, "TAA 2.2.4": null, "DC": 3570353.05, "BT": 34500000, "TD": 0.10348849420289855, "BD 2024 (EUR)": 715524.94, "BD 2024 (%)": 0.020739853333333332, "BD 2025 (EUR)": 2758290.3, "BD 2025 (%)": 0.079950443478260858, "BD 2026 (EUR)": 96537.81, "BD 2026 (%)": 0.002798197391304348, "BD 2027 (EUR)": null, "BD 2027 (%)": null, "BD 2028 (EUR)": null, "BD 2028 (%)": null, "BD 2029 (EUR)": null, "BD 2029 (%)": null, "BD 2030 (EUR)": null, "BD 2030 (%)": null, "BD C1 (EUR)": null, "BD C1 (%)": null, "BD C2 (EUR)": null, "BD C2 (%)": null, "BD C3 (EUR)": null, "BD C3 (%)": null, "BD C4 (EUR)": null, "BD C4 (%)": null, "BDF (EUR)": null, "BDF (%)": null, "BDA (EUR)": null, "BDA (%)": null, "BDC (EUR)": null, "BDC (%)": null, "BDMI (EUR)": null, "BDMI (%)": null, "BDMP (EUR)": null, "BDMP (%)": null, "BDS (EUR)": null, "BDS (%)": null, "TAC": null, "PA (EUR)": null, "D (EUR)": null, "TAC  C1": null, "PA C1 (EUR)": null, "D C1 (EUR)": null, "TAC C2": null, "PA C2 (EUR)": null, "D C2 (EUR)": null, "TAC  C3": null, "PA C3 (EUR)": null, "D C3 (EUR)": null, "TAC C4": null, "PA C4 (EUR)": null, "D C4 (EUR)": null, "TAC F": null, "PAF (EUR)": null, "DF (EUR)": null, "TAC A": null, "PAA (EUR)": null, "DA (EUR)": null, "TAC C": null, "PAC (EUR)": null, "DC (EUR)": null, "TAC MI": null, "PAMI (EUR)": null, "DMI (EUR)": null, " TAC MP": null, "PAMP (EUR)": null, "DMP (EUR)": null }, "geometry": null },
{ "type": "Feature", "properties": { "Année": 2026, "Mois": "Avril", "UC": "UCR-FD", "TAG": null, "NAP": null, "NAA": null, "NAC": null, "NAD": null, "TAR 1": null, "TAR 2": null, "TAR 1.1": null, "TAR 1.2": null, "TAR 2.1": null, "TAR 2.2": null, "TAA 1.1.1": null, "TAA 1.1.2": null, "TAA 1.1.3": null, "TAA 1.1.4": null, "TAA 1.2.1": null, "TAA 1.2.2": null, "TAA 1.2.3": null, "TAA 1.2.4": null, "TAA 2.1.1": null, "TAA 2.1.2": null, "TAA 2.1.3": null, "TAA 2.1.4": null, "TAA 2.2.1": null, "TAA 2.2.2": null, "TAA 2.2.3": null, "TAA 2.2.4": null, "DC": 3570353.05, "BT": 34500000, "TD": 0.10348849420289855, "BD 2024 (EUR)": 715524.94, "BD 2024 (%)": 0.020739853333333332, "BD 2025 (EUR)": 2758290.3, "BD 2025 (%)": 0.079950443478260858, "BD 2026 (EUR)": 96537.81, "BD 2026 (%)": 0.002798197391304348, "BD 2027 (EUR)": null, "BD 2027 (%)": null, "BD 2028 (EUR)": null, "BD 2028 (%)": null, "BD 2029 (EUR)": null, "BD 2029 (%)": null, "BD 2030 (EUR)": null, "BD 2030 (%)": null, "BD C1 (EUR)": null, "BD C1 (%)": null, "BD C2 (EUR)": null, "BD C2 (%)": null, "BD C3 (EUR)": null, "BD C3 (%)": null, "BD C4 (EUR)": null, "BD C4 (%)": null, "BDF (EUR)": null, "BDF (%)": null, "BDA (EUR)": null, "BDA (%)": null, "BDC (EUR)": null, "BDC (%)": null, "BDMI (EUR)": null, "BDMI (%)": null, "BDMP (EUR)": null, "BDMP (%)": null, "BDS (EUR)": null, "BDS (%)": null, "TAC": null, "PA (EUR)": null, "D (EUR)": null, "TAC  C1": null, "PA C1 (EUR)": null, "D C1 (EUR)": null, "TAC C2": null, "PA C2 (EUR)": null, "D C2 (EUR)": null, "TAC  C3": null, "PA C3 (EUR)": null, "D C3 (EUR)": null, "TAC C4": null, "PA C4 (EUR)": null, "D C4 (EUR)": null, "TAC F": null, "PAF (EUR)": null, "DF (EUR)": null, "TAC A": null, "PAA (EUR)": null, "DA (EUR)": null, "TAC C": null, "PAC (EUR)": null, "DC (EUR)": null, "TAC MI": null, "PAMI (EUR)": null, "DMI (EUR)": null, " TAC MP": null, "PAMP (EUR)": null, "DMP (EUR)": null }, "geometry": null },
{ "type": "Feature", "properties": { "Année": 2026, "Mois": "Mai", "UC": "UCR-FD", "TAG": null, "NAP": null, "NAA": null, "NAC": null, "NAD": null, "TAR 1": null, "TAR 2": null, "TAR 1.1": null, "TAR 1.2": null, "TAR 2.1": null, "TAR 2.2": null, "TAA 1.1.1": null, "TAA 1.1.2": null, "TAA 1.1.3": null, "TAA 1.1.4": null, "TAA 1.2.1": null, "TAA 1.2.2": null, "TAA 1.2.3": null, "TAA 1.2.4": null, "TAA 2.1.1": null, "TAA 2.1.2": null, "TAA 2.1.3": null, "TAA 2.1.4": null, "TAA 2.2.1": null, "TAA 2.2.2": null, "TAA 2.2.3": null, "TAA 2.2.4": null, "DC": 3570353.05, "BT": 34500000, "TD": 0.10348849420289855, "BD 2024 (EUR)": 715524.94, "BD 2024 (%)": 0.020739853333333332, "BD 2025 (EUR)": 2758290.3, "BD 2025 (%)": 0.079950443478260858, "BD 2026 (EUR)": 96537.81, "BD 2026 (%)": 0.002798197391304348, "BD 2027 (EUR)": null, "BD 2027 (%)": null, "BD 2028 (EUR)": null, "BD 2028 (%)": null, "BD 2029 (EUR)": null, "BD 2029 (%)": null, "BD 2030 (EUR)": null, "BD 2030 (%)": null, "BD C1 (EUR)": null, "BD C1 (%)": null, "BD C2 (EUR)": null, "BD C2 (%)": null, "BD C3 (EUR)": null, "BD C3 (%)": null, "BD C4 (EUR)": null, "BD C4 (%)": null, "BDF (EUR)": null, "BDF (%)": null, "BDA (EUR)": null, "BDA (%)": null, "BDC (EUR)": null, "BDC (%)": null, "BDMI (EUR)": null, "BDMI (%)": null, "BDMP (EUR)": null, "BDMP (%)": null, "BDS (EUR)": null, "BDS (%)": null, "TAC": null, "PA (EUR)": null, "D (EUR)": null, "TAC  C1": null, "PA C1 (EUR)": null, "D C1 (EUR)": null, "TAC C2": null, "PA C2 (EUR)": null, "D C2 (EUR)": null, "TAC  C3": null, "PA C3 (EUR)": null, "D C3 (EUR)": null, "TAC C4": null, "PA C4 (EUR)": null, "D C4 (EUR)": null, "TAC F": null, "PAF (EUR)": null, "DF (EUR)": null, "TAC A": null, "PAA (EUR)": null, "DA (EUR)": null, "TAC C": null, "PAC (EUR)": null, "DC (EUR)": null, "TAC MI": null, "PAMI (EUR)": null, "DMI (EUR)": null, " TAC MP": null, "PAMP (EUR)": null, "DMP (EUR)": null }, "geometry": null },
{ "type": "Feature", "properties": { "Année": 2026, "Mois": "Juin", "UC": "UCR-FD", "TAG": 0.0, "NAP": 0, "NAA": 0, "NAC": 0, "NAD": 0, "TAR 1": 0.0, "TAR 2": 0.0, "TAR 1.1": 0.0, "TAR 1.2": 0.0, "TAR 2.1": 0.0, "TAR 2.2": 0.0, "TAA 1.1.1": 0.0, "TAA 1.1.2": 0.0, "TAA 1.1.3": 0.0, "TAA 1.1.4": 0.0, "TAA 1.2.1": 0.0, "TAA 1.2.2": 0.0, "TAA 1.2.3": 0.0, "TAA 1.2.4": 0.0, "TAA 2.1.1": 0.0, "TAA 2.1.2": 0.0, "TAA 2.1.3": 0, "TAA 2.1.4": 0.0, "TAA 2.2.1": 0.0, "TAA 2.2.2": 0.0, "TAA 2.2.3": 0.0, "TAA 2.2.4": 0.0, "DC": 3570353.05, "BT": 34500000, "TD": 0.10348849420289855, "BD 2024 (EUR)": 715524.94, "BD 2024 (%)": 0.020739853333333332, "BD 2025 (EUR)": 2758290.3, "BD 2025 (%)": 0.079950443478260858, "BD 2026 (EUR)": 96537.81, "BD 2026 (%)": 0.002798197391304348, "BD 2027 (EUR)": null, "BD 2027 (%)": null, "BD 2028 (EUR)": null, "BD 2028 (%)": null, "BD 2029 (EUR)": null, "BD 2029 (%)": null, "BD 2030 (EUR)": null, "BD 2030 (%)": null, "BD C1 (EUR)": null, "BD C1 (%)": null, "BD C2 (EUR)": null, "BD C2 (%)": null, "BD C3 (EUR)": null, "BD C3 (%)": null, "BD C4 (EUR)": null, "BD C4 (%)": null, "BDF (EUR)": null, "BDF (%)": null, "BDA (EUR)": null, "BDA (%)": null, "BDC (EUR)": null, "BDC (%)": null, "BDMI (EUR)": null, "BDMI (%)": null, "BDMP (EUR)": null, "BDMP (%)": null, "BDS (EUR)": null, "BDS (%)": null, "TAC": 0.13092555047639079, "PA (EUR)": 21338.0, "D (EUR)": 2793.6893960652269, "TAC  C1": 0.0, "PA C1 (EUR)": 6603.0, "D C1 (EUR)": 0.0, "TAC C2": 0.23378153941968421, "PA C2 (EUR)": 11950.0, "D C2 (EUR)": 2793.6893960652264, "TAC  C3": 0.0, "PA C3 (EUR)": 2785.0, "D C3 (EUR)": 0.0, "TAC C4": "#DIV/0!", "PA C4 (EUR)": 0, "D C4 (EUR)": 0.0, "TAC F": "#DIV/0!", "PAF (EUR)": 0.0, "DF (EUR)": 0.0, "TAC A": 0.28202245260652203, "PAA (EUR)": 4900.0, "DA (EUR)": 1381.9100177719579, "TAC C": 0.0, "PAC (EUR)": 8963.0, "DC (EUR)": 0.0, "TAC MI": 0.24124733053541844, "PAMI (EUR)": 5852.0, "DMI (EUR)": 1411.7793782932688, " TAC MP": 0.0, "PAMP (EUR)": 1623.0, "DMP (EUR)": 0.0 }, "geometry": null },
{ "type": "Feature", "properties": { "Année": 2026, "Mois": "Juillet", "UC": "UCR-FD", "TAG": 0.0, "NAP": 0, "NAA": 0, "NAC": 0, "NAD": 0, "TAR 1": 0.0, "TAR 2": 0.0, "TAR 1.1": 0.0, "TAR 1.2": 0.0, "TAR 2.1": 0.0, "TAR 2.2": 0.0, "TAA 1.1.1": 0.0, "TAA 1.1.2": 0.0, "TAA 1.1.3": 0.0, "TAA 1.1.4": 0.0, "TAA 1.2.1": 0.0, "TAA 1.2.2": 0.0, "TAA 1.2.3": 0.0, "TAA 1.2.4": 0.0, "TAA 2.1.1": 0.0, "TAA 2.1.2": 0.0, "TAA 2.1.3": 0, "TAA 2.1.4": 0.0, "TAA 2.2.1": 0.0, "TAA 2.2.2": 0.0, "TAA 2.2.3": 0.0, "TAA 2.2.4": 0.0, "DC": 3570353.05, "BT": 34500000, "TD": 0.10348849420289855, "BD 2024 (EUR)": 715524.94, "BD 2024 (%)": 0.020739853333333332, "BD 2025 (EUR)": 2758290.3, "BD 2025 (%)": 0.079950443478260858, "BD 2026 (EUR)": 96537.81, "BD 2026 (%)": 0.002798197391304348, "BD 2027 (EUR)": null, "BD 2027 (%)": null, "BD 2028 (EUR)": null, "BD 2028 (%)": null, "BD 2029 (EUR)": null, "BD 2029 (%)": null, "BD 2030 (EUR)": null, "BD 2030 (%)": null, "BD C1 (EUR)": null, "BD C1 (%)": null, "BD C2 (EUR)": null, "BD C2 (%)": null, "BD C3 (EUR)": null, "BD C3 (%)": null, "BD C4 (EUR)": null, "BD C4 (%)": null, "BDF (EUR)": null, "BDF (%)": null, "BDA (EUR)": null, "BDA (%)": null, "BDC (EUR)": null, "BDC (%)": null, "BDMI (EUR)": null, "BDMI (%)": null, "BDMP (EUR)": null, "BDMP (%)": null, "BDS (EUR)": null, "BDS (%)": null, "TAC": 0.14802926584374665, "PA (EUR)": 21338.0, "D (EUR)": 3158.6484745738658, "TAC  C1": 0.036174505631539615, "PA C1 (EUR)": 6603.0, "D C1 (EUR)": 238.86026068505606, "TAC C2": 0.24433374174801753, "PA C2 (EUR)": 11950.0, "D C2 (EUR)": 2919.7882138888094, "TAC  C3": 0.0, "PA C3 (EUR)": 2785.0, "D C3 (EUR)": 0.0, "TAC C4": "#DIV/0!", "PA C4 (EUR)": 0, "D C4 (EUR)": 0.0, "TAC F": "#DIV/0!", "PAF (EUR)": 0.0, "DF (EUR)": 0.0, "TAC A": 0.28202245260652203, "PAA (EUR)": 4900.0, "DA (EUR)": 1381.9100177719579, "TAC C": 0.0, "PAC (EUR)": 8963.0, "DC (EUR)": 0.0, "TAC MI": 0.28434330381757256, "PAMI (EUR)": 5852.0, "DMI (EUR)": 1663.9770139404345, " TAC MP": 0.06947716750552875, "PAMP (EUR)": 1623.0, "DMP (EUR)": 112.76144286147317 }, "geometry": null },
{ "type": "Feature", "properties": { "Année": 2026, "Mois": "Août", "UC": "UCR-FD", "TAG": 0.11798941798941798, "NAP": 27, "NAA": null, "NAC": 12, "NAD": 15, "TAR 1": 0.18739495798319328, "TAR 2": 0.0, "TAR 1.1": 0.175, "TAR 1.2": 0.1984126984126984, "TAR 2.1": null, "TAR 2.2": null, "TAA 1.1.1": 0.21333333333333332, "TAA 1.1.2": 0.1111111111111111, "TAA 1.1.3": null, "TAA 1.1.4": null, "TAA 1.2.1": 0.071428571428571425, "TAA 1.2.2": null, "TAA 1.2.3": 0.375, "TAA 1.2.4": null, "TAA 2.1.1": null, "TAA 2.1.2": null, "TAA 2.1.3": null, "TAA 2.1.4": null, "TAA 2.2.1": null, "TAA 2.2.2": null, "TAA 2.2.3": null, "TAA 2.2.4": null, "DC": 3570353.05, "BT": 34500000, "TD": 0.10348849420289855, "BD 2024 (EUR)": 715524.94, "BD 2024 (%)": 0.020739853333333332, "BD 2025 (EUR)": 2758290.3, "BD 2025 (%)": 0.079950443478260858, "BD 2026 (EUR)": 96537.81, "BD 2026 (%)": 0.002798197391304348, "BD 2027 (EUR)": null, "BD 2027 (%)": null, "BD 2028 (EUR)": null, "BD 2028 (%)": null, "BD 2029 (EUR)": null, "BD 2029 (%)": null, "BD 2030 (EUR)": null, "BD 2030 (%)": null, "BD C1 (EUR)": null, "BD C1 (%)": null, "BD C2 (EUR)": null, "BD C2 (%)": null, "BD C3 (EUR)": null, "BD C3 (%)": null, "BD C4 (EUR)": null, "BD C4 (%)": null, "BDF (EUR)": null, "BDF (%)": null, "BDA (EUR)": null, "BDA (%)": null, "BDC (EUR)": null, "BDC (%)": null, "BDMI (EUR)": null, "BDMI (%)": null, "BDMP (EUR)": null, "BDMP (%)": null, "BDS (EUR)": null, "BDS (%)": null, "TAC": 0.28699024759903502, "PA (EUR)": 21338.0, "D (EUR)": 6123.7979032682097, "TAC  C1": 0.036174505631539615, "PA C1 (EUR)": 6603.0, "D C1 (EUR)": 238.86026068505606, "TAC C2": 0.49246340105298353, "PA C2 (EUR)": 11950.0, "D C2 (EUR)": 5884.9376425831533, "TAC  C3": 0.0, "PA C3 (EUR)": 2785.0, "D C3 (EUR)": 0.0, "TAC C4": "#DIV/0!", "PA C4 (EUR)": 0, "D C4 (EUR)": 0.0, "TAC F": "#DIV/0!", "PAF (EUR)": 0.0, "DF (EUR)": 0.0, "TAC A": 0.72826422005124691, "PAA (EUR)": 4900.0, "DA (EUR)": 3568.4946782511097, "TAC C": 0.0, "PAC (EUR)": 8963.0, "DC (EUR)": 0.0, "TAC MI": 0.41738581376548645, "PAMI (EUR)": 5852.0, "DMI (EUR)": 2442.5417821556266, " TAC MP": 0.06947716750552875, "PAMP (EUR)": 1623.0, "DMP (EUR)": 112.76144286147317 }, "geometry": null },
{ "type": "Feature", "properties": { "Année": 2026, "Mois": "Septembre", "UC": "UCR-FD", "TAG": null, "NAP": null, "NAA": null, "NAC": null, "NAD": null, "TAR 1": null, "TAR 2": null, "TAR 1.1": null, "TAR 1.2": null, "TAR 2.1": null, "TAR 2.2": null, "TAA 1.1.1": null, "TAA 1.1.2": null, "TAA 1.1.3": null, "TAA 1.1.4": null, "TAA 1.2.1": null, "TAA 1.2.2": null, "TAA 1.2.3": null, "TAA 1.2.4": null, "TAA 2.1.1": null, "TAA 2.1.2": null, "TAA 2.1.3": null, "TAA 2.1.4": null, "TAA 2.2.1": null, "TAA 2.2.2": null, "TAA 2.2.3": null, "TAA 2.2.4": null, "DC": 3570353.05, "BT": 34500000, "TD": 0.10348849420289855, "BD 2024 (EUR)": 715524.94, "BD 2024 (%)": 0.020739853333333332, "BD 2025 (EUR)": 2758290.3, "BD 2025 (%)": 0.079950443478260858, "BD 2026 (EUR)": 96537.81, "BD 2026 (%)": 0.002798197391304348, "BD 2027 (EUR)": null, "BD 2027 (%)": null, "BD 2028 (EUR)": null, "BD 2028 (%)": null, "BD 2029 (EUR)": null, "BD 2029 (%)": null, "BD 2030 (EUR)": null, "BD 2030 (%)": null, "BD C1 (EUR)": null, "BD C1 (%)": null, "BD C2 (EUR)": null, "BD C2 (%)": null, "BD C3 (EUR)": null, "BD C3 (%)": null, "BD C4 (EUR)": null, "BD C4 (%)": null, "BDF (EUR)": null, "BDF (%)": null, "BDA (EUR)": null, "BDA (%)": null, "BDC (EUR)": null, "BDC (%)": null, "BDMI (EUR)": null, "BDMI (%)": null, "BDMP (EUR)": null, "BDMP (%)": null, "BDS (EUR)": null, "BDS (%)": null, "TAC": null, "PA (EUR)": null, "D (EUR)": null, "TAC  C1": null, "PA C1 (EUR)": null, "D C1 (EUR)": null, "TAC C2": null, "PA C2 (EUR)": null, "D C2 (EUR)": null, "TAC  C3": null, "PA C3 (EUR)": null, "D C3 (EUR)": null, "TAC C4": null, "PA C4 (EUR)": null, "D C4 (EUR)": null, "TAC F": null, "PAF (EUR)": null, "DF (EUR)": null, "TAC A": null, "PAA (EUR)": null, "DA (EUR)": null, "TAC C": null, "PAC (EUR)": null, "DC (EUR)": null, "TAC MI": null, "PAMI (EUR)": null, "DMI (EUR)": null, " TAC MP": null, "PAMP (EUR)": null, "DMP (EUR)": null }, "geometry": null },
{ "type": "Feature", "properties": { "Année": 2026, "Mois": "Octobre", "UC": "UCR-FD", "TAG": null, "NAP": null, "NAA": null, "NAC": null, "NAD": null, "TAR 1": null, "TAR 2": null, "TAR 1.1": null, "TAR 1.2": null, "TAR 2.1": null, "TAR 2.2": null, "TAA 1.1.1": null, "TAA 1.1.2": null, "TAA 1.1.3": null, "TAA 1.1.4": null, "TAA 1.2.1": null, "TAA 1.2.2": null, "TAA 1.2.3": null, "TAA 1.2.4": null, "TAA 2.1.1": null, "TAA 2.1.2": null, "TAA 2.1.3": null, "TAA 2.1.4": null, "TAA 2.2.1": null, "TAA 2.2.2": null, "TAA 2.2.3": null, "TAA 2.2.4": null, "DC": 3570353.05, "BT": 34500000, "TD": 0.10348849420289855, "BD 2024 (EUR)": 715524.94, "BD 2024 (%)": 0.020739853333333332, "BD 2025 (EUR)": 2758290.3, "BD 2025 (%)": 0.079950443478260858, "BD 2026 (EUR)": 96537.81, "BD 2026 (%)": 0.002798197391304348, "BD 2027 (EUR)": null, "BD 2027 (%)": null, "BD 2028 (EUR)": null, "BD 2028 (%)": null, "BD 2029 (EUR)": null, "BD 2029 (%)": null, "BD 2030 (EUR)": null, "BD 2030 (%)": null, "BD C1 (EUR)": null, "BD C1 (%)": null, "BD C2 (EUR)": null, "BD C2 (%)": null, "BD C3 (EUR)": null, "BD C3 (%)": null, "BD C4 (EUR)": null, "BD C4 (%)": null, "BDF (EUR)": null, "BDF (%)": null, "BDA (EUR)": null, "BDA (%)": null, "BDC (EUR)": null, "BDC (%)": null, "BDMI (EUR)": null, "BDMI (%)": null, "BDMP (EUR)": null, "BDMP (%)": null, "BDS (EUR)": null, "BDS (%)": null, "TAC": null, "PA (EUR)": null, "D (EUR)": null, "TAC  C1": null, "PA C1 (EUR)": null, "D C1 (EUR)": null, "TAC C2": null, "PA C2 (EUR)": null, "D C2 (EUR)": null, "TAC  C3": null, "PA C3 (EUR)": null, "D C3 (EUR)": null, "TAC C4": null, "PA C4 (EUR)": null, "D C4 (EUR)": null, "TAC F": null, "PAF (EUR)": null, "DF (EUR)": null, "TAC A": null, "PAA (EUR)": null, "DA (EUR)": null, "TAC C": null, "PAC (EUR)": null, "DC (EUR)": null, "TAC MI": null, "PAMI (EUR)": null, "DMI (EUR)": null, " TAC MP": null, "PAMP (EUR)": null, "DMP (EUR)": null }, "geometry": null },
{ "type": "Feature", "properties": { "Année": 2026, "Mois": "Novembre", "UC": "UCR-FD", "TAG": null, "NAP": null, "NAA": null, "NAC": null, "NAD": null, "TAR 1": null, "TAR 2": null, "TAR 1.1": null, "TAR 1.2": null, "TAR 2.1": null, "TAR 2.2": null, "TAA 1.1.1": null, "TAA 1.1.2": null, "TAA 1.1.3": null, "TAA 1.1.4": null, "TAA 1.2.1": null, "TAA 1.2.2": null, "TAA 1.2.3": null, "TAA 1.2.4": null, "TAA 2.1.1": null, "TAA 2.1.2": null, "TAA 2.1.3": null, "TAA 2.1.4": null, "TAA 2.2.1": null, "TAA 2.2.2": null, "TAA 2.2.3": null, "TAA 2.2.4": null, "DC": 3570353.05, "BT": 34500000, "TD": 0.10348849420289855, "BD 2024 (EUR)": 715524.94, "BD 2024 (%)": 0.020739853333333332, "BD 2025 (EUR)": 2758290.3, "BD 2025 (%)": 0.079950443478260858, "BD 2026 (EUR)": 96537.81, "BD 2026 (%)": 0.002798197391304348, "BD 2027 (EUR)": null, "BD 2027 (%)": null, "BD 2028 (EUR)": null, "BD 2028 (%)": null, "BD 2029 (EUR)": null, "BD 2029 (%)": null, "BD 2030 (EUR)": null, "BD 2030 (%)": null, "BD C1 (EUR)": null, "BD C1 (%)": null, "BD C2 (EUR)": null, "BD C2 (%)": null, "BD C3 (EUR)": null, "BD C3 (%)": null, "BD C4 (EUR)": null, "BD C4 (%)": null, "BDF (EUR)": null, "BDF (%)": null, "BDA (EUR)": null, "BDA (%)": null, "BDC (EUR)": null, "BDC (%)": null, "BDMI (EUR)": null, "BDMI (%)": null, "BDMP (EUR)": null, "BDMP (%)": null, "BDS (EUR)": null, "BDS (%)": null, "TAC": null, "PA (EUR)": null, "D (EUR)": null, "TAC  C1": null, "PA C1 (EUR)": null, "D C1 (EUR)": null, "TAC C2": null, "PA C2 (EUR)": null, "D C2 (EUR)": null, "TAC  C3": null, "PA C3 (EUR)": null, "D C3 (EUR)": null, "TAC C4": null, "PA C4 (EUR)": null, "D C4 (EUR)": null, "TAC F": null, "PAF (EUR)": null, "DF (EUR)": null, "TAC A": null, "PAA (EUR)": null, "DA (EUR)": null, "TAC C": null, "PAC (EUR)": null, "DC (EUR)": null, "TAC MI": null, "PAMI (EUR)": null, "DMI (EUR)": null, " TAC MP": null, "PAMP (EUR)": null, "DMP (EUR)": null }, "geometry": null },
{ "type": "Feature", "properties": { "Année": 2026, "Mois": "Décembre", "UC": "UCR-FD", "TAG": null, "NAP": null, "NAA": null, "NAC": null, "NAD": null, "TAR 1": null, "TAR 2": null, "TAR 1.1": null, "TAR 1.2": null, "TAR 2.1": null, "TAR 2.2": null, "TAA 1.1.1": null, "TAA 1.1.2": null, "TAA 1.1.3": null, "TAA 1.1.4": null, "TAA 1.2.1": null, "TAA 1.2.2": null, "TAA 1.2.3": null, "TAA 1.2.4": null, "TAA 2.1.1": null, "TAA 2.1.2": null, "TAA 2.1.3": null, "TAA 2.1.4": null, "TAA 2.2.1": null, "TAA 2.2.2": null, "TAA 2.2.3": null, "TAA 2.2.4": null, "DC": 3570353.05, "BT": 34500000, "TD": 0.10348849420289855, "BD 2024 (EUR)": 715524.94, "BD 2024 (%)": 0.020739853333333332, "BD 2025 (EUR)": 2758290.3, "BD 2025 (%)": 0.079950443478260858, "BD 2026 (EUR)": 96537.81, "BD 2026 (%)": 0.002798197391304348, "BD 2027 (EUR)": null, "BD 2027 (%)": null, "BD 2028 (EUR)": null, "BD 2028 (%)": null, "BD 2029 (EUR)": null, "BD 2029 (%)": null, "BD 2030 (EUR)": null, "BD 2030 (%)": null, "BD C1 (EUR)": null, "BD C1 (%)": null, "BD C2 (EUR)": null, "BD C2 (%)": null, "BD C3 (EUR)": null, "BD C3 (%)": null, "BD C4 (EUR)": null, "BD C4 (%)": null, "BDF (EUR)": null, "BDF (%)": null, "BDA (EUR)": null, "BDA (%)": null, "BDC (EUR)": null, "BDC (%)": null, "BDMI (EUR)": null, "BDMI (%)": null, "BDMP (EUR)": null, "BDMP (%)": null, "BDS (EUR)": null, "BDS (%)": null, "TAC": null, "PA (EUR)": null, "D (EUR)": null, "TAC  C1": null, "PA C1 (EUR)": null, "D C1 (EUR)": null, "TAC C2": null, "PA C2 (EUR)": null, "D C2 (EUR)": null, "TAC  C3": null, "PA C3 (EUR)": null, "D C3 (EUR)": null, "TAC C4": null, "PA C4 (EUR)": null, "D C4 (EUR)": null, "TAC F": null, "PAF (EUR)": null, "DF (EUR)": null, "TAC A": null, "PAA (EUR)": null, "DA (EUR)": null, "TAC C": null, "PAC (EUR)": null, "DC (EUR)": null, "TAC MI": null, "PAMI (EUR)": null, "DMI (EUR)": null, " TAC MP": null, "PAMP (EUR)": null, "DMP (EUR)": null }, "geometry": null },
{ "type": "Feature", "properties": { "Année": 2027, "Mois": "Janvier", "UC": "Tous", "TAG": null, "NAP": null, "NAA": null, "NAC": null, "NAD": null, "TAR 1": null, "TAR 2": null, "TAR 1.1": null, "TAR 1.2": null, "TAR 2.1": null, "TAR 2.2": null, "TAA 1.1.1": null, "TAA 1.1.2": null, "TAA 1.1.3": null, "TAA 1.1.4": null, "TAA 1.2.1": null, "TAA 1.2.2": null, "TAA 1.2.3": null, "TAA 1.2.4": null, "TAA 2.1.1": null, "TAA 2.1.2": null, "TAA 2.1.3": null, "TAA 2.1.4": null, "TAA 2.2.1": null, "TAA 2.2.2": null, "TAA 2.2.3": null, "TAA 2.2.4": null, "DC": 3570353.05, "BT": 34500000, "TD": 0.10348849420289855, "BD 2024 (EUR)": 715524.94, "BD 2024 (%)": 0.020739853333333332, "BD 2025 (EUR)": 2758290.3, "BD 2025 (%)": 0.079950443478260858, "BD 2026 (EUR)": 96537.81, "BD 2026 (%)": 0.002798197391304348, "BD 2027 (EUR)": null, "BD 2027 (%)": null, "BD 2028 (EUR)": null, "BD 2028 (%)": null, "BD 2029 (EUR)": null, "BD 2029 (%)": null, "BD 2030 (EUR)": null, "BD 2030 (%)": null, "BD C1 (EUR)": null, "BD C1 (%)": null, "BD C2 (EUR)": null, "BD C2 (%)": null, "BD C3 (EUR)": null, "BD C3 (%)": null, "BD C4 (EUR)": null, "BD C4 (%)": null, "BDF (EUR)": null, "BDF (%)": null, "BDA (EUR)": null, "BDA (%)": null, "BDC (EUR)": null, "BDC (%)": null, "BDMI (EUR)": null, "BDMI (%)": null, "BDMP (EUR)": null, "BDMP (%)": null, "BDS (EUR)": null, "BDS (%)": null, "TAC": null, "PA (EUR)": null, "D (EUR)": null, "TAC  C1": null, "PA C1 (EUR)": null, "D C1 (EUR)": null, "TAC C2": null, "PA C2 (EUR)": null, "D C2 (EUR)": null, "TAC  C3": null, "PA C3 (EUR)": null, "D C3 (EUR)": null, "TAC C4": null, "PA C4 (EUR)": null, "D C4 (EUR)": null, "TAC F": null, "PAF (EUR)": null, "DF (EUR)": null, "TAC A": null, "PAA (EUR)": null, "DA (EUR)": null, "TAC C": null, "PAC (EUR)": null, "DC (EUR)": null, "TAC MI": null, "PAMI (EUR)": null, "DMI (EUR)": null, " TAC MP": null, "PAMP (EUR)": null, "DMP (EUR)": null }, "geometry": null },
{ "type": "Feature", "properties": { "Année": 2027, "Mois": "Février", "UC": "Tous", "TAG": null, "NAP": null, "NAA": null, "NAC": null, "NAD": null, "TAR 1": null, "TAR 2": null, "TAR 1.1": null, "TAR 1.2": null, "TAR 2.1": null, "TAR 2.2": null, "TAA 1.1.1": null, "TAA 1.1.2": null, "TAA 1.1.3": null, "TAA 1.1.4": null, "TAA 1.2.1": null, "TAA 1.2.2": null, "TAA 1.2.3": null, "TAA 1.2.4": null, "TAA 2.1.1": null, "TAA 2.1.2": null, "TAA 2.1.3": null, "TAA 2.1.4": null, "TAA 2.2.1": null, "TAA 2.2.2": null, "TAA 2.2.3": null, "TAA 2.2.4": null, "DC": 3570353.05, "BT": 34500000, "TD": 0.10348849420289855, "BD 2024 (EUR)": 715524.94, "BD 2024 (%)": 0.020739853333333332, "BD 2025 (EUR)": 2758290.3, "BD 2025 (%)": 0.079950443478260858, "BD 2026 (EUR)": 96537.81, "BD 2026 (%)": 0.002798197391304348, "BD 2027 (EUR)": null, "BD 2027 (%)": null, "BD 2028 (EUR)": null, "BD 2028 (%)": null, "BD 2029 (EUR)": null, "BD 2029 (%)": null, "BD 2030 (EUR)": null, "BD 2030 (%)": null, "BD C1 (EUR)": null, "BD C1 (%)": null, "BD C2 (EUR)": null, "BD C2 (%)": null, "BD C3 (EUR)": null, "BD C3 (%)": null, "BD C4 (EUR)": null, "BD C4 (%)": null, "BDF (EUR)": null, "BDF (%)": null, "BDA (EUR)": null, "BDA (%)": null, "BDC (EUR)": null, "BDC (%)": null, "BDMI (EUR)": null, "BDMI (%)": null, "BDMP (EUR)": null, "BDMP (%)": null, "BDS (EUR)": null, "BDS (%)": null, "TAC": null, "PA (EUR)": null, "D (EUR)": null, "TAC  C1": null, "PA C1 (EUR)": null, "D C1 (EUR)": null, "TAC C2": null, "PA C2 (EUR)": null, "D C2 (EUR)": null, "TAC  C3": null, "PA C3 (EUR)": null, "D C3 (EUR)": null, "TAC C4": null, "PA C4 (EUR)": null, "D C4 (EUR)": null, "TAC F": null, "PAF (EUR)": null, "DF (EUR)": null, "TAC A": null, "PAA (EUR)": null, "DA (EUR)": null, "TAC C": null, "PAC (EUR)": null, "DC (EUR)": null, "TAC MI": null, "PAMI (EUR)": null, "DMI (EUR)": null, " TAC MP": null, "PAMP (EUR)": null, "DMP (EUR)": null }, "geometry": null },
{ "type": "Feature", "properties": { "Année": 2027, "Mois": "Mars", "UC": "Tous", "TAG": null, "NAP": null, "NAA": null, "NAC": null, "NAD": null, "TAR 1": null, "TAR 2": null, "TAR 1.1": null, "TAR 1.2": null, "TAR 2.1": null, "TAR 2.2": null, "TAA 1.1.1": null, "TAA 1.1.2": null, "TAA 1.1.3": null, "TAA 1.1.4": null, "TAA 1.2.1": null, "TAA 1.2.2": null, "TAA 1.2.3": null, "TAA 1.2.4": null, "TAA 2.1.1": null, "TAA 2.1.2": null, "TAA 2.1.3": null, "TAA 2.1.4": null, "TAA 2.2.1": null, "TAA 2.2.2": null, "TAA 2.2.3": null, "TAA 2.2.4": null, "DC": 3570353.05, "BT": 34500000, "TD": 0.10348849420289855, "BD 2024 (EUR)": 715524.94, "BD 2024 (%)": 0.020739853333333332, "BD 2025 (EUR)": 2758290.3, "BD 2025 (%)": 0.079950443478260858, "BD 2026 (EUR)": 96537.81, "BD 2026 (%)": 0.002798197391304348, "BD 2027 (EUR)": null, "BD 2027 (%)": null, "BD 2028 (EUR)": null, "BD 2028 (%)": null, "BD 2029 (EUR)": null, "BD 2029 (%)": null, "BD 2030 (EUR)": null, "BD 2030 (%)": null, "BD C1 (EUR)": null, "BD C1 (%)": null, "BD C2 (EUR)": null, "BD C2 (%)": null, "BD C3 (EUR)": null, "BD C3 (%)": null, "BD C4 (EUR)": null, "BD C4 (%)": null, "BDF (EUR)": null, "BDF (%)": null, "BDA (EUR)": null, "BDA (%)": null, "BDC (EUR)": null, "BDC (%)": null, "BDMI (EUR)": null, "BDMI (%)": null, "BDMP (EUR)": null, "BDMP (%)": null, "BDS (EUR)": null, "BDS (%)": null, "TAC": null, "PA (EUR)": null, "D (EUR)": null, "TAC  C1": null, "PA C1 (EUR)": null, "D C1 (EUR)": null, "TAC C2": null, "PA C2 (EUR)": null, "D C2 (EUR)": null, "TAC  C3": null, "PA C3 (EUR)": null, "D C3 (EUR)": null, "TAC C4": null, "PA C4 (EUR)": null, "D C4 (EUR)": null, "TAC F": null, "PAF (EUR)": null, "DF (EUR)": null, "TAC A": null, "PAA (EUR)": null, "DA (EUR)": null, "TAC C": null, "PAC (EUR)": null, "DC (EUR)": null, "TAC MI": null, "PAMI (EUR)": null, "DMI (EUR)": null, " TAC MP": null, "PAMP (EUR)": null, "DMP (EUR)": null }, "geometry": null },
{ "type": "Feature", "properties": { "Année": 2027, "Mois": "Avril", "UC": "Tous", "TAG": null, "NAP": null, "NAA": null, "NAC": null, "NAD": null, "TAR 1": null, "TAR 2": null, "TAR 1.1": null, "TAR 1.2": null, "TAR 2.1": null, "TAR 2.2": null, "TAA 1.1.1": null, "TAA 1.1.2": null, "TAA 1.1.3": null, "TAA 1.1.4": null, "TAA 1.2.1": null, "TAA 1.2.2": null, "TAA 1.2.3": null, "TAA 1.2.4": null, "TAA 2.1.1": null, "TAA 2.1.2": null, "TAA 2.1.3": null, "TAA 2.1.4": null, "TAA 2.2.1": null, "TAA 2.2.2": null, "TAA 2.2.3": null, "TAA 2.2.4": null, "DC": 3570353.05, "BT": 34500000, "TD": 0.10348849420289855, "BD 2024 (EUR)": 715524.94, "BD 2024 (%)": 0.020739853333333332, "BD 2025 (EUR)": 2758290.3, "BD 2025 (%)": 0.079950443478260858, "BD 2026 (EUR)": 96537.81, "BD 2026 (%)": 0.002798197391304348, "BD 2027 (EUR)": null, "BD 2027 (%)": null, "BD 2028 (EUR)": null, "BD 2028 (%)": null, "BD 2029 (EUR)": null, "BD 2029 (%)": null, "BD 2030 (EUR)": null, "BD 2030 (%)": null, "BD C1 (EUR)": null, "BD C1 (%)": null, "BD C2 (EUR)": null, "BD C2 (%)": null, "BD C3 (EUR)": null, "BD C3 (%)": null, "BD C4 (EUR)": null, "BD C4 (%)": null, "BDF (EUR)": null, "BDF (%)": null, "BDA (EUR)": null, "BDA (%)": null, "BDC (EUR)": null, "BDC (%)": null, "BDMI (EUR)": null, "BDMI (%)": null, "BDMP (EUR)": null, "BDMP (%)": null, "BDS (EUR)": null, "BDS (%)": null, "TAC": null, "PA (EUR)": null, "D (EUR)": null, "TAC  C1": null, "PA C1 (EUR)": null, "D C1 (EUR)": null, "TAC C2": null, "PA C2 (EUR)": null, "D C2 (EUR)": null, "TAC  C3": null, "PA C3 (EUR)": null, "D C3 (EUR)": null, "TAC C4": null, "PA C4 (EUR)": null, "D C4 (EUR)": null, "TAC F": null, "PAF (EUR)": null, "DF (EUR)": null, "TAC A": null, "PAA (EUR)": null, "DA (EUR)": null, "TAC C": null, "PAC (EUR)": null, "DC (EUR)": null, "TAC MI": null, "PAMI (EUR)": null, "DMI (EUR)": null, " TAC MP": null, "PAMP (EUR)": null, "DMP (EUR)": null }, "geometry": null },
{ "type": "Feature", "properties": { "Année": 2027, "Mois": "Mai", "UC": "Tous", "TAG": null, "NAP": null, "NAA": null, "NAC": null, "NAD": null, "TAR 1": null, "TAR 2": null, "TAR 1.1": null, "TAR 1.2": null, "TAR 2.1": null, "TAR 2.2": null, "TAA 1.1.1": null, "TAA 1.1.2": null, "TAA 1.1.3": null, "TAA 1.1.4": null, "TAA 1.2.1": null, "TAA 1.2.2": null, "TAA 1.2.3": null, "TAA 1.2.4": null, "TAA 2.1.1": null, "TAA 2.1.2": null, "TAA 2.1.3": null, "TAA 2.1.4": null, "TAA 2.2.1": null, "TAA 2.2.2": null, "TAA 2.2.3": null, "TAA 2.2.4": null, "DC": 3570353.05, "BT": 34500000, "TD": 0.10348849420289855, "BD 2024 (EUR)": 715524.94, "BD 2024 (%)": 0.020739853333333332, "BD 2025 (EUR)": 2758290.3, "BD 2025 (%)": 0.079950443478260858, "BD 2026 (EUR)": 96537.81, "BD 2026 (%)": 0.002798197391304348, "BD 2027 (EUR)": null, "BD 2027 (%)": null, "BD 2028 (EUR)": null, "BD 2028 (%)": null, "BD 2029 (EUR)": null, "BD 2029 (%)": null, "BD 2030 (EUR)": null, "BD 2030 (%)": null, "BD C1 (EUR)": null, "BD C1 (%)": null, "BD C2 (EUR)": null, "BD C2 (%)": null, "BD C3 (EUR)": null, "BD C3 (%)": null, "BD C4 (EUR)": null, "BD C4 (%)": null, "BDF (EUR)": null, "BDF (%)": null, "BDA (EUR)": null, "BDA (%)": null, "BDC (EUR)": null, "BDC (%)": null, "BDMI (EUR)": null, "BDMI (%)": null, "BDMP (EUR)": null, "BDMP (%)": null, "BDS (EUR)": null, "BDS (%)": null, "TAC": null, "PA (EUR)": null, "D (EUR)": null, "TAC  C1": null, "PA C1 (EUR)": null, "D C1 (EUR)": null, "TAC C2": null, "PA C2 (EUR)": null, "D C2 (EUR)": null, "TAC  C3": null, "PA C3 (EUR)": null, "D C3 (EUR)": null, "TAC C4": null, "PA C4 (EUR)": null, "D C4 (EUR)": null, "TAC F": null, "PAF (EUR)": null, "DF (EUR)": null, "TAC A": null, "PAA (EUR)": null, "DA (EUR)": null, "TAC C": null, "PAC (EUR)": null, "DC (EUR)": null, "TAC MI": null, "PAMI (EUR)": null, "DMI (EUR)": null, " TAC MP": null, "PAMP (EUR)": null, "DMP (EUR)": null }, "geometry": null },
{ "type": "Feature", "properties": { "Année": 2027, "Mois": "Juin", "UC": "Tous", "TAG": null, "NAP": null, "NAA": null, "NAC": null, "NAD": null, "TAR 1": null, "TAR 2": null, "TAR 1.1": null, "TAR 1.2": null, "TAR 2.1": null, "TAR 2.2": null, "TAA 1.1.1": null, "TAA 1.1.2": null, "TAA 1.1.3": null, "TAA 1.1.4": null, "TAA 1.2.1": null, "TAA 1.2.2": null, "TAA 1.2.3": null, "TAA 1.2.4": null, "TAA 2.1.1": null, "TAA 2.1.2": null, "TAA 2.1.3": null, "TAA 2.1.4": null, "TAA 2.2.1": null, "TAA 2.2.2": null, "TAA 2.2.3": null, "TAA 2.2.4": null, "DC": 3570353.05, "BT": 34500000, "TD": 0.10348849420289855, "BD 2024 (EUR)": 715524.94, "BD 2024 (%)": 0.020739853333333332, "BD 2025 (EUR)": 2758290.3, "BD 2025 (%)": 0.079950443478260858, "BD 2026 (EUR)": 96537.81, "BD 2026 (%)": 0.002798197391304348, "BD 2027 (EUR)": null, "BD 2027 (%)": null, "BD 2028 (EUR)": null, "BD 2028 (%)": null, "BD 2029 (EUR)": null, "BD 2029 (%)": null, "BD 2030 (EUR)": null, "BD 2030 (%)": null, "BD C1 (EUR)": null, "BD C1 (%)": null, "BD C2 (EUR)": null, "BD C2 (%)": null, "BD C3 (EUR)": null, "BD C3 (%)": null, "BD C4 (EUR)": null, "BD C4 (%)": null, "BDF (EUR)": null, "BDF (%)": null, "BDA (EUR)": null, "BDA (%)": null, "BDC (EUR)": null, "BDC (%)": null, "BDMI (EUR)": null, "BDMI (%)": null, "BDMP (EUR)": null, "BDMP (%)": null, "BDS (EUR)": null, "BDS (%)": null, "TAC": null, "PA (EUR)": null, "D (EUR)": null, "TAC  C1": null, "PA C1 (EUR)": null, "D C1 (EUR)": null, "TAC C2": null, "PA C2 (EUR)": null, "D C2 (EUR)": null, "TAC  C3": null, "PA C3 (EUR)": null, "D C3 (EUR)": null, "TAC C4": null, "PA C4 (EUR)": null, "D C4 (EUR)": null, "TAC F": null, "PAF (EUR)": null, "DF (EUR)": null, "TAC A": null, "PAA (EUR)": null, "DA (EUR)": null, "TAC C": null, "PAC (EUR)": null, "DC (EUR)": null, "TAC MI": null, "PAMI (EUR)": null, "DMI (EUR)": null, " TAC MP": null, "PAMP (EUR)": null, "DMP (EUR)": null }, "geometry": null },
{ "type": "Feature", "properties": { "Année": 2027, "Mois": "Juillet", "UC": "Tous", "TAG": null, "NAP": null, "NAA": null, "NAC": null, "NAD": null, "TAR 1": null, "TAR 2": null, "TAR 1.1": null, "TAR 1.2": null, "TAR 2.1": null, "TAR 2.2": null, "TAA 1.1.1": null, "TAA 1.1.2": null, "TAA 1.1.3": null, "TAA 1.1.4": null, "TAA 1.2.1": null, "TAA 1.2.2": null, "TAA 1.2.3": null, "TAA 1.2.4": null, "TAA 2.1.1": null, "TAA 2.1.2": null, "TAA 2.1.3": null, "TAA 2.1.4": null, "TAA 2.2.1": null, "TAA 2.2.2": null, "TAA 2.2.3": null, "TAA 2.2.4": null, "DC": 3570353.05, "BT": 34500000, "TD": 0.10348849420289855, "BD 2024 (EUR)": 715524.94, "BD 2024 (%)": 0.020739853333333332, "BD 2025 (EUR)": 2758290.3, "BD 2025 (%)": 0.079950443478260858, "BD 2026 (EUR)": 96537.81, "BD 2026 (%)": 0.002798197391304348, "BD 2027 (EUR)": null, "BD 2027 (%)": null, "BD 2028 (EUR)": null, "BD 2028 (%)": null, "BD 2029 (EUR)": null, "BD 2029 (%)": null, "BD 2030 (EUR)": null, "BD 2030 (%)": null, "BD C1 (EUR)": null, "BD C1 (%)": null, "BD C2 (EUR)": null, "BD C2 (%)": null, "BD C3 (EUR)": null, "BD C3 (%)": null, "BD C4 (EUR)": null, "BD C4 (%)": null, "BDF (EUR)": null, "BDF (%)": null, "BDA (EUR)": null, "BDA (%)": null, "BDC (EUR)": null, "BDC (%)": null, "BDMI (EUR)": null, "BDMI (%)": null, "BDMP (EUR)": null, "BDMP (%)": null, "BDS (EUR)": null, "BDS (%)": null, "TAC": null, "PA (EUR)": null, "D (EUR)": null, "TAC  C1": null, "PA C1 (EUR)": null, "D C1 (EUR)": null, "TAC C2": null, "PA C2 (EUR)": null, "D C2 (EUR)": null, "TAC  C3": null, "PA C3 (EUR)": null, "D C3 (EUR)": null, "TAC C4": null, "PA C4 (EUR)": null, "D C4 (EUR)": null, "TAC F": null, "PAF (EUR)": null, "DF (EUR)": null, "TAC A": null, "PAA (EUR)": null, "DA (EUR)": null, "TAC C": null, "PAC (EUR)": null, "DC (EUR)": null, "TAC MI": null, "PAMI (EUR)": null, "DMI (EUR)": null, " TAC MP": null, "PAMP (EUR)": null, "DMP (EUR)": null }, "geometry": null },
{ "type": "Feature", "properties": { "Année": 2027, "Mois": "Août", "UC": "Tous", "TAG": null, "NAP": null, "NAA": null, "NAC": null, "NAD": null, "TAR 1": null, "TAR 2": null, "TAR 1.1": null, "TAR 1.2": null, "TAR 2.1": null, "TAR 2.2": null, "TAA 1.1.1": null, "TAA 1.1.2": null, "TAA 1.1.3": null, "TAA 1.1.4": null, "TAA 1.2.1": null, "TAA 1.2.2": null, "TAA 1.2.3": null, "TAA 1.2.4": null, "TAA 2.1.1": null, "TAA 2.1.2": null, "TAA 2.1.3": null, "TAA 2.1.4": null, "TAA 2.2.1": null, "TAA 2.2.2": null, "TAA 2.2.3": null, "TAA 2.2.4": null, "DC": 3570353.05, "BT": 34500000, "TD": 0.10348849420289855, "BD 2024 (EUR)": 715524.94, "BD 2024 (%)": 0.020739853333333332, "BD 2025 (EUR)": 2758290.3, "BD 2025 (%)": 0.079950443478260858, "BD 2026 (EUR)": 96537.81, "BD 2026 (%)": 0.002798197391304348, "BD 2027 (EUR)": null, "BD 2027 (%)": null, "BD 2028 (EUR)": null, "BD 2028 (%)": null, "BD 2029 (EUR)": null, "BD 2029 (%)": null, "BD 2030 (EUR)": null, "BD 2030 (%)": null, "BD C1 (EUR)": null, "BD C1 (%)": null, "BD C2 (EUR)": null, "BD C2 (%)": null, "BD C3 (EUR)": null, "BD C3 (%)": null, "BD C4 (EUR)": null, "BD C4 (%)": null, "BDF (EUR)": null, "BDF (%)": null, "BDA (EUR)": null, "BDA (%)": null, "BDC (EUR)": null, "BDC (%)": null, "BDMI (EUR)": null, "BDMI (%)": null, "BDMP (EUR)": null, "BDMP (%)": null, "BDS (EUR)": null, "BDS (%)": null, "TAC": null, "PA (EUR)": null, "D (EUR)": null, "TAC  C1": null, "PA C1 (EUR)": null, "D C1 (EUR)": null, "TAC C2": null, "PA C2 (EUR)": null, "D C2 (EUR)": null, "TAC  C3": null, "PA C3 (EUR)": null, "D C3 (EUR)": null, "TAC C4": null, "PA C4 (EUR)": null, "D C4 (EUR)": null, "TAC F": null, "PAF (EUR)": null, "DF (EUR)": null, "TAC A": null, "PAA (EUR)": null, "DA (EUR)": null, "TAC C": null, "PAC (EUR)": null, "DC (EUR)": null, "TAC MI": null, "PAMI (EUR)": null, "DMI (EUR)": null, " TAC MP": null, "PAMP (EUR)": null, "DMP (EUR)": null }, "geometry": null },
{ "type": "Feature", "properties": { "Année": 2027, "Mois": "Septembre", "UC": "Tous", "TAG": null, "NAP": null, "NAA": null, "NAC": null, "NAD": null, "TAR 1": null, "TAR 2": null, "TAR 1.1": null, "TAR 1.2": null, "TAR 2.1": null, "TAR 2.2": null, "TAA 1.1.1": null, "TAA 1.1.2": null, "TAA 1.1.3": null, "TAA 1.1.4": null, "TAA 1.2.1": null, "TAA 1.2.2": null, "TAA 1.2.3": null, "TAA 1.2.4": null, "TAA 2.1.1": null, "TAA 2.1.2": null, "TAA 2.1.3": null, "TAA 2.1.4": null, "TAA 2.2.1": null, "TAA 2.2.2": null, "TAA 2.2.3": null, "TAA 2.2.4": null, "DC": 3570353.05, "BT": 34500000, "TD": 0.10348849420289855, "BD 2024 (EUR)": 715524.94, "BD 2024 (%)": 0.020739853333333332, "BD 2025 (EUR)": 2758290.3, "BD 2025 (%)": 0.079950443478260858, "BD 2026 (EUR)": 96537.81, "BD 2026 (%)": 0.002798197391304348, "BD 2027 (EUR)": null, "BD 2027 (%)": null, "BD 2028 (EUR)": null, "BD 2028 (%)": null, "BD 2029 (EUR)": null, "BD 2029 (%)": null, "BD 2030 (EUR)": null, "BD 2030 (%)": null, "BD C1 (EUR)": null, "BD C1 (%)": null, "BD C2 (EUR)": null, "BD C2 (%)": null, "BD C3 (EUR)": null, "BD C3 (%)": null, "BD C4 (EUR)": null, "BD C4 (%)": null, "BDF (EUR)": null, "BDF (%)": null, "BDA (EUR)": null, "BDA (%)": null, "BDC (EUR)": null, "BDC (%)": null, "BDMI (EUR)": null, "BDMI (%)": null, "BDMP (EUR)": null, "BDMP (%)": null, "BDS (EUR)": null, "BDS (%)": null, "TAC": null, "PA (EUR)": null, "D (EUR)": null, "TAC  C1": null, "PA C1 (EUR)": null, "D C1 (EUR)": null, "TAC C2": null, "PA C2 (EUR)": null, "D C2 (EUR)": null, "TAC  C3": null, "PA C3 (EUR)": null, "D C3 (EUR)": null, "TAC C4": null, "PA C4 (EUR)": null, "D C4 (EUR)": null, "TAC F": null, "PAF (EUR)": null, "DF (EUR)": null, "TAC A": null, "PAA (EUR)": null, "DA (EUR)": null, "TAC C": null, "PAC (EUR)": null, "DC (EUR)": null, "TAC MI": null, "PAMI (EUR)": null, "DMI (EUR)": null, " TAC MP": null, "PAMP (EUR)": null, "DMP (EUR)": null }, "geometry": null },
{ "type": "Feature", "properties": { "Année": 2027, "Mois": "Octobre", "UC": "Tous", "TAG": null, "NAP": null, "NAA": null, "NAC": null, "NAD": null, "TAR 1": null, "TAR 2": null, "TAR 1.1": null, "TAR 1.2": null, "TAR 2.1": null, "TAR 2.2": null, "TAA 1.1.1": null, "TAA 1.1.2": null, "TAA 1.1.3": null, "TAA 1.1.4": null, "TAA 1.2.1": null, "TAA 1.2.2": null, "TAA 1.2.3": null, "TAA 1.2.4": null, "TAA 2.1.1": null, "TAA 2.1.2": null, "TAA 2.1.3": null, "TAA 2.1.4": null, "TAA 2.2.1": null, "TAA 2.2.2": null, "TAA 2.2.3": null, "TAA 2.2.4": null, "DC": 3570353.05, "BT": 34500000, "TD": 0.10348849420289855, "BD 2024 (EUR)": 715524.94, "BD 2024 (%)": 0.020739853333333332, "BD 2025 (EUR)": 2758290.3, "BD 2025 (%)": 0.079950443478260858, "BD 2026 (EUR)": 96537.81, "BD 2026 (%)": 0.002798197391304348, "BD 2027 (EUR)": null, "BD 2027 (%)": null, "BD 2028 (EUR)": null, "BD 2028 (%)": null, "BD 2029 (EUR)": null, "BD 2029 (%)": null, "BD 2030 (EUR)": null, "BD 2030 (%)": null, "BD C1 (EUR)": null, "BD C1 (%)": null, "BD C2 (EUR)": null, "BD C2 (%)": null, "BD C3 (EUR)": null, "BD C3 (%)": null, "BD C4 (EUR)": null, "BD C4 (%)": null, "BDF (EUR)": null, "BDF (%)": null, "BDA (EUR)": null, "BDA (%)": null, "BDC (EUR)": null, "BDC (%)": null, "BDMI (EUR)": null, "BDMI (%)": null, "BDMP (EUR)": null, "BDMP (%)": null, "BDS (EUR)": null, "BDS (%)": null, "TAC": null, "PA (EUR)": null, "D (EUR)": null, "TAC  C1": null, "PA C1 (EUR)": null, "D C1 (EUR)": null, "TAC C2": null, "PA C2 (EUR)": null, "D C2 (EUR)": null, "TAC  C3": null, "PA C3 (EUR)": null, "D C3 (EUR)": null, "TAC C4": null, "PA C4 (EUR)": null, "D C4 (EUR)": null, "TAC F": null, "PAF (EUR)": null, "DF (EUR)": null, "TAC A": null, "PAA (EUR)": null, "DA (EUR)": null, "TAC C": null, "PAC (EUR)": null, "DC (EUR)": null, "TAC MI": null, "PAMI (EUR)": null, "DMI (EUR)": null, " TAC MP": null, "PAMP (EUR)": null, "DMP (EUR)": null }, "geometry": null },
{ "type": "Feature", "properties": { "Année": 2027, "Mois": "Novembre", "UC": "Tous", "TAG": null, "NAP": null, "NAA": null, "NAC": null, "NAD": null, "TAR 1": null, "TAR 2": null, "TAR 1.1": null, "TAR 1.2": null, "TAR 2.1": null, "TAR 2.2": null, "TAA 1.1.1": null, "TAA 1.1.2": null, "TAA 1.1.3": null, "TAA 1.1.4": null, "TAA 1.2.1": null, "TAA 1.2.2": null, "TAA 1.2.3": null, "TAA 1.2.4": null, "TAA 2.1.1": null, "TAA 2.1.2": null, "TAA 2.1.3": null, "TAA 2.1.4": null, "TAA 2.2.1": null, "TAA 2.2.2": null, "TAA 2.2.3": null, "TAA 2.2.4": null, "DC": 3570353.05, "BT": 34500000, "TD": 0.10348849420289855, "BD 2024 (EUR)": 715524.94, "BD 2024 (%)": 0.020739853333333332, "BD 2025 (EUR)": 2758290.3, "BD 2025 (%)": 0.079950443478260858, "BD 2026 (EUR)": 96537.81, "BD 2026 (%)": 0.002798197391304348, "BD 2027 (EUR)": null, "BD 2027 (%)": null, "BD 2028 (EUR)": null, "BD 2028 (%)": null, "BD 2029 (EUR)": null, "BD 2029 (%)": null, "BD 2030 (EUR)": null, "BD 2030 (%)": null, "BD C1 (EUR)": null, "BD C1 (%)": null, "BD C2 (EUR)": null, "BD C2 (%)": null, "BD C3 (EUR)": null, "BD C3 (%)": null, "BD C4 (EUR)": null, "BD C4 (%)": null, "BDF (EUR)": null, "BDF (%)": null, "BDA (EUR)": null, "BDA (%)": null, "BDC (EUR)": null, "BDC (%)": null, "BDMI (EUR)": null, "BDMI (%)": null, "BDMP (EUR)": null, "BDMP (%)": null, "BDS (EUR)": null, "BDS (%)": null, "TAC": null, "PA (EUR)": null, "D (EUR)": null, "TAC  C1": null, "PA C1 (EUR)": null, "D C1 (EUR)": null, "TAC C2": null, "PA C2 (EUR)": null, "D C2 (EUR)": null, "TAC  C3": null, "PA C3 (EUR)": null, "D C3 (EUR)": null, "TAC C4": null, "PA C4 (EUR)": null, "D C4 (EUR)": null, "TAC F": null, "PAF (EUR)": null, "DF (EUR)": null, "TAC A": null, "PAA (EUR)": null, "DA (EUR)": null, "TAC C": null, "PAC (EUR)": null, "DC (EUR)": null, "TAC MI": null, "PAMI (EUR)": null, "DMI (EUR)": null, " TAC MP": null, "PAMP (EUR)": null, "DMP (EUR)": null }, "geometry": null },
{ "type": "Feature", "properties": { "Année": 2027, "Mois": "Décembre", "UC": "Tous", "TAG": null, "NAP": null, "NAA": null, "NAC": null, "NAD": null, "TAR 1": null, "TAR 2": null, "TAR 1.1": null, "TAR 1.2": null, "TAR 2.1": null, "TAR 2.2": null, "TAA 1.1.1": null, "TAA 1.1.2": null, "TAA 1.1.3": null, "TAA 1.1.4": null, "TAA 1.2.1": null, "TAA 1.2.2": null, "TAA 1.2.3": null, "TAA 1.2.4": null, "TAA 2.1.1": null, "TAA 2.1.2": null, "TAA 2.1.3": null, "TAA 2.1.4": null, "TAA 2.2.1": null, "TAA 2.2.2": null, "TAA 2.2.3": null, "TAA 2.2.4": null, "DC": 3570353.05, "BT": 34500000, "TD": 0.10348849420289855, "BD 2024 (EUR)": 715524.94, "BD 2024 (%)": 0.020739853333333332, "BD 2025 (EUR)": 2758290.3, "BD 2025 (%)": 0.079950443478260858, "BD 2026 (EUR)": 96537.81, "BD 2026 (%)": 0.002798197391304348, "BD 2027 (EUR)": null, "BD 2027 (%)": null, "BD 2028 (EUR)": null, "BD 2028 (%)": null, "BD 2029 (EUR)": null, "BD 2029 (%)": null, "BD 2030 (EUR)": null, "BD 2030 (%)": null, "BD C1 (EUR)": null, "BD C1 (%)": null, "BD C2 (EUR)": null, "BD C2 (%)": null, "BD C3 (EUR)": null, "BD C3 (%)": null, "BD C4 (EUR)": null, "BD C4 (%)": null, "BDF (EUR)": null, "BDF (%)": null, "BDA (EUR)": null, "BDA (%)": null, "BDC (EUR)": null, "BDC (%)": null, "BDMI (EUR)": null, "BDMI (%)": null, "BDMP (EUR)": null, "BDMP (%)": null, "BDS (EUR)": null, "BDS (%)": null, "TAC": null, "PA (EUR)": null, "D (EUR)": null, "TAC  C1": null, "PA C1 (EUR)": null, "D C1 (EUR)": null, "TAC C2": null, "PA C2 (EUR)": null, "D C2 (EUR)": null, "TAC  C3": null, "PA C3 (EUR)": null, "D C3 (EUR)": null, "TAC C4": null, "PA C4 (EUR)": null, "D C4 (EUR)": null, "TAC F": null, "PAF (EUR)": null, "DF (EUR)": null, "TAC A": null, "PAA (EUR)": null, "DA (EUR)": null, "TAC C": null, "PAC (EUR)": null, "DC (EUR)": null, "TAC MI": null, "PAMI (EUR)": null, "DMI (EUR)": null, " TAC MP": null, "PAMP (EUR)": null, "DMP (EUR)": null }, "geometry": null },
{ "type": "Feature", "properties": { "Année": 2027, "Mois": "Janvier", "UC": "UCT", "TAG": null, "NAP": null, "NAA": null, "NAC": null, "NAD": null, "TAR 1": null, "TAR 2": null, "TAR 1.1": null, "TAR 1.2": null, "TAR 2.1": null, "TAR 2.2": null, "TAA 1.1.1": null, "TAA 1.1.2": null, "TAA 1.1.3": null, "TAA 1.1.4": null, "TAA 1.2.1": null, "TAA 1.2.2": null, "TAA 1.2.3": null, "TAA 1.2.4": null, "TAA 2.1.1": null, "TAA 2.1.2": null, "TAA 2.1.3": null, "TAA 2.1.4": null, "TAA 2.2.1": null, "TAA 2.2.2": null, "TAA 2.2.3": null, "TAA 2.2.4": null, "DC": 3570353.05, "BT": 34500000, "TD": 0.10348849420289855, "BD 2024 (EUR)": 715524.94, "BD 2024 (%)": 0.020739853333333332, "BD 2025 (EUR)": 2758290.3, "BD 2025 (%)": 0.079950443478260858, "BD 2026 (EUR)": 96537.81, "BD 2026 (%)": 0.002798197391304348, "BD 2027 (EUR)": null, "BD 2027 (%)": null, "BD 2028 (EUR)": null, "BD 2028 (%)": null, "BD 2029 (EUR)": null, "BD 2029 (%)": null, "BD 2030 (EUR)": null, "BD 2030 (%)": null, "BD C1 (EUR)": null, "BD C1 (%)": null, "BD C2 (EUR)": null, "BD C2 (%)": null, "BD C3 (EUR)": null, "BD C3 (%)": null, "BD C4 (EUR)": null, "BD C4 (%)": null, "BDF (EUR)": null, "BDF (%)": null, "BDA (EUR)": null, "BDA (%)": null, "BDC (EUR)": null, "BDC (%)": null, "BDMI (EUR)": null, "BDMI (%)": null, "BDMP (EUR)": null, "BDMP (%)": null, "BDS (EUR)": null, "BDS (%)": null, "TAC": null, "PA (EUR)": null, "D (EUR)": null, "TAC  C1": null, "PA C1 (EUR)": null, "D C1 (EUR)": null, "TAC C2": null, "PA C2 (EUR)": null, "D C2 (EUR)": null, "TAC  C3": null, "PA C3 (EUR)": null, "D C3 (EUR)": null, "TAC C4": null, "PA C4 (EUR)": null, "D C4 (EUR)": null, "TAC F": null, "PAF (EUR)": null, "DF (EUR)": null, "TAC A": null, "PAA (EUR)": null, "DA (EUR)": null, "TAC C": null, "PAC (EUR)": null, "DC (EUR)": null, "TAC MI": null, "PAMI (EUR)": null, "DMI (EUR)": null, " TAC MP": null, "PAMP (EUR)": null, "DMP (EUR)": null }, "geometry": null },
{ "type": "Feature", "properties": { "Année": 2027, "Mois": "Février", "UC": "UCT", "TAG": null, "NAP": null, "NAA": null, "NAC": null, "NAD": null, "TAR 1": null, "TAR 2": null, "TAR 1.1": null, "TAR 1.2": null, "TAR 2.1": null, "TAR 2.2": null, "TAA 1.1.1": null, "TAA 1.1.2": null, "TAA 1.1.3": null, "TAA 1.1.4": null, "TAA 1.2.1": null, "TAA 1.2.2": null, "TAA 1.2.3": null, "TAA 1.2.4": null, "TAA 2.1.1": null, "TAA 2.1.2": null, "TAA 2.1.3": null, "TAA 2.1.4": null, "TAA 2.2.1": null, "TAA 2.2.2": null, "TAA 2.2.3": null, "TAA 2.2.4": null, "DC": 3570353.05, "BT": 34500000, "TD": 0.10348849420289855, "BD 2024 (EUR)": 715524.94, "BD 2024 (%)": 0.020739853333333332, "BD 2025 (EUR)": 2758290.3, "BD 2025 (%)": 0.079950443478260858, "BD 2026 (EUR)": 96537.81, "BD 2026 (%)": 0.002798197391304348, "BD 2027 (EUR)": null, "BD 2027 (%)": null, "BD 2028 (EUR)": null, "BD 2028 (%)": null, "BD 2029 (EUR)": null, "BD 2029 (%)": null, "BD 2030 (EUR)": null, "BD 2030 (%)": null, "BD C1 (EUR)": null, "BD C1 (%)": null, "BD C2 (EUR)": null, "BD C2 (%)": null, "BD C3 (EUR)": null, "BD C3 (%)": null, "BD C4 (EUR)": null, "BD C4 (%)": null, "BDF (EUR)": null, "BDF (%)": null, "BDA (EUR)": null, "BDA (%)": null, "BDC (EUR)": null, "BDC (%)": null, "BDMI (EUR)": null, "BDMI (%)": null, "BDMP (EUR)": null, "BDMP (%)": null, "BDS (EUR)": null, "BDS (%)": null, "TAC": null, "PA (EUR)": null, "D (EUR)": null, "TAC  C1": null, "PA C1 (EUR)": null, "D C1 (EUR)": null, "TAC C2": null, "PA C2 (EUR)": null, "D C2 (EUR)": null, "TAC  C3": null, "PA C3 (EUR)": null, "D C3 (EUR)": null, "TAC C4": null, "PA C4 (EUR)": null, "D C4 (EUR)": null, "TAC F": null, "PAF (EUR)": null, "DF (EUR)": null, "TAC A": null, "PAA (EUR)": null, "DA (EUR)": null, "TAC C": null, "PAC (EUR)": null, "DC (EUR)": null, "TAC MI": null, "PAMI (EUR)": null, "DMI (EUR)": null, " TAC MP": null, "PAMP (EUR)": null, "DMP (EUR)": null }, "geometry": null },
{ "type": "Feature", "properties": { "Année": 2027, "Mois": "Mars", "UC": "UCT", "TAG": null, "NAP": null, "NAA": null, "NAC": null, "NAD": null, "TAR 1": null, "TAR 2": null, "TAR 1.1": null, "TAR 1.2": null, "TAR 2.1": null, "TAR 2.2": null, "TAA 1.1.1": null, "TAA 1.1.2": null, "TAA 1.1.3": null, "TAA 1.1.4": null, "TAA 1.2.1": null, "TAA 1.2.2": null, "TAA 1.2.3": null, "TAA 1.2.4": null, "TAA 2.1.1": null, "TAA 2.1.2": null, "TAA 2.1.3": null, "TAA 2.1.4": null, "TAA 2.2.1": null, "TAA 2.2.2": null, "TAA 2.2.3": null, "TAA 2.2.4": null, "DC": 3570353.05, "BT": 34500000, "TD": 0.10348849420289855, "BD 2024 (EUR)": 715524.94, "BD 2024 (%)": 0.020739853333333332, "BD 2025 (EUR)": 2758290.3, "BD 2025 (%)": 0.079950443478260858, "BD 2026 (EUR)": 96537.81, "BD 2026 (%)": 0.002798197391304348, "BD 2027 (EUR)": null, "BD 2027 (%)": null, "BD 2028 (EUR)": null, "BD 2028 (%)": null, "BD 2029 (EUR)": null, "BD 2029 (%)": null, "BD 2030 (EUR)": null, "BD 2030 (%)": null, "BD C1 (EUR)": null, "BD C1 (%)": null, "BD C2 (EUR)": null, "BD C2 (%)": null, "BD C3 (EUR)": null, "BD C3 (%)": null, "BD C4 (EUR)": null, "BD C4 (%)": null, "BDF (EUR)": null, "BDF (%)": null, "BDA (EUR)": null, "BDA (%)": null, "BDC (EUR)": null, "BDC (%)": null, "BDMI (EUR)": null, "BDMI (%)": null, "BDMP (EUR)": null, "BDMP (%)": null, "BDS (EUR)": null, "BDS (%)": null, "TAC": null, "PA (EUR)": null, "D (EUR)": null, "TAC  C1": null, "PA C1 (EUR)": null, "D C1 (EUR)": null, "TAC C2": null, "PA C2 (EUR)": null, "D C2 (EUR)": null, "TAC  C3": null, "PA C3 (EUR)": null, "D C3 (EUR)": null, "TAC C4": null, "PA C4 (EUR)": null, "D C4 (EUR)": null, "TAC F": null, "PAF (EUR)": null, "DF (EUR)": null, "TAC A": null, "PAA (EUR)": null, "DA (EUR)": null, "TAC C": null, "PAC (EUR)": null, "DC (EUR)": null, "TAC MI": null, "PAMI (EUR)": null, "DMI (EUR)": null, " TAC MP": null, "PAMP (EUR)": null, "DMP (EUR)": null }, "geometry": null },
{ "type": "Feature", "properties": { "Année": 2027, "Mois": "Avril", "UC": "UCT", "TAG": null, "NAP": null, "NAA": null, "NAC": null, "NAD": null, "TAR 1": null, "TAR 2": null, "TAR 1.1": null, "TAR 1.2": null, "TAR 2.1": null, "TAR 2.2": null, "TAA 1.1.1": null, "TAA 1.1.2": null, "TAA 1.1.3": null, "TAA 1.1.4": null, "TAA 1.2.1": null, "TAA 1.2.2": null, "TAA 1.2.3": null, "TAA 1.2.4": null, "TAA 2.1.1": null, "TAA 2.1.2": null, "TAA 2.1.3": null, "TAA 2.1.4": null, "TAA 2.2.1": null, "TAA 2.2.2": null, "TAA 2.2.3": null, "TAA 2.2.4": null, "DC": 3570353.05, "BT": 34500000, "TD": 0.10348849420289855, "BD 2024 (EUR)": 715524.94, "BD 2024 (%)": 0.020739853333333332, "BD 2025 (EUR)": 2758290.3, "BD 2025 (%)": 0.079950443478260858, "BD 2026 (EUR)": 96537.81, "BD 2026 (%)": 0.002798197391304348, "BD 2027 (EUR)": null, "BD 2027 (%)": null, "BD 2028 (EUR)": null, "BD 2028 (%)": null, "BD 2029 (EUR)": null, "BD 2029 (%)": null, "BD 2030 (EUR)": null, "BD 2030 (%)": null, "BD C1 (EUR)": null, "BD C1 (%)": null, "BD C2 (EUR)": null, "BD C2 (%)": null, "BD C3 (EUR)": null, "BD C3 (%)": null, "BD C4 (EUR)": null, "BD C4 (%)": null, "BDF (EUR)": null, "BDF (%)": null, "BDA (EUR)": null, "BDA (%)": null, "BDC (EUR)": null, "BDC (%)": null, "BDMI (EUR)": null, "BDMI (%)": null, "BDMP (EUR)": null, "BDMP (%)": null, "BDS (EUR)": null, "BDS (%)": null, "TAC": null, "PA (EUR)": null, "D (EUR)": null, "TAC  C1": null, "PA C1 (EUR)": null, "D C1 (EUR)": null, "TAC C2": null, "PA C2 (EUR)": null, "D C2 (EUR)": null, "TAC  C3": null, "PA C3 (EUR)": null, "D C3 (EUR)": null, "TAC C4": null, "PA C4 (EUR)": null, "D C4 (EUR)": null, "TAC F": null, "PAF (EUR)": null, "DF (EUR)": null, "TAC A": null, "PAA (EUR)": null, "DA (EUR)": null, "TAC C": null, "PAC (EUR)": null, "DC (EUR)": null, "TAC MI": null, "PAMI (EUR)": null, "DMI (EUR)": null, " TAC MP": null, "PAMP (EUR)": null, "DMP (EUR)": null }, "geometry": null },
{ "type": "Feature", "properties": { "Année": 2027, "Mois": "Mai", "UC": "UCT", "TAG": null, "NAP": null, "NAA": null, "NAC": null, "NAD": null, "TAR 1": null, "TAR 2": null, "TAR 1.1": null, "TAR 1.2": null, "TAR 2.1": null, "TAR 2.2": null, "TAA 1.1.1": null, "TAA 1.1.2": null, "TAA 1.1.3": null, "TAA 1.1.4": null, "TAA 1.2.1": null, "TAA 1.2.2": null, "TAA 1.2.3": null, "TAA 1.2.4": null, "TAA 2.1.1": null, "TAA 2.1.2": null, "TAA 2.1.3": null, "TAA 2.1.4": null, "TAA 2.2.1": null, "TAA 2.2.2": null, "TAA 2.2.3": null, "TAA 2.2.4": null, "DC": 3570353.05, "BT": 34500000, "TD": 0.10348849420289855, "BD 2024 (EUR)": 715524.94, "BD 2024 (%)": 0.020739853333333332, "BD 2025 (EUR)": 2758290.3, "BD 2025 (%)": 0.079950443478260858, "BD 2026 (EUR)": 96537.81, "BD 2026 (%)": 0.002798197391304348, "BD 2027 (EUR)": null, "BD 2027 (%)": null, "BD 2028 (EUR)": null, "BD 2028 (%)": null, "BD 2029 (EUR)": null, "BD 2029 (%)": null, "BD 2030 (EUR)": null, "BD 2030 (%)": null, "BD C1 (EUR)": null, "BD C1 (%)": null, "BD C2 (EUR)": null, "BD C2 (%)": null, "BD C3 (EUR)": null, "BD C3 (%)": null, "BD C4 (EUR)": null, "BD C4 (%)": null, "BDF (EUR)": null, "BDF (%)": null, "BDA (EUR)": null, "BDA (%)": null, "BDC (EUR)": null, "BDC (%)": null, "BDMI (EUR)": null, "BDMI (%)": null, "BDMP (EUR)": null, "BDMP (%)": null, "BDS (EUR)": null, "BDS (%)": null, "TAC": null, "PA (EUR)": null, "D (EUR)": null, "TAC  C1": null, "PA C1 (EUR)": null, "D C1 (EUR)": null, "TAC C2": null, "PA C2 (EUR)": null, "D C2 (EUR)": null, "TAC  C3": null, "PA C3 (EUR)": null, "D C3 (EUR)": null, "TAC C4": null, "PA C4 (EUR)": null, "D C4 (EUR)": null, "TAC F": null, "PAF (EUR)": null, "DF (EUR)": null, "TAC A": null, "PAA (EUR)": null, "DA (EUR)": null, "TAC C": null, "PAC (EUR)": null, "DC (EUR)": null, "TAC MI": null, "PAMI (EUR)": null, "DMI (EUR)": null, " TAC MP": null, "PAMP (EUR)": null, "DMP (EUR)": null }, "geometry": null },
{ "type": "Feature", "properties": { "Année": 2027, "Mois": "Juin", "UC": "UCT", "TAG": null, "NAP": null, "NAA": null, "NAC": null, "NAD": null, "TAR 1": null, "TAR 2": null, "TAR 1.1": null, "TAR 1.2": null, "TAR 2.1": null, "TAR 2.2": null, "TAA 1.1.1": null, "TAA 1.1.2": null, "TAA 1.1.3": null, "TAA 1.1.4": null, "TAA 1.2.1": null, "TAA 1.2.2": null, "TAA 1.2.3": null, "TAA 1.2.4": null, "TAA 2.1.1": null, "TAA 2.1.2": null, "TAA 2.1.3": null, "TAA 2.1.4": null, "TAA 2.2.1": null, "TAA 2.2.2": null, "TAA 2.2.3": null, "TAA 2.2.4": null, "DC": 3570353.05, "BT": 34500000, "TD": 0.10348849420289855, "BD 2024 (EUR)": 715524.94, "BD 2024 (%)": 0.020739853333333332, "BD 2025 (EUR)": 2758290.3, "BD 2025 (%)": 0.079950443478260858, "BD 2026 (EUR)": 96537.81, "BD 2026 (%)": 0.002798197391304348, "BD 2027 (EUR)": null, "BD 2027 (%)": null, "BD 2028 (EUR)": null, "BD 2028 (%)": null, "BD 2029 (EUR)": null, "BD 2029 (%)": null, "BD 2030 (EUR)": null, "BD 2030 (%)": null, "BD C1 (EUR)": null, "BD C1 (%)": null, "BD C2 (EUR)": null, "BD C2 (%)": null, "BD C3 (EUR)": null, "BD C3 (%)": null, "BD C4 (EUR)": null, "BD C4 (%)": null, "BDF (EUR)": null, "BDF (%)": null, "BDA (EUR)": null, "BDA (%)": null, "BDC (EUR)": null, "BDC (%)": null, "BDMI (EUR)": null, "BDMI (%)": null, "BDMP (EUR)": null, "BDMP (%)": null, "BDS (EUR)": null, "BDS (%)": null, "TAC": null, "PA (EUR)": null, "D (EUR)": null, "TAC  C1": null, "PA C1 (EUR)": null, "D C1 (EUR)": null, "TAC C2": null, "PA C2 (EUR)": null, "D C2 (EUR)": null, "TAC  C3": null, "PA C3 (EUR)": null, "D C3 (EUR)": null, "TAC C4": null, "PA C4 (EUR)": null, "D C4 (EUR)": null, "TAC F": null, "PAF (EUR)": null, "DF (EUR)": null, "TAC A": null, "PAA (EUR)": null, "DA (EUR)": null, "TAC C": null, "PAC (EUR)": null, "DC (EUR)": null, "TAC MI": null, "PAMI (EUR)": null, "DMI (EUR)": null, " TAC MP": null, "PAMP (EUR)": null, "DMP (EUR)": null }, "geometry": null },
{ "type": "Feature", "properties": { "Année": 2027, "Mois": "Juillet", "UC": "UCT", "TAG": null, "NAP": null, "NAA": null, "NAC": null, "NAD": null, "TAR 1": null, "TAR 2": null, "TAR 1.1": null, "TAR 1.2": null, "TAR 2.1": null, "TAR 2.2": null, "TAA 1.1.1": null, "TAA 1.1.2": null, "TAA 1.1.3": null, "TAA 1.1.4": null, "TAA 1.2.1": null, "TAA 1.2.2": null, "TAA 1.2.3": null, "TAA 1.2.4": null, "TAA 2.1.1": null, "TAA 2.1.2": null, "TAA 2.1.3": null, "TAA 2.1.4": null, "TAA 2.2.1": null, "TAA 2.2.2": null, "TAA 2.2.3": null, "TAA 2.2.4": null, "DC": 3570353.05, "BT": 34500000, "TD": 0.10348849420289855, "BD 2024 (EUR)": 715524.94, "BD 2024 (%)": 0.020739853333333332, "BD 2025 (EUR)": 2758290.3, "BD 2025 (%)": 0.079950443478260858, "BD 2026 (EUR)": 96537.81, "BD 2026 (%)": 0.002798197391304348, "BD 2027 (EUR)": null, "BD 2027 (%)": null, "BD 2028 (EUR)": null, "BD 2028 (%)": null, "BD 2029 (EUR)": null, "BD 2029 (%)": null, "BD 2030 (EUR)": null, "BD 2030 (%)": null, "BD C1 (EUR)": null, "BD C1 (%)": null, "BD C2 (EUR)": null, "BD C2 (%)": null, "BD C3 (EUR)": null, "BD C3 (%)": null, "BD C4 (EUR)": null, "BD C4 (%)": null, "BDF (EUR)": null, "BDF (%)": null, "BDA (EUR)": null, "BDA (%)": null, "BDC (EUR)": null, "BDC (%)": null, "BDMI (EUR)": null, "BDMI (%)": null, "BDMP (EUR)": null, "BDMP (%)": null, "BDS (EUR)": null, "BDS (%)": null, "TAC": null, "PA (EUR)": null, "D (EUR)": null, "TAC  C1": null, "PA C1 (EUR)": null, "D C1 (EUR)": null, "TAC C2": null, "PA C2 (EUR)": null, "D C2 (EUR)": null, "TAC  C3": null, "PA C3 (EUR)": null, "D C3 (EUR)": null, "TAC C4": null, "PA C4 (EUR)": null, "D C4 (EUR)": null, "TAC F": null, "PAF (EUR)": null, "DF (EUR)": null, "TAC A": null, "PAA (EUR)": null, "DA (EUR)": null, "TAC C": null, "PAC (EUR)": null, "DC (EUR)": null, "TAC MI": null, "PAMI (EUR)": null, "DMI (EUR)": null, " TAC MP": null, "PAMP (EUR)": null, "DMP (EUR)": null }, "geometry": null },
{ "type": "Feature", "properties": { "Année": 2027, "Mois": "Août", "UC": "UCT", "TAG": null, "NAP": null, "NAA": null, "NAC": null, "NAD": null, "TAR 1": null, "TAR 2": null, "TAR 1.1": null, "TAR 1.2": null, "TAR 2.1": null, "TAR 2.2": null, "TAA 1.1.1": null, "TAA 1.1.2": null, "TAA 1.1.3": null, "TAA 1.1.4": null, "TAA 1.2.1": null, "TAA 1.2.2": null, "TAA 1.2.3": null, "TAA 1.2.4": null, "TAA 2.1.1": null, "TAA 2.1.2": null, "TAA 2.1.3": null, "TAA 2.1.4": null, "TAA 2.2.1": null, "TAA 2.2.2": null, "TAA 2.2.3": null, "TAA 2.2.4": null, "DC": 3570353.05, "BT": 34500000, "TD": 0.10348849420289855, "BD 2024 (EUR)": 715524.94, "BD 2024 (%)": 0.020739853333333332, "BD 2025 (EUR)": 2758290.3, "BD 2025 (%)": 0.079950443478260858, "BD 2026 (EUR)": 96537.81, "BD 2026 (%)": 0.002798197391304348, "BD 2027 (EUR)": null, "BD 2027 (%)": null, "BD 2028 (EUR)": null, "BD 2028 (%)": null, "BD 2029 (EUR)": null, "BD 2029 (%)": null, "BD 2030 (EUR)": null, "BD 2030 (%)": null, "BD C1 (EUR)": null, "BD C1 (%)": null, "BD C2 (EUR)": null, "BD C2 (%)": null, "BD C3 (EUR)": null, "BD C3 (%)": null, "BD C4 (EUR)": null, "BD C4 (%)": null, "BDF (EUR)": null, "BDF (%)": null, "BDA (EUR)": null, "BDA (%)": null, "BDC (EUR)": null, "BDC (%)": null, "BDMI (EUR)": null, "BDMI (%)": null, "BDMP (EUR)": null, "BDMP (%)": null, "BDS (EUR)": null, "BDS (%)": null, "TAC": null, "PA (EUR)": null, "D (EUR)": null, "TAC  C1": null, "PA C1 (EUR)": null, "D C1 (EUR)": null, "TAC C2": null, "PA C2 (EUR)": null, "D C2 (EUR)": null, "TAC  C3": null, "PA C3 (EUR)": null, "D C3 (EUR)": null, "TAC C4": null, "PA C4 (EUR)": null, "D C4 (EUR)": null, "TAC F": null, "PAF (EUR)": null, "DF (EUR)": null, "TAC A": null, "PAA (EUR)": null, "DA (EUR)": null, "TAC C": null, "PAC (EUR)": null, "DC (EUR)": null, "TAC MI": null, "PAMI (EUR)": null, "DMI (EUR)": null, " TAC MP": null, "PAMP (EUR)": null, "DMP (EUR)": null }, "geometry": null },
{ "type": "Feature", "properties": { "Année": 2027, "Mois": "Septembre", "UC": "UCT", "TAG": null, "NAP": null, "NAA": null, "NAC": null, "NAD": null, "TAR 1": null, "TAR 2": null, "TAR 1.1": null, "TAR 1.2": null, "TAR 2.1": null, "TAR 2.2": null, "TAA 1.1.1": null, "TAA 1.1.2": null, "TAA 1.1.3": null, "TAA 1.1.4": null, "TAA 1.2.1": null, "TAA 1.2.2": null, "TAA 1.2.3": null, "TAA 1.2.4": null, "TAA 2.1.1": null, "TAA 2.1.2": null, "TAA 2.1.3": null, "TAA 2.1.4": null, "TAA 2.2.1": null, "TAA 2.2.2": null, "TAA 2.2.3": null, "TAA 2.2.4": null, "DC": 3570353.05, "BT": 34500000, "TD": 0.10348849420289855, "BD 2024 (EUR)": 715524.94, "BD 2024 (%)": 0.020739853333333332, "BD 2025 (EUR)": 2758290.3, "BD 2025 (%)": 0.079950443478260858, "BD 2026 (EUR)": 96537.81, "BD 2026 (%)": 0.002798197391304348, "BD 2027 (EUR)": null, "BD 2027 (%)": null, "BD 2028 (EUR)": null, "BD 2028 (%)": null, "BD 2029 (EUR)": null, "BD 2029 (%)": null, "BD 2030 (EUR)": null, "BD 2030 (%)": null, "BD C1 (EUR)": null, "BD C1 (%)": null, "BD C2 (EUR)": null, "BD C2 (%)": null, "BD C3 (EUR)": null, "BD C3 (%)": null, "BD C4 (EUR)": null, "BD C4 (%)": null, "BDF (EUR)": null, "BDF (%)": null, "BDA (EUR)": null, "BDA (%)": null, "BDC (EUR)": null, "BDC (%)": null, "BDMI (EUR)": null, "BDMI (%)": null, "BDMP (EUR)": null, "BDMP (%)": null, "BDS (EUR)": null, "BDS (%)": null, "TAC": null, "PA (EUR)": null, "D (EUR)": null, "TAC  C1": null, "PA C1 (EUR)": null, "D C1 (EUR)": null, "TAC C2": null, "PA C2 (EUR)": null, "D C2 (EUR)": null, "TAC  C3": null, "PA C3 (EUR)": null, "D C3 (EUR)": null, "TAC C4": null, "PA C4 (EUR)": null, "D C4 (EUR)": null, "TAC F": null, "PAF (EUR)": null, "DF (EUR)": null, "TAC A": null, "PAA (EUR)": null, "DA (EUR)": null, "TAC C": null, "PAC (EUR)": null, "DC (EUR)": null, "TAC MI": null, "PAMI (EUR)": null, "DMI (EUR)": null, " TAC MP": null, "PAMP (EUR)": null, "DMP (EUR)": null }, "geometry": null },
{ "type": "Feature", "properties": { "Année": 2027, "Mois": "Octobre", "UC": "UCT", "TAG": null, "NAP": null, "NAA": null, "NAC": null, "NAD": null, "TAR 1": null, "TAR 2": null, "TAR 1.1": null, "TAR 1.2": null, "TAR 2.1": null, "TAR 2.2": null, "TAA 1.1.1": null, "TAA 1.1.2": null, "TAA 1.1.3": null, "TAA 1.1.4": null, "TAA 1.2.1": null, "TAA 1.2.2": null, "TAA 1.2.3": null, "TAA 1.2.4": null, "TAA 2.1.1": null, "TAA 2.1.2": null, "TAA 2.1.3": null, "TAA 2.1.4": null, "TAA 2.2.1": null, "TAA 2.2.2": null, "TAA 2.2.3": null, "TAA 2.2.4": null, "DC": 3570353.05, "BT": 34500000, "TD": 0.10348849420289855, "BD 2024 (EUR)": 715524.94, "BD 2024 (%)": 0.020739853333333332, "BD 2025 (EUR)": 2758290.3, "BD 2025 (%)": 0.079950443478260858, "BD 2026 (EUR)": 96537.81, "BD 2026 (%)": 0.002798197391304348, "BD 2027 (EUR)": null, "BD 2027 (%)": null, "BD 2028 (EUR)": null, "BD 2028 (%)": null, "BD 2029 (EUR)": null, "BD 2029 (%)": null, "BD 2030 (EUR)": null, "BD 2030 (%)": null, "BD C1 (EUR)": null, "BD C1 (%)": null, "BD C2 (EUR)": null, "BD C2 (%)": null, "BD C3 (EUR)": null, "BD C3 (%)": null, "BD C4 (EUR)": null, "BD C4 (%)": null, "BDF (EUR)": null, "BDF (%)": null, "BDA (EUR)": null, "BDA (%)": null, "BDC (EUR)": null, "BDC (%)": null, "BDMI (EUR)": null, "BDMI (%)": null, "BDMP (EUR)": null, "BDMP (%)": null, "BDS (EUR)": null, "BDS (%)": null, "TAC": null, "PA (EUR)": null, "D (EUR)": null, "TAC  C1": null, "PA C1 (EUR)": null, "D C1 (EUR)": null, "TAC C2": null, "PA C2 (EUR)": null, "D C2 (EUR)": null, "TAC  C3": null, "PA C3 (EUR)": null, "D C3 (EUR)": null, "TAC C4": null, "PA C4 (EUR)": null, "D C4 (EUR)": null, "TAC F": null, "PAF (EUR)": null, "DF (EUR)": null, "TAC A": null, "PAA (EUR)": null, "DA (EUR)": null, "TAC C": null, "PAC (EUR)": null, "DC (EUR)": null, "TAC MI": null, "PAMI (EUR)": null, "DMI (EUR)": null, " TAC MP": null, "PAMP (EUR)": null, "DMP (EUR)": null }, "geometry": null },
{ "type": "Feature", "properties": { "Année": 2027, "Mois": "Novembre", "UC": "UCT", "TAG": null, "NAP": null, "NAA": null, "NAC": null, "NAD": null, "TAR 1": null, "TAR 2": null, "TAR 1.1": null, "TAR 1.2": null, "TAR 2.1": null, "TAR 2.2": null, "TAA 1.1.1": null, "TAA 1.1.2": null, "TAA 1.1.3": null, "TAA 1.1.4": null, "TAA 1.2.1": null, "TAA 1.2.2": null, "TAA 1.2.3": null, "TAA 1.2.4": null, "TAA 2.1.1": null, "TAA 2.1.2": null, "TAA 2.1.3": null, "TAA 2.1.4": null, "TAA 2.2.1": null, "TAA 2.2.2": null, "TAA 2.2.3": null, "TAA 2.2.4": null, "DC": 3570353.05, "BT": 34500000, "TD": 0.10348849420289855, "BD 2024 (EUR)": 715524.94, "BD 2024 (%)": 0.020739853333333332, "BD 2025 (EUR)": 2758290.3, "BD 2025 (%)": 0.079950443478260858, "BD 2026 (EUR)": 96537.81, "BD 2026 (%)": 0.002798197391304348, "BD 2027 (EUR)": null, "BD 2027 (%)": null, "BD 2028 (EUR)": null, "BD 2028 (%)": null, "BD 2029 (EUR)": null, "BD 2029 (%)": null, "BD 2030 (EUR)": null, "BD 2030 (%)": null, "BD C1 (EUR)": null, "BD C1 (%)": null, "BD C2 (EUR)": null, "BD C2 (%)": null, "BD C3 (EUR)": null, "BD C3 (%)": null, "BD C4 (EUR)": null, "BD C4 (%)": null, "BDF (EUR)": null, "BDF (%)": null, "BDA (EUR)": null, "BDA (%)": null, "BDC (EUR)": null, "BDC (%)": null, "BDMI (EUR)": null, "BDMI (%)": null, "BDMP (EUR)": null, "BDMP (%)": null, "BDS (EUR)": null, "BDS (%)": null, "TAC": null, "PA (EUR)": null, "D (EUR)": null, "TAC  C1": null, "PA C1 (EUR)": null, "D C1 (EUR)": null, "TAC C2": null, "PA C2 (EUR)": null, "D C2 (EUR)": null, "TAC  C3": null, "PA C3 (EUR)": null, "D C3 (EUR)": null, "TAC C4": null, "PA C4 (EUR)": null, "D C4 (EUR)": null, "TAC F": null, "PAF (EUR)": null, "DF (EUR)": null, "TAC A": null, "PAA (EUR)": null, "DA (EUR)": null, "TAC C": null, "PAC (EUR)": null, "DC (EUR)": null, "TAC MI": null, "PAMI (EUR)": null, "DMI (EUR)": null, " TAC MP": null, "PAMP (EUR)": null, "DMP (EUR)": null }, "geometry": null },
{ "type": "Feature", "properties": { "Année": 2027, "Mois": "Décembre", "UC": "UCT", "TAG": null, "NAP": null, "NAA": null, "NAC": null, "NAD": null, "TAR 1": null, "TAR 2": null, "TAR 1.1": null, "TAR 1.2": null, "TAR 2.1": null, "TAR 2.2": null, "TAA 1.1.1": null, "TAA 1.1.2": null, "TAA 1.1.3": null, "TAA 1.1.4": null, "TAA 1.2.1": null, "TAA 1.2.2": null, "TAA 1.2.3": null, "TAA 1.2.4": null, "TAA 2.1.1": null, "TAA 2.1.2": null, "TAA 2.1.3": null, "TAA 2.1.4": null, "TAA 2.2.1": null, "TAA 2.2.2": null, "TAA 2.2.3": null, "TAA 2.2.4": null, "DC": 3570353.05, "BT": 34500000, "TD": 0.10348849420289855, "BD 2024 (EUR)": 715524.94, "BD 2024 (%)": 0.020739853333333332, "BD 2025 (EUR)": 2758290.3, "BD 2025 (%)": 0.079950443478260858, "BD 2026 (EUR)": 96537.81, "BD 2026 (%)": 0.002798197391304348, "BD 2027 (EUR)": null, "BD 2027 (%)": null, "BD 2028 (EUR)": null, "BD 2028 (%)": null, "BD 2029 (EUR)": null, "BD 2029 (%)": null, "BD 2030 (EUR)": null, "BD 2030 (%)": null, "BD C1 (EUR)": null, "BD C1 (%)": null, "BD C2 (EUR)": null, "BD C2 (%)": null, "BD C3 (EUR)": null, "BD C3 (%)": null, "BD C4 (EUR)": null, "BD C4 (%)": null, "BDF (EUR)": null, "BDF (%)": null, "BDA (EUR)": null, "BDA (%)": null, "BDC (EUR)": null, "BDC (%)": null, "BDMI (EUR)": null, "BDMI (%)": null, "BDMP (EUR)": null, "BDMP (%)": null, "BDS (EUR)": null, "BDS (%)": null, "TAC": null, "PA (EUR)": null, "D (EUR)": null, "TAC  C1": null, "PA C1 (EUR)": null, "D C1 (EUR)": null, "TAC C2": null, "PA C2 (EUR)": null, "D C2 (EUR)": null, "TAC  C3": null, "PA C3 (EUR)": null, "D C3 (EUR)": null, "TAC C4": null, "PA C4 (EUR)": null, "D C4 (EUR)": null, "TAC F": null, "PAF (EUR)": null, "DF (EUR)": null, "TAC A": null, "PAA (EUR)": null, "DA (EUR)": null, "TAC C": null, "PAC (EUR)": null, "DC (EUR)": null, "TAC MI": null, "PAMI (EUR)": null, "DMI (EUR)": null, " TAC MP": null, "PAMP (EUR)": null, "DMP (EUR)": null }, "geometry": null },
{ "type": "Feature", "properties": { "Année": 2027, "Mois": "Janvier", "UC": "UCR-B", "TAG": null, "NAP": null, "NAA": null, "NAC": null, "NAD": null, "TAR 1": null, "TAR 2": null, "TAR 1.1": null, "TAR 1.2": null, "TAR 2.1": null, "TAR 2.2": null, "TAA 1.1.1": null, "TAA 1.1.2": null, "TAA 1.1.3": null, "TAA 1.1.4": null, "TAA 1.2.1": null, "TAA 1.2.2": null, "TAA 1.2.3": null, "TAA 1.2.4": null, "TAA 2.1.1": null, "TAA 2.1.2": null, "TAA 2.1.3": null, "TAA 2.1.4": null, "TAA 2.2.1": null, "TAA 2.2.2": null, "TAA 2.2.3": null, "TAA 2.2.4": null, "DC": 3570353.05, "BT": 34500000, "TD": 0.10348849420289855, "BD 2024 (EUR)": 715524.94, "BD 2024 (%)": 0.020739853333333332, "BD 2025 (EUR)": 2758290.3, "BD 2025 (%)": 0.079950443478260858, "BD 2026 (EUR)": 96537.81, "BD 2026 (%)": 0.002798197391304348, "BD 2027 (EUR)": null, "BD 2027 (%)": null, "BD 2028 (EUR)": null, "BD 2028 (%)": null, "BD 2029 (EUR)": null, "BD 2029 (%)": null, "BD 2030 (EUR)": null, "BD 2030 (%)": null, "BD C1 (EUR)": null, "BD C1 (%)": null, "BD C2 (EUR)": null, "BD C2 (%)": null, "BD C3 (EUR)": null, "BD C3 (%)": null, "BD C4 (EUR)": null, "BD C4 (%)": null, "BDF (EUR)": null, "BDF (%)": null, "BDA (EUR)": null, "BDA (%)": null, "BDC (EUR)": null, "BDC (%)": null, "BDMI (EUR)": null, "BDMI (%)": null, "BDMP (EUR)": null, "BDMP (%)": null, "BDS (EUR)": null, "BDS (%)": null, "TAC": null, "PA (EUR)": null, "D (EUR)": null, "TAC  C1": null, "PA C1 (EUR)": null, "D C1 (EUR)": null, "TAC C2": null, "PA C2 (EUR)": null, "D C2 (EUR)": null, "TAC  C3": null, "PA C3 (EUR)": null, "D C3 (EUR)": null, "TAC C4": null, "PA C4 (EUR)": null, "D C4 (EUR)": null, "TAC F": null, "PAF (EUR)": null, "DF (EUR)": null, "TAC A": null, "PAA (EUR)": null, "DA (EUR)": null, "TAC C": null, "PAC (EUR)": null, "DC (EUR)": null, "TAC MI": null, "PAMI (EUR)": null, "DMI (EUR)": null, " TAC MP": null, "PAMP (EUR)": null, "DMP (EUR)": null }, "geometry": null },
{ "type": "Feature", "properties": { "Année": 2027, "Mois": "Février", "UC": "UCR-B", "TAG": null, "NAP": null, "NAA": null, "NAC": null, "NAD": null, "TAR 1": null, "TAR 2": null, "TAR 1.1": null, "TAR 1.2": null, "TAR 2.1": null, "TAR 2.2": null, "TAA 1.1.1": null, "TAA 1.1.2": null, "TAA 1.1.3": null, "TAA 1.1.4": null, "TAA 1.2.1": null, "TAA 1.2.2": null, "TAA 1.2.3": null, "TAA 1.2.4": null, "TAA 2.1.1": null, "TAA 2.1.2": null, "TAA 2.1.3": null, "TAA 2.1.4": null, "TAA 2.2.1": null, "TAA 2.2.2": null, "TAA 2.2.3": null, "TAA 2.2.4": null, "DC": 3570353.05, "BT": 34500000, "TD": 0.10348849420289855, "BD 2024 (EUR)": 715524.94, "BD 2024 (%)": 0.020739853333333332, "BD 2025 (EUR)": 2758290.3, "BD 2025 (%)": 0.079950443478260858, "BD 2026 (EUR)": 96537.81, "BD 2026 (%)": 0.002798197391304348, "BD 2027 (EUR)": null, "BD 2027 (%)": null, "BD 2028 (EUR)": null, "BD 2028 (%)": null, "BD 2029 (EUR)": null, "BD 2029 (%)": null, "BD 2030 (EUR)": null, "BD 2030 (%)": null, "BD C1 (EUR)": null, "BD C1 (%)": null, "BD C2 (EUR)": null, "BD C2 (%)": null, "BD C3 (EUR)": null, "BD C3 (%)": null, "BD C4 (EUR)": null, "BD C4 (%)": null, "BDF (EUR)": null, "BDF (%)": null, "BDA (EUR)": null, "BDA (%)": null, "BDC (EUR)": null, "BDC (%)": null, "BDMI (EUR)": null, "BDMI (%)": null, "BDMP (EUR)": null, "BDMP (%)": null, "BDS (EUR)": null, "BDS (%)": null, "TAC": null, "PA (EUR)": null, "D (EUR)": null, "TAC  C1": null, "PA C1 (EUR)": null, "D C1 (EUR)": null, "TAC C2": null, "PA C2 (EUR)": null, "D C2 (EUR)": null, "TAC  C3": null, "PA C3 (EUR)": null, "D C3 (EUR)": null, "TAC C4": null, "PA C4 (EUR)": null, "D C4 (EUR)": null, "TAC F": null, "PAF (EUR)": null, "DF (EUR)": null, "TAC A": null, "PAA (EUR)": null, "DA (EUR)": null, "TAC C": null, "PAC (EUR)": null, "DC (EUR)": null, "TAC MI": null, "PAMI (EUR)": null, "DMI (EUR)": null, " TAC MP": null, "PAMP (EUR)": null, "DMP (EUR)": null }, "geometry": null },
{ "type": "Feature", "properties": { "Année": 2027, "Mois": "Mars", "UC": "UCR-B", "TAG": null, "NAP": null, "NAA": null, "NAC": null, "NAD": null, "TAR 1": null, "TAR 2": null, "TAR 1.1": null, "TAR 1.2": null, "TAR 2.1": null, "TAR 2.2": null, "TAA 1.1.1": null, "TAA 1.1.2": null, "TAA 1.1.3": null, "TAA 1.1.4": null, "TAA 1.2.1": null, "TAA 1.2.2": null, "TAA 1.2.3": null, "TAA 1.2.4": null, "TAA 2.1.1": null, "TAA 2.1.2": null, "TAA 2.1.3": null, "TAA 2.1.4": null, "TAA 2.2.1": null, "TAA 2.2.2": null, "TAA 2.2.3": null, "TAA 2.2.4": null, "DC": 3570353.05, "BT": 34500000, "TD": 0.10348849420289855, "BD 2024 (EUR)": 715524.94, "BD 2024 (%)": 0.020739853333333332, "BD 2025 (EUR)": 2758290.3, "BD 2025 (%)": 0.079950443478260858, "BD 2026 (EUR)": 96537.81, "BD 2026 (%)": 0.002798197391304348, "BD 2027 (EUR)": null, "BD 2027 (%)": null, "BD 2028 (EUR)": null, "BD 2028 (%)": null, "BD 2029 (EUR)": null, "BD 2029 (%)": null, "BD 2030 (EUR)": null, "BD 2030 (%)": null, "BD C1 (EUR)": null, "BD C1 (%)": null, "BD C2 (EUR)": null, "BD C2 (%)": null, "BD C3 (EUR)": null, "BD C3 (%)": null, "BD C4 (EUR)": null, "BD C4 (%)": null, "BDF (EUR)": null, "BDF (%)": null, "BDA (EUR)": null, "BDA (%)": null, "BDC (EUR)": null, "BDC (%)": null, "BDMI (EUR)": null, "BDMI (%)": null, "BDMP (EUR)": null, "BDMP (%)": null, "BDS (EUR)": null, "BDS (%)": null, "TAC": null, "PA (EUR)": null, "D (EUR)": null, "TAC  C1": null, "PA C1 (EUR)": null, "D C1 (EUR)": null, "TAC C2": null, "PA C2 (EUR)": null, "D C2 (EUR)": null, "TAC  C3": null, "PA C3 (EUR)": null, "D C3 (EUR)": null, "TAC C4": null, "PA C4 (EUR)": null, "D C4 (EUR)": null, "TAC F": null, "PAF (EUR)": null, "DF (EUR)": null, "TAC A": null, "PAA (EUR)": null, "DA (EUR)": null, "TAC C": null, "PAC (EUR)": null, "DC (EUR)": null, "TAC MI": null, "PAMI (EUR)": null, "DMI (EUR)": null, " TAC MP": null, "PAMP (EUR)": null, "DMP (EUR)": null }, "geometry": null },
{ "type": "Feature", "properties": { "Année": 2027, "Mois": "Avril", "UC": "UCR-B", "TAG": null, "NAP": null, "NAA": null, "NAC": null, "NAD": null, "TAR 1": null, "TAR 2": null, "TAR 1.1": null, "TAR 1.2": null, "TAR 2.1": null, "TAR 2.2": null, "TAA 1.1.1": null, "TAA 1.1.2": null, "TAA 1.1.3": null, "TAA 1.1.4": null, "TAA 1.2.1": null, "TAA 1.2.2": null, "TAA 1.2.3": null, "TAA 1.2.4": null, "TAA 2.1.1": null, "TAA 2.1.2": null, "TAA 2.1.3": null, "TAA 2.1.4": null, "TAA 2.2.1": null, "TAA 2.2.2": null, "TAA 2.2.3": null, "TAA 2.2.4": null, "DC": 3570353.05, "BT": 34500000, "TD": 0.10348849420289855, "BD 2024 (EUR)": 715524.94, "BD 2024 (%)": 0.020739853333333332, "BD 2025 (EUR)": 2758290.3, "BD 2025 (%)": 0.079950443478260858, "BD 2026 (EUR)": 96537.81, "BD 2026 (%)": 0.002798197391304348, "BD 2027 (EUR)": null, "BD 2027 (%)": null, "BD 2028 (EUR)": null, "BD 2028 (%)": null, "BD 2029 (EUR)": null, "BD 2029 (%)": null, "BD 2030 (EUR)": null, "BD 2030 (%)": null, "BD C1 (EUR)": null, "BD C1 (%)": null, "BD C2 (EUR)": null, "BD C2 (%)": null, "BD C3 (EUR)": null, "BD C3 (%)": null, "BD C4 (EUR)": null, "BD C4 (%)": null, "BDF (EUR)": null, "BDF (%)": null, "BDA (EUR)": null, "BDA (%)": null, "BDC (EUR)": null, "BDC (%)": null, "BDMI (EUR)": null, "BDMI (%)": null, "BDMP (EUR)": null, "BDMP (%)": null, "BDS (EUR)": null, "BDS (%)": null, "TAC": null, "PA (EUR)": null, "D (EUR)": null, "TAC  C1": null, "PA C1 (EUR)": null, "D C1 (EUR)": null, "TAC C2": null, "PA C2 (EUR)": null, "D C2 (EUR)": null, "TAC  C3": null, "PA C3 (EUR)": null, "D C3 (EUR)": null, "TAC C4": null, "PA C4 (EUR)": null, "D C4 (EUR)": null, "TAC F": null, "PAF (EUR)": null, "DF (EUR)": null, "TAC A": null, "PAA (EUR)": null, "DA (EUR)": null, "TAC C": null, "PAC (EUR)": null, "DC (EUR)": null, "TAC MI": null, "PAMI (EUR)": null, "DMI (EUR)": null, " TAC MP": null, "PAMP (EUR)": null, "DMP (EUR)": null }, "geometry": null },
{ "type": "Feature", "properties": { "Année": 2027, "Mois": "Mai", "UC": "UCR-B", "TAG": null, "NAP": null, "NAA": null, "NAC": null, "NAD": null, "TAR 1": null, "TAR 2": null, "TAR 1.1": null, "TAR 1.2": null, "TAR 2.1": null, "TAR 2.2": null, "TAA 1.1.1": null, "TAA 1.1.2": null, "TAA 1.1.3": null, "TAA 1.1.4": null, "TAA 1.2.1": null, "TAA 1.2.2": null, "TAA 1.2.3": null, "TAA 1.2.4": null, "TAA 2.1.1": null, "TAA 2.1.2": null, "TAA 2.1.3": null, "TAA 2.1.4": null, "TAA 2.2.1": null, "TAA 2.2.2": null, "TAA 2.2.3": null, "TAA 2.2.4": null, "DC": 3570353.05, "BT": 34500000, "TD": 0.10348849420289855, "BD 2024 (EUR)": 715524.94, "BD 2024 (%)": 0.020739853333333332, "BD 2025 (EUR)": 2758290.3, "BD 2025 (%)": 0.079950443478260858, "BD 2026 (EUR)": 96537.81, "BD 2026 (%)": 0.002798197391304348, "BD 2027 (EUR)": null, "BD 2027 (%)": null, "BD 2028 (EUR)": null, "BD 2028 (%)": null, "BD 2029 (EUR)": null, "BD 2029 (%)": null, "BD 2030 (EUR)": null, "BD 2030 (%)": null, "BD C1 (EUR)": null, "BD C1 (%)": null, "BD C2 (EUR)": null, "BD C2 (%)": null, "BD C3 (EUR)": null, "BD C3 (%)": null, "BD C4 (EUR)": null, "BD C4 (%)": null, "BDF (EUR)": null, "BDF (%)": null, "BDA (EUR)": null, "BDA (%)": null, "BDC (EUR)": null, "BDC (%)": null, "BDMI (EUR)": null, "BDMI (%)": null, "BDMP (EUR)": null, "BDMP (%)": null, "BDS (EUR)": null, "BDS (%)": null, "TAC": null, "PA (EUR)": null, "D (EUR)": null, "TAC  C1": null, "PA C1 (EUR)": null, "D C1 (EUR)": null, "TAC C2": null, "PA C2 (EUR)": null, "D C2 (EUR)": null, "TAC  C3": null, "PA C3 (EUR)": null, "D C3 (EUR)": null, "TAC C4": null, "PA C4 (EUR)": null, "D C4 (EUR)": null, "TAC F": null, "PAF (EUR)": null, "DF (EUR)": null, "TAC A": null, "PAA (EUR)": null, "DA (EUR)": null, "TAC C": null, "PAC (EUR)": null, "DC (EUR)": null, "TAC MI": null, "PAMI (EUR)": null, "DMI (EUR)": null, " TAC MP": null, "PAMP (EUR)": null, "DMP (EUR)": null }, "geometry": null },
{ "type": "Feature", "properties": { "Année": 2027, "Mois": "Juin", "UC": "UCR-B", "TAG": null, "NAP": null, "NAA": null, "NAC": null, "NAD": null, "TAR 1": null, "TAR 2": null, "TAR 1.1": null, "TAR 1.2": null, "TAR 2.1": null, "TAR 2.2": null, "TAA 1.1.1": null, "TAA 1.1.2": null, "TAA 1.1.3": null, "TAA 1.1.4": null, "TAA 1.2.1": null, "TAA 1.2.2": null, "TAA 1.2.3": null, "TAA 1.2.4": null, "TAA 2.1.1": null, "TAA 2.1.2": null, "TAA 2.1.3": null, "TAA 2.1.4": null, "TAA 2.2.1": null, "TAA 2.2.2": null, "TAA 2.2.3": null, "TAA 2.2.4": null, "DC": 3570353.05, "BT": 34500000, "TD": 0.10348849420289855, "BD 2024 (EUR)": 715524.94, "BD 2024 (%)": 0.020739853333333332, "BD 2025 (EUR)": 2758290.3, "BD 2025 (%)": 0.079950443478260858, "BD 2026 (EUR)": 96537.81, "BD 2026 (%)": 0.002798197391304348, "BD 2027 (EUR)": null, "BD 2027 (%)": null, "BD 2028 (EUR)": null, "BD 2028 (%)": null, "BD 2029 (EUR)": null, "BD 2029 (%)": null, "BD 2030 (EUR)": null, "BD 2030 (%)": null, "BD C1 (EUR)": null, "BD C1 (%)": null, "BD C2 (EUR)": null, "BD C2 (%)": null, "BD C3 (EUR)": null, "BD C3 (%)": null, "BD C4 (EUR)": null, "BD C4 (%)": null, "BDF (EUR)": null, "BDF (%)": null, "BDA (EUR)": null, "BDA (%)": null, "BDC (EUR)": null, "BDC (%)": null, "BDMI (EUR)": null, "BDMI (%)": null, "BDMP (EUR)": null, "BDMP (%)": null, "BDS (EUR)": null, "BDS (%)": null, "TAC": null, "PA (EUR)": null, "D (EUR)": null, "TAC  C1": null, "PA C1 (EUR)": null, "D C1 (EUR)": null, "TAC C2": null, "PA C2 (EUR)": null, "D C2 (EUR)": null, "TAC  C3": null, "PA C3 (EUR)": null, "D C3 (EUR)": null, "TAC C4": null, "PA C4 (EUR)": null, "D C4 (EUR)": null, "TAC F": null, "PAF (EUR)": null, "DF (EUR)": null, "TAC A": null, "PAA (EUR)": null, "DA (EUR)": null, "TAC C": null, "PAC (EUR)": null, "DC (EUR)": null, "TAC MI": null, "PAMI (EUR)": null, "DMI (EUR)": null, " TAC MP": null, "PAMP (EUR)": null, "DMP (EUR)": null }, "geometry": null },
{ "type": "Feature", "properties": { "Année": 2027, "Mois": "Juillet", "UC": "UCR-B", "TAG": null, "NAP": null, "NAA": null, "NAC": null, "NAD": null, "TAR 1": null, "TAR 2": null, "TAR 1.1": null, "TAR 1.2": null, "TAR 2.1": null, "TAR 2.2": null, "TAA 1.1.1": null, "TAA 1.1.2": null, "TAA 1.1.3": null, "TAA 1.1.4": null, "TAA 1.2.1": null, "TAA 1.2.2": null, "TAA 1.2.3": null, "TAA 1.2.4": null, "TAA 2.1.1": null, "TAA 2.1.2": null, "TAA 2.1.3": null, "TAA 2.1.4": null, "TAA 2.2.1": null, "TAA 2.2.2": null, "TAA 2.2.3": null, "TAA 2.2.4": null, "DC": 3570353.05, "BT": 34500000, "TD": 0.10348849420289855, "BD 2024 (EUR)": 715524.94, "BD 2024 (%)": 0.020739853333333332, "BD 2025 (EUR)": 2758290.3, "BD 2025 (%)": 0.079950443478260858, "BD 2026 (EUR)": 96537.81, "BD 2026 (%)": 0.002798197391304348, "BD 2027 (EUR)": null, "BD 2027 (%)": null, "BD 2028 (EUR)": null, "BD 2028 (%)": null, "BD 2029 (EUR)": null, "BD 2029 (%)": null, "BD 2030 (EUR)": null, "BD 2030 (%)": null, "BD C1 (EUR)": null, "BD C1 (%)": null, "BD C2 (EUR)": null, "BD C2 (%)": null, "BD C3 (EUR)": null, "BD C3 (%)": null, "BD C4 (EUR)": null, "BD C4 (%)": null, "BDF (EUR)": null, "BDF (%)": null, "BDA (EUR)": null, "BDA (%)": null, "BDC (EUR)": null, "BDC (%)": null, "BDMI (EUR)": null, "BDMI (%)": null, "BDMP (EUR)": null, "BDMP (%)": null, "BDS (EUR)": null, "BDS (%)": null, "TAC": null, "PA (EUR)": null, "D (EUR)": null, "TAC  C1": null, "PA C1 (EUR)": null, "D C1 (EUR)": null, "TAC C2": null, "PA C2 (EUR)": null, "D C2 (EUR)": null, "TAC  C3": null, "PA C3 (EUR)": null, "D C3 (EUR)": null, "TAC C4": null, "PA C4 (EUR)": null, "D C4 (EUR)": null, "TAC F": null, "PAF (EUR)": null, "DF (EUR)": null, "TAC A": null, "PAA (EUR)": null, "DA (EUR)": null, "TAC C": null, "PAC (EUR)": null, "DC (EUR)": null, "TAC MI": null, "PAMI (EUR)": null, "DMI (EUR)": null, " TAC MP": null, "PAMP (EUR)": null, "DMP (EUR)": null }, "geometry": null },
{ "type": "Feature", "properties": { "Année": 2027, "Mois": "Août", "UC": "UCR-B", "TAG": null, "NAP": null, "NAA": null, "NAC": null, "NAD": null, "TAR 1": null, "TAR 2": null, "TAR 1.1": null, "TAR 1.2": null, "TAR 2.1": null, "TAR 2.2": null, "TAA 1.1.1": null, "TAA 1.1.2": null, "TAA 1.1.3": null, "TAA 1.1.4": null, "TAA 1.2.1": null, "TAA 1.2.2": null, "TAA 1.2.3": null, "TAA 1.2.4": null, "TAA 2.1.1": null, "TAA 2.1.2": null, "TAA 2.1.3": null, "TAA 2.1.4": null, "TAA 2.2.1": null, "TAA 2.2.2": null, "TAA 2.2.3": null, "TAA 2.2.4": null, "DC": 3570353.05, "BT": 34500000, "TD": 0.10348849420289855, "BD 2024 (EUR)": 715524.94, "BD 2024 (%)": 0.020739853333333332, "BD 2025 (EUR)": 2758290.3, "BD 2025 (%)": 0.079950443478260858, "BD 2026 (EUR)": 96537.81, "BD 2026 (%)": 0.002798197391304348, "BD 2027 (EUR)": null, "BD 2027 (%)": null, "BD 2028 (EUR)": null, "BD 2028 (%)": null, "BD 2029 (EUR)": null, "BD 2029 (%)": null, "BD 2030 (EUR)": null, "BD 2030 (%)": null, "BD C1 (EUR)": null, "BD C1 (%)": null, "BD C2 (EUR)": null, "BD C2 (%)": null, "BD C3 (EUR)": null, "BD C3 (%)": null, "BD C4 (EUR)": null, "BD C4 (%)": null, "BDF (EUR)": null, "BDF (%)": null, "BDA (EUR)": null, "BDA (%)": null, "BDC (EUR)": null, "BDC (%)": null, "BDMI (EUR)": null, "BDMI (%)": null, "BDMP (EUR)": null, "BDMP (%)": null, "BDS (EUR)": null, "BDS (%)": null, "TAC": null, "PA (EUR)": null, "D (EUR)": null, "TAC  C1": null, "PA C1 (EUR)": null, "D C1 (EUR)": null, "TAC C2": null, "PA C2 (EUR)": null, "D C2 (EUR)": null, "TAC  C3": null, "PA C3 (EUR)": null, "D C3 (EUR)": null, "TAC C4": null, "PA C4 (EUR)": null, "D C4 (EUR)": null, "TAC F": null, "PAF (EUR)": null, "DF (EUR)": null, "TAC A": null, "PAA (EUR)": null, "DA (EUR)": null, "TAC C": null, "PAC (EUR)": null, "DC (EUR)": null, "TAC MI": null, "PAMI (EUR)": null, "DMI (EUR)": null, " TAC MP": null, "PAMP (EUR)": null, "DMP (EUR)": null }, "geometry": null },
{ "type": "Feature", "properties": { "Année": 2027, "Mois": "Septembre", "UC": "UCR-B", "TAG": null, "NAP": null, "NAA": null, "NAC": null, "NAD": null, "TAR 1": null, "TAR 2": null, "TAR 1.1": null, "TAR 1.2": null, "TAR 2.1": null, "TAR 2.2": null, "TAA 1.1.1": null, "TAA 1.1.2": null, "TAA 1.1.3": null, "TAA 1.1.4": null, "TAA 1.2.1": null, "TAA 1.2.2": null, "TAA 1.2.3": null, "TAA 1.2.4": null, "TAA 2.1.1": null, "TAA 2.1.2": null, "TAA 2.1.3": null, "TAA 2.1.4": null, "TAA 2.2.1": null, "TAA 2.2.2": null, "TAA 2.2.3": null, "TAA 2.2.4": null, "DC": 3570353.05, "BT": 34500000, "TD": 0.10348849420289855, "BD 2024 (EUR)": 715524.94, "BD 2024 (%)": 0.020739853333333332, "BD 2025 (EUR)": 2758290.3, "BD 2025 (%)": 0.079950443478260858, "BD 2026 (EUR)": 96537.81, "BD 2026 (%)": 0.002798197391304348, "BD 2027 (EUR)": null, "BD 2027 (%)": null, "BD 2028 (EUR)": null, "BD 2028 (%)": null, "BD 2029 (EUR)": null, "BD 2029 (%)": null, "BD 2030 (EUR)": null, "BD 2030 (%)": null, "BD C1 (EUR)": null, "BD C1 (%)": null, "BD C2 (EUR)": null, "BD C2 (%)": null, "BD C3 (EUR)": null, "BD C3 (%)": null, "BD C4 (EUR)": null, "BD C4 (%)": null, "BDF (EUR)": null, "BDF (%)": null, "BDA (EUR)": null, "BDA (%)": null, "BDC (EUR)": null, "BDC (%)": null, "BDMI (EUR)": null, "BDMI (%)": null, "BDMP (EUR)": null, "BDMP (%)": null, "BDS (EUR)": null, "BDS (%)": null, "TAC": null, "PA (EUR)": null, "D (EUR)": null, "TAC  C1": null, "PA C1 (EUR)": null, "D C1 (EUR)": null, "TAC C2": null, "PA C2 (EUR)": null, "D C2 (EUR)": null, "TAC  C3": null, "PA C3 (EUR)": null, "D C3 (EUR)": null, "TAC C4": null, "PA C4 (EUR)": null, "D C4 (EUR)": null, "TAC F": null, "PAF (EUR)": null, "DF (EUR)": null, "TAC A": null, "PAA (EUR)": null, "DA (EUR)": null, "TAC C": null, "PAC (EUR)": null, "DC (EUR)": null, "TAC MI": null, "PAMI (EUR)": null, "DMI (EUR)": null, " TAC MP": null, "PAMP (EUR)": null, "DMP (EUR)": null }, "geometry": null },
{ "type": "Feature", "properties": { "Année": 2027, "Mois": "Octobre", "UC": "UCR-B", "TAG": null, "NAP": null, "NAA": null, "NAC": null, "NAD": null, "TAR 1": null, "TAR 2": null, "TAR 1.1": null, "TAR 1.2": null, "TAR 2.1": null, "TAR 2.2": null, "TAA 1.1.1": null, "TAA 1.1.2": null, "TAA 1.1.3": null, "TAA 1.1.4": null, "TAA 1.2.1": null, "TAA 1.2.2": null, "TAA 1.2.3": null, "TAA 1.2.4": null, "TAA 2.1.1": null, "TAA 2.1.2": null, "TAA 2.1.3": null, "TAA 2.1.4": null, "TAA 2.2.1": null, "TAA 2.2.2": null, "TAA 2.2.3": null, "TAA 2.2.4": null, "DC": 3570353.05, "BT": 34500000, "TD": 0.10348849420289855, "BD 2024 (EUR)": 715524.94, "BD 2024 (%)": 0.020739853333333332, "BD 2025 (EUR)": 2758290.3, "BD 2025 (%)": 0.079950443478260858, "BD 2026 (EUR)": 96537.81, "BD 2026 (%)": 0.002798197391304348, "BD 2027 (EUR)": null, "BD 2027 (%)": null, "BD 2028 (EUR)": null, "BD 2028 (%)": null, "BD 2029 (EUR)": null, "BD 2029 (%)": null, "BD 2030 (EUR)": null, "BD 2030 (%)": null, "BD C1 (EUR)": null, "BD C1 (%)": null, "BD C2 (EUR)": null, "BD C2 (%)": null, "BD C3 (EUR)": null, "BD C3 (%)": null, "BD C4 (EUR)": null, "BD C4 (%)": null, "BDF (EUR)": null, "BDF (%)": null, "BDA (EUR)": null, "BDA (%)": null, "BDC (EUR)": null, "BDC (%)": null, "BDMI (EUR)": null, "BDMI (%)": null, "BDMP (EUR)": null, "BDMP (%)": null, "BDS (EUR)": null, "BDS (%)": null, "TAC": null, "PA (EUR)": null, "D (EUR)": null, "TAC  C1": null, "PA C1 (EUR)": null, "D C1 (EUR)": null, "TAC C2": null, "PA C2 (EUR)": null, "D C2 (EUR)": null, "TAC  C3": null, "PA C3 (EUR)": null, "D C3 (EUR)": null, "TAC C4": null, "PA C4 (EUR)": null, "D C4 (EUR)": null, "TAC F": null, "PAF (EUR)": null, "DF (EUR)": null, "TAC A": null, "PAA (EUR)": null, "DA (EUR)": null, "TAC C": null, "PAC (EUR)": null, "DC (EUR)": null, "TAC MI": null, "PAMI (EUR)": null, "DMI (EUR)": null, " TAC MP": null, "PAMP (EUR)": null, "DMP (EUR)": null }, "geometry": null },
{ "type": "Feature", "properties": { "Année": 2027, "Mois": "Novembre", "UC": "UCR-B", "TAG": null, "NAP": null, "NAA": null, "NAC": null, "NAD": null, "TAR 1": null, "TAR 2": null, "TAR 1.1": null, "TAR 1.2": null, "TAR 2.1": null, "TAR 2.2": null, "TAA 1.1.1": null, "TAA 1.1.2": null, "TAA 1.1.3": null, "TAA 1.1.4": null, "TAA 1.2.1": null, "TAA 1.2.2": null, "TAA 1.2.3": null, "TAA 1.2.4": null, "TAA 2.1.1": null, "TAA 2.1.2": null, "TAA 2.1.3": null, "TAA 2.1.4": null, "TAA 2.2.1": null, "TAA 2.2.2": null, "TAA 2.2.3": null, "TAA 2.2.4": null, "DC": 3570353.05, "BT": 34500000, "TD": 0.10348849420289855, "BD 2024 (EUR)": 715524.94, "BD 2024 (%)": 0.020739853333333332, "BD 2025 (EUR)": 2758290.3, "BD 2025 (%)": 0.079950443478260858, "BD 2026 (EUR)": 96537.81, "BD 2026 (%)": 0.002798197391304348, "BD 2027 (EUR)": null, "BD 2027 (%)": null, "BD 2028 (EUR)": null, "BD 2028 (%)": null, "BD 2029 (EUR)": null, "BD 2029 (%)": null, "BD 2030 (EUR)": null, "BD 2030 (%)": null, "BD C1 (EUR)": null, "BD C1 (%)": null, "BD C2 (EUR)": null, "BD C2 (%)": null, "BD C3 (EUR)": null, "BD C3 (%)": null, "BD C4 (EUR)": null, "BD C4 (%)": null, "BDF (EUR)": null, "BDF (%)": null, "BDA (EUR)": null, "BDA (%)": null, "BDC (EUR)": null, "BDC (%)": null, "BDMI (EUR)": null, "BDMI (%)": null, "BDMP (EUR)": null, "BDMP (%)": null, "BDS (EUR)": null, "BDS (%)": null, "TAC": null, "PA (EUR)": null, "D (EUR)": null, "TAC  C1": null, "PA C1 (EUR)": null, "D C1 (EUR)": null, "TAC C2": null, "PA C2 (EUR)": null, "D C2 (EUR)": null, "TAC  C3": null, "PA C3 (EUR)": null, "D C3 (EUR)": null, "TAC C4": null, "PA C4 (EUR)": null, "D C4 (EUR)": null, "TAC F": null, "PAF (EUR)": null, "DF (EUR)": null, "TAC A": null, "PAA (EUR)": null, "DA (EUR)": null, "TAC C": null, "PAC (EUR)": null, "DC (EUR)": null, "TAC MI": null, "PAMI (EUR)": null, "DMI (EUR)": null, " TAC MP": null, "PAMP (EUR)": null, "DMP (EUR)": null }, "geometry": null },
{ "type": "Feature", "properties": { "Année": 2027, "Mois": "Décembre", "UC": "UCR-B", "TAG": null, "NAP": null, "NAA": null, "NAC": null, "NAD": null, "TAR 1": null, "TAR 2": null, "TAR 1.1": null, "TAR 1.2": null, "TAR 2.1": null, "TAR 2.2": null, "TAA 1.1.1": null, "TAA 1.1.2": null, "TAA 1.1.3": null, "TAA 1.1.4": null, "TAA 1.2.1": null, "TAA 1.2.2": null, "TAA 1.2.3": null, "TAA 1.2.4": null, "TAA 2.1.1": null, "TAA 2.1.2": null, "TAA 2.1.3": null, "TAA 2.1.4": null, "TAA 2.2.1": null, "TAA 2.2.2": null, "TAA 2.2.3": null, "TAA 2.2.4": null, "DC": 3570353.05, "BT": 34500000, "TD": 0.10348849420289855, "BD 2024 (EUR)": 715524.94, "BD 2024 (%)": 0.020739853333333332, "BD 2025 (EUR)": 2758290.3, "BD 2025 (%)": 0.079950443478260858, "BD 2026 (EUR)": 96537.81, "BD 2026 (%)": 0.002798197391304348, "BD 2027 (EUR)": null, "BD 2027 (%)": null, "BD 2028 (EUR)": null, "BD 2028 (%)": null, "BD 2029 (EUR)": null, "BD 2029 (%)": null, "BD 2030 (EUR)": null, "BD 2030 (%)": null, "BD C1 (EUR)": null, "BD C1 (%)": null, "BD C2 (EUR)": null, "BD C2 (%)": null, "BD C3 (EUR)": null, "BD C3 (%)": null, "BD C4 (EUR)": null, "BD C4 (%)": null, "BDF (EUR)": null, "BDF (%)": null, "BDA (EUR)": null, "BDA (%)": null, "BDC (EUR)": null, "BDC (%)": null, "BDMI (EUR)": null, "BDMI (%)": null, "BDMP (EUR)": null, "BDMP (%)": null, "BDS (EUR)": null, "BDS (%)": null, "TAC": null, "PA (EUR)": null, "D (EUR)": null, "TAC  C1": null, "PA C1 (EUR)": null, "D C1 (EUR)": null, "TAC C2": null, "PA C2 (EUR)": null, "D C2 (EUR)": null, "TAC  C3": null, "PA C3 (EUR)": null, "D C3 (EUR)": null, "TAC C4": null, "PA C4 (EUR)": null, "D C4 (EUR)": null, "TAC F": null, "PAF (EUR)": null, "DF (EUR)": null, "TAC A": null, "PAA (EUR)": null, "DA (EUR)": null, "TAC C": null, "PAC (EUR)": null, "DC (EUR)": null, "TAC MI": null, "PAMI (EUR)": null, "DMI (EUR)": null, " TAC MP": null, "PAMP (EUR)": null, "DMP (EUR)": null }, "geometry": null },
{ "type": "Feature", "properties": { "Année": 2027, "Mois": "Janvier", "UC": "UCR-D", "TAG": null, "NAP": null, "NAA": null, "NAC": null, "NAD": null, "TAR 1": null, "TAR 2": null, "TAR 1.1": null, "TAR 1.2": null, "TAR 2.1": null, "TAR 2.2": null, "TAA 1.1.1": null, "TAA 1.1.2": null, "TAA 1.1.3": null, "TAA 1.1.4": null, "TAA 1.2.1": null, "TAA 1.2.2": null, "TAA 1.2.3": null, "TAA 1.2.4": null, "TAA 2.1.1": null, "TAA 2.1.2": null, "TAA 2.1.3": null, "TAA 2.1.4": null, "TAA 2.2.1": null, "TAA 2.2.2": null, "TAA 2.2.3": null, "TAA 2.2.4": null, "DC": 3570353.05, "BT": 34500000, "TD": 0.10348849420289855, "BD 2024 (EUR)": 715524.94, "BD 2024 (%)": 0.020739853333333332, "BD 2025 (EUR)": 2758290.3, "BD 2025 (%)": 0.079950443478260858, "BD 2026 (EUR)": 96537.81, "BD 2026 (%)": 0.002798197391304348, "BD 2027 (EUR)": null, "BD 2027 (%)": null, "BD 2028 (EUR)": null, "BD 2028 (%)": null, "BD 2029 (EUR)": null, "BD 2029 (%)": null, "BD 2030 (EUR)": null, "BD 2030 (%)": null, "BD C1 (EUR)": null, "BD C1 (%)": null, "BD C2 (EUR)": null, "BD C2 (%)": null, "BD C3 (EUR)": null, "BD C3 (%)": null, "BD C4 (EUR)": null, "BD C4 (%)": null, "BDF (EUR)": null, "BDF (%)": null, "BDA (EUR)": null, "BDA (%)": null, "BDC (EUR)": null, "BDC (%)": null, "BDMI (EUR)": null, "BDMI (%)": null, "BDMP (EUR)": null, "BDMP (%)": null, "BDS (EUR)": null, "BDS (%)": null, "TAC": null, "PA (EUR)": null, "D (EUR)": null, "TAC  C1": null, "PA C1 (EUR)": null, "D C1 (EUR)": null, "TAC C2": null, "PA C2 (EUR)": null, "D C2 (EUR)": null, "TAC  C3": null, "PA C3 (EUR)": null, "D C3 (EUR)": null, "TAC C4": null, "PA C4 (EUR)": null, "D C4 (EUR)": null, "TAC F": null, "PAF (EUR)": null, "DF (EUR)": null, "TAC A": null, "PAA (EUR)": null, "DA (EUR)": null, "TAC C": null, "PAC (EUR)": null, "DC (EUR)": null, "TAC MI": null, "PAMI (EUR)": null, "DMI (EUR)": null, " TAC MP": null, "PAMP (EUR)": null, "DMP (EUR)": null }, "geometry": null },
{ "type": "Feature", "properties": { "Année": 2027, "Mois": "Février", "UC": "UCR-D", "TAG": null, "NAP": null, "NAA": null, "NAC": null, "NAD": null, "TAR 1": null, "TAR 2": null, "TAR 1.1": null, "TAR 1.2": null, "TAR 2.1": null, "TAR 2.2": null, "TAA 1.1.1": null, "TAA 1.1.2": null, "TAA 1.1.3": null, "TAA 1.1.4": null, "TAA 1.2.1": null, "TAA 1.2.2": null, "TAA 1.2.3": null, "TAA 1.2.4": null, "TAA 2.1.1": null, "TAA 2.1.2": null, "TAA 2.1.3": null, "TAA 2.1.4": null, "TAA 2.2.1": null, "TAA 2.2.2": null, "TAA 2.2.3": null, "TAA 2.2.4": null, "DC": 3570353.05, "BT": 34500000, "TD": 0.10348849420289855, "BD 2024 (EUR)": 715524.94, "BD 2024 (%)": 0.020739853333333332, "BD 2025 (EUR)": 2758290.3, "BD 2025 (%)": 0.079950443478260858, "BD 2026 (EUR)": 96537.81, "BD 2026 (%)": 0.002798197391304348, "BD 2027 (EUR)": null, "BD 2027 (%)": null, "BD 2028 (EUR)": null, "BD 2028 (%)": null, "BD 2029 (EUR)": null, "BD 2029 (%)": null, "BD 2030 (EUR)": null, "BD 2030 (%)": null, "BD C1 (EUR)": null, "BD C1 (%)": null, "BD C2 (EUR)": null, "BD C2 (%)": null, "BD C3 (EUR)": null, "BD C3 (%)": null, "BD C4 (EUR)": null, "BD C4 (%)": null, "BDF (EUR)": null, "BDF (%)": null, "BDA (EUR)": null, "BDA (%)": null, "BDC (EUR)": null, "BDC (%)": null, "BDMI (EUR)": null, "BDMI (%)": null, "BDMP (EUR)": null, "BDMP (%)": null, "BDS (EUR)": null, "BDS (%)": null, "TAC": null, "PA (EUR)": null, "D (EUR)": null, "TAC  C1": null, "PA C1 (EUR)": null, "D C1 (EUR)": null, "TAC C2": null, "PA C2 (EUR)": null, "D C2 (EUR)": null, "TAC  C3": null, "PA C3 (EUR)": null, "D C3 (EUR)": null, "TAC C4": null, "PA C4 (EUR)": null, "D C4 (EUR)": null, "TAC F": null, "PAF (EUR)": null, "DF (EUR)": null, "TAC A": null, "PAA (EUR)": null, "DA (EUR)": null, "TAC C": null, "PAC (EUR)": null, "DC (EUR)": null, "TAC MI": null, "PAMI (EUR)": null, "DMI (EUR)": null, " TAC MP": null, "PAMP (EUR)": null, "DMP (EUR)": null }, "geometry": null },
{ "type": "Feature", "properties": { "Année": 2027, "Mois": "Mars", "UC": "UCR-D", "TAG": null, "NAP": null, "NAA": null, "NAC": null, "NAD": null, "TAR 1": null, "TAR 2": null, "TAR 1.1": null, "TAR 1.2": null, "TAR 2.1": null, "TAR 2.2": null, "TAA 1.1.1": null, "TAA 1.1.2": null, "TAA 1.1.3": null, "TAA 1.1.4": null, "TAA 1.2.1": null, "TAA 1.2.2": null, "TAA 1.2.3": null, "TAA 1.2.4": null, "TAA 2.1.1": null, "TAA 2.1.2": null, "TAA 2.1.3": null, "TAA 2.1.4": null, "TAA 2.2.1": null, "TAA 2.2.2": null, "TAA 2.2.3": null, "TAA 2.2.4": null, "DC": 3570353.05, "BT": 34500000, "TD": 0.10348849420289855, "BD 2024 (EUR)": 715524.94, "BD 2024 (%)": 0.020739853333333332, "BD 2025 (EUR)": 2758290.3, "BD 2025 (%)": 0.079950443478260858, "BD 2026 (EUR)": 96537.81, "BD 2026 (%)": 0.002798197391304348, "BD 2027 (EUR)": null, "BD 2027 (%)": null, "BD 2028 (EUR)": null, "BD 2028 (%)": null, "BD 2029 (EUR)": null, "BD 2029 (%)": null, "BD 2030 (EUR)": null, "BD 2030 (%)": null, "BD C1 (EUR)": null, "BD C1 (%)": null, "BD C2 (EUR)": null, "BD C2 (%)": null, "BD C3 (EUR)": null, "BD C3 (%)": null, "BD C4 (EUR)": null, "BD C4 (%)": null, "BDF (EUR)": null, "BDF (%)": null, "BDA (EUR)": null, "BDA (%)": null, "BDC (EUR)": null, "BDC (%)": null, "BDMI (EUR)": null, "BDMI (%)": null, "BDMP (EUR)": null, "BDMP (%)": null, "BDS (EUR)": null, "BDS (%)": null, "TAC": null, "PA (EUR)": null, "D (EUR)": null, "TAC  C1": null, "PA C1 (EUR)": null, "D C1 (EUR)": null, "TAC C2": null, "PA C2 (EUR)": null, "D C2 (EUR)": null, "TAC  C3": null, "PA C3 (EUR)": null, "D C3 (EUR)": null, "TAC C4": null, "PA C4 (EUR)": null, "D C4 (EUR)": null, "TAC F": null, "PAF (EUR)": null, "DF (EUR)": null, "TAC A": null, "PAA (EUR)": null, "DA (EUR)": null, "TAC C": null, "PAC (EUR)": null, "DC (EUR)": null, "TAC MI": null, "PAMI (EUR)": null, "DMI (EUR)": null, " TAC MP": null, "PAMP (EUR)": null, "DMP (EUR)": null }, "geometry": null },
{ "type": "Feature", "properties": { "Année": 2027, "Mois": "Avril", "UC": "UCR-D", "TAG": null, "NAP": null, "NAA": null, "NAC": null, "NAD": null, "TAR 1": null, "TAR 2": null, "TAR 1.1": null, "TAR 1.2": null, "TAR 2.1": null, "TAR 2.2": null, "TAA 1.1.1": null, "TAA 1.1.2": null, "TAA 1.1.3": null, "TAA 1.1.4": null, "TAA 1.2.1": null, "TAA 1.2.2": null, "TAA 1.2.3": null, "TAA 1.2.4": null, "TAA 2.1.1": null, "TAA 2.1.2": null, "TAA 2.1.3": null, "TAA 2.1.4": null, "TAA 2.2.1": null, "TAA 2.2.2": null, "TAA 2.2.3": null, "TAA 2.2.4": null, "DC": 3570353.05, "BT": 34500000, "TD": 0.10348849420289855, "BD 2024 (EUR)": 715524.94, "BD 2024 (%)": 0.020739853333333332, "BD 2025 (EUR)": 2758290.3, "BD 2025 (%)": 0.079950443478260858, "BD 2026 (EUR)": 96537.81, "BD 2026 (%)": 0.002798197391304348, "BD 2027 (EUR)": null, "BD 2027 (%)": null, "BD 2028 (EUR)": null, "BD 2028 (%)": null, "BD 2029 (EUR)": null, "BD 2029 (%)": null, "BD 2030 (EUR)": null, "BD 2030 (%)": null, "BD C1 (EUR)": null, "BD C1 (%)": null, "BD C2 (EUR)": null, "BD C2 (%)": null, "BD C3 (EUR)": null, "BD C3 (%)": null, "BD C4 (EUR)": null, "BD C4 (%)": null, "BDF (EUR)": null, "BDF (%)": null, "BDA (EUR)": null, "BDA (%)": null, "BDC (EUR)": null, "BDC (%)": null, "BDMI (EUR)": null, "BDMI (%)": null, "BDMP (EUR)": null, "BDMP (%)": null, "BDS (EUR)": null, "BDS (%)": null, "TAC": null, "PA (EUR)": null, "D (EUR)": null, "TAC  C1": null, "PA C1 (EUR)": null, "D C1 (EUR)": null, "TAC C2": null, "PA C2 (EUR)": null, "D C2 (EUR)": null, "TAC  C3": null, "PA C3 (EUR)": null, "D C3 (EUR)": null, "TAC C4": null, "PA C4 (EUR)": null, "D C4 (EUR)": null, "TAC F": null, "PAF (EUR)": null, "DF (EUR)": null, "TAC A": null, "PAA (EUR)": null, "DA (EUR)": null, "TAC C": null, "PAC (EUR)": null, "DC (EUR)": null, "TAC MI": null, "PAMI (EUR)": null, "DMI (EUR)": null, " TAC MP": null, "PAMP (EUR)": null, "DMP (EUR)": null }, "geometry": null },
{ "type": "Feature", "properties": { "Année": 2027, "Mois": "Mai", "UC": "UCR-D", "TAG": null, "NAP": null, "NAA": null, "NAC": null, "NAD": null, "TAR 1": null, "TAR 2": null, "TAR 1.1": null, "TAR 1.2": null, "TAR 2.1": null, "TAR 2.2": null, "TAA 1.1.1": null, "TAA 1.1.2": null, "TAA 1.1.3": null, "TAA 1.1.4": null, "TAA 1.2.1": null, "TAA 1.2.2": null, "TAA 1.2.3": null, "TAA 1.2.4": null, "TAA 2.1.1": null, "TAA 2.1.2": null, "TAA 2.1.3": null, "TAA 2.1.4": null, "TAA 2.2.1": null, "TAA 2.2.2": null, "TAA 2.2.3": null, "TAA 2.2.4": null, "DC": 3570353.05, "BT": 34500000, "TD": 0.10348849420289855, "BD 2024 (EUR)": 715524.94, "BD 2024 (%)": 0.020739853333333332, "BD 2025 (EUR)": 2758290.3, "BD 2025 (%)": 0.079950443478260858, "BD 2026 (EUR)": 96537.81, "BD 2026 (%)": 0.002798197391304348, "BD 2027 (EUR)": null, "BD 2027 (%)": null, "BD 2028 (EUR)": null, "BD 2028 (%)": null, "BD 2029 (EUR)": null, "BD 2029 (%)": null, "BD 2030 (EUR)": null, "BD 2030 (%)": null, "BD C1 (EUR)": null, "BD C1 (%)": null, "BD C2 (EUR)": null, "BD C2 (%)": null, "BD C3 (EUR)": null, "BD C3 (%)": null, "BD C4 (EUR)": null, "BD C4 (%)": null, "BDF (EUR)": null, "BDF (%)": null, "BDA (EUR)": null, "BDA (%)": null, "BDC (EUR)": null, "BDC (%)": null, "BDMI (EUR)": null, "BDMI (%)": null, "BDMP (EUR)": null, "BDMP (%)": null, "BDS (EUR)": null, "BDS (%)": null, "TAC": null, "PA (EUR)": null, "D (EUR)": null, "TAC  C1": null, "PA C1 (EUR)": null, "D C1 (EUR)": null, "TAC C2": null, "PA C2 (EUR)": null, "D C2 (EUR)": null, "TAC  C3": null, "PA C3 (EUR)": null, "D C3 (EUR)": null, "TAC C4": null, "PA C4 (EUR)": null, "D C4 (EUR)": null, "TAC F": null, "PAF (EUR)": null, "DF (EUR)": null, "TAC A": null, "PAA (EUR)": null, "DA (EUR)": null, "TAC C": null, "PAC (EUR)": null, "DC (EUR)": null, "TAC MI": null, "PAMI (EUR)": null, "DMI (EUR)": null, " TAC MP": null, "PAMP (EUR)": null, "DMP (EUR)": null }, "geometry": null },
{ "type": "Feature", "properties": { "Année": 2027, "Mois": "Juin", "UC": "UCR-D", "TAG": null, "NAP": null, "NAA": null, "NAC": null, "NAD": null, "TAR 1": null, "TAR 2": null, "TAR 1.1": null, "TAR 1.2": null, "TAR 2.1": null, "TAR 2.2": null, "TAA 1.1.1": null, "TAA 1.1.2": null, "TAA 1.1.3": null, "TAA 1.1.4": null, "TAA 1.2.1": null, "TAA 1.2.2": null, "TAA 1.2.3": null, "TAA 1.2.4": null, "TAA 2.1.1": null, "TAA 2.1.2": null, "TAA 2.1.3": null, "TAA 2.1.4": null, "TAA 2.2.1": null, "TAA 2.2.2": null, "TAA 2.2.3": null, "TAA 2.2.4": null, "DC": 3570353.05, "BT": 34500000, "TD": 0.10348849420289855, "BD 2024 (EUR)": 715524.94, "BD 2024 (%)": 0.020739853333333332, "BD 2025 (EUR)": 2758290.3, "BD 2025 (%)": 0.079950443478260858, "BD 2026 (EUR)": 96537.81, "BD 2026 (%)": 0.002798197391304348, "BD 2027 (EUR)": null, "BD 2027 (%)": null, "BD 2028 (EUR)": null, "BD 2028 (%)": null, "BD 2029 (EUR)": null, "BD 2029 (%)": null, "BD 2030 (EUR)": null, "BD 2030 (%)": null, "BD C1 (EUR)": null, "BD C1 (%)": null, "BD C2 (EUR)": null, "BD C2 (%)": null, "BD C3 (EUR)": null, "BD C3 (%)": null, "BD C4 (EUR)": null, "BD C4 (%)": null, "BDF (EUR)": null, "BDF (%)": null, "BDA (EUR)": null, "BDA (%)": null, "BDC (EUR)": null, "BDC (%)": null, "BDMI (EUR)": null, "BDMI (%)": null, "BDMP (EUR)": null, "BDMP (%)": null, "BDS (EUR)": null, "BDS (%)": null, "TAC": null, "PA (EUR)": null, "D (EUR)": null, "TAC  C1": null, "PA C1 (EUR)": null, "D C1 (EUR)": null, "TAC C2": null, "PA C2 (EUR)": null, "D C2 (EUR)": null, "TAC  C3": null, "PA C3 (EUR)": null, "D C3 (EUR)": null, "TAC C4": null, "PA C4 (EUR)": null, "D C4 (EUR)": null, "TAC F": null, "PAF (EUR)": null, "DF (EUR)": null, "TAC A": null, "PAA (EUR)": null, "DA (EUR)": null, "TAC C": null, "PAC (EUR)": null, "DC (EUR)": null, "TAC MI": null, "PAMI (EUR)": null, "DMI (EUR)": null, " TAC MP": null, "PAMP (EUR)": null, "DMP (EUR)": null }, "geometry": null },
{ "type": "Feature", "properties": { "Année": 2027, "Mois": "Juillet", "UC": "UCR-D", "TAG": null, "NAP": null, "NAA": null, "NAC": null, "NAD": null, "TAR 1": null, "TAR 2": null, "TAR 1.1": null, "TAR 1.2": null, "TAR 2.1": null, "TAR 2.2": null, "TAA 1.1.1": null, "TAA 1.1.2": null, "TAA 1.1.3": null, "TAA 1.1.4": null, "TAA 1.2.1": null, "TAA 1.2.2": null, "TAA 1.2.3": null, "TAA 1.2.4": null, "TAA 2.1.1": null, "TAA 2.1.2": null, "TAA 2.1.3": null, "TAA 2.1.4": null, "TAA 2.2.1": null, "TAA 2.2.2": null, "TAA 2.2.3": null, "TAA 2.2.4": null, "DC": 3570353.05, "BT": 34500000, "TD": 0.10348849420289855, "BD 2024 (EUR)": 715524.94, "BD 2024 (%)": 0.020739853333333332, "BD 2025 (EUR)": 2758290.3, "BD 2025 (%)": 0.079950443478260858, "BD 2026 (EUR)": 96537.81, "BD 2026 (%)": 0.002798197391304348, "BD 2027 (EUR)": null, "BD 2027 (%)": null, "BD 2028 (EUR)": null, "BD 2028 (%)": null, "BD 2029 (EUR)": null, "BD 2029 (%)": null, "BD 2030 (EUR)": null, "BD 2030 (%)": null, "BD C1 (EUR)": null, "BD C1 (%)": null, "BD C2 (EUR)": null, "BD C2 (%)": null, "BD C3 (EUR)": null, "BD C3 (%)": null, "BD C4 (EUR)": null, "BD C4 (%)": null, "BDF (EUR)": null, "BDF (%)": null, "BDA (EUR)": null, "BDA (%)": null, "BDC (EUR)": null, "BDC (%)": null, "BDMI (EUR)": null, "BDMI (%)": null, "BDMP (EUR)": null, "BDMP (%)": null, "BDS (EUR)": null, "BDS (%)": null, "TAC": null, "PA (EUR)": null, "D (EUR)": null, "TAC  C1": null, "PA C1 (EUR)": null, "D C1 (EUR)": null, "TAC C2": null, "PA C2 (EUR)": null, "D C2 (EUR)": null, "TAC  C3": null, "PA C3 (EUR)": null, "D C3 (EUR)": null, "TAC C4": null, "PA C4 (EUR)": null, "D C4 (EUR)": null, "TAC F": null, "PAF (EUR)": null, "DF (EUR)": null, "TAC A": null, "PAA (EUR)": null, "DA (EUR)": null, "TAC C": null, "PAC (EUR)": null, "DC (EUR)": null, "TAC MI": null, "PAMI (EUR)": null, "DMI (EUR)": null, " TAC MP": null, "PAMP (EUR)": null, "DMP (EUR)": null }, "geometry": null },
{ "type": "Feature", "properties": { "Année": 2027, "Mois": "Août", "UC": "UCR-D", "TAG": null, "NAP": null, "NAA": null, "NAC": null, "NAD": null, "TAR 1": null, "TAR 2": null, "TAR 1.1": null, "TAR 1.2": null, "TAR 2.1": null, "TAR 2.2": null, "TAA 1.1.1": null, "TAA 1.1.2": null, "TAA 1.1.3": null, "TAA 1.1.4": null, "TAA 1.2.1": null, "TAA 1.2.2": null, "TAA 1.2.3": null, "TAA 1.2.4": null, "TAA 2.1.1": null, "TAA 2.1.2": null, "TAA 2.1.3": null, "TAA 2.1.4": null, "TAA 2.2.1": null, "TAA 2.2.2": null, "TAA 2.2.3": null, "TAA 2.2.4": null, "DC": 3570353.05, "BT": 34500000, "TD": 0.10348849420289855, "BD 2024 (EUR)": 715524.94, "BD 2024 (%)": 0.020739853333333332, "BD 2025 (EUR)": 2758290.3, "BD 2025 (%)": 0.079950443478260858, "BD 2026 (EUR)": 96537.81, "BD 2026 (%)": 0.002798197391304348, "BD 2027 (EUR)": null, "BD 2027 (%)": null, "BD 2028 (EUR)": null, "BD 2028 (%)": null, "BD 2029 (EUR)": null, "BD 2029 (%)": null, "BD 2030 (EUR)": null, "BD 2030 (%)": null, "BD C1 (EUR)": null, "BD C1 (%)": null, "BD C2 (EUR)": null, "BD C2 (%)": null, "BD C3 (EUR)": null, "BD C3 (%)": null, "BD C4 (EUR)": null, "BD C4 (%)": null, "BDF (EUR)": null, "BDF (%)": null, "BDA (EUR)": null, "BDA (%)": null, "BDC (EUR)": null, "BDC (%)": null, "BDMI (EUR)": null, "BDMI (%)": null, "BDMP (EUR)": null, "BDMP (%)": null, "BDS (EUR)": null, "BDS (%)": null, "TAC": null, "PA (EUR)": null, "D (EUR)": null, "TAC  C1": null, "PA C1 (EUR)": null, "D C1 (EUR)": null, "TAC C2": null, "PA C2 (EUR)": null, "D C2 (EUR)": null, "TAC  C3": null, "PA C3 (EUR)": null, "D C3 (EUR)": null, "TAC C4": null, "PA C4 (EUR)": null, "D C4 (EUR)": null, "TAC F": null, "PAF (EUR)": null, "DF (EUR)": null, "TAC A": null, "PAA (EUR)": null, "DA (EUR)": null, "TAC C": null, "PAC (EUR)": null, "DC (EUR)": null, "TAC MI": null, "PAMI (EUR)": null, "DMI (EUR)": null, " TAC MP": null, "PAMP (EUR)": null, "DMP (EUR)": null }, "geometry": null },
{ "type": "Feature", "properties": { "Année": 2027, "Mois": "Septembre", "UC": "UCR-D", "TAG": null, "NAP": null, "NAA": null, "NAC": null, "NAD": null, "TAR 1": null, "TAR 2": null, "TAR 1.1": null, "TAR 1.2": null, "TAR 2.1": null, "TAR 2.2": null, "TAA 1.1.1": null, "TAA 1.1.2": null, "TAA 1.1.3": null, "TAA 1.1.4": null, "TAA 1.2.1": null, "TAA 1.2.2": null, "TAA 1.2.3": null, "TAA 1.2.4": null, "TAA 2.1.1": null, "TAA 2.1.2": null, "TAA 2.1.3": null, "TAA 2.1.4": null, "TAA 2.2.1": null, "TAA 2.2.2": null, "TAA 2.2.3": null, "TAA 2.2.4": null, "DC": 3570353.05, "BT": 34500000, "TD": 0.10348849420289855, "BD 2024 (EUR)": 715524.94, "BD 2024 (%)": 0.020739853333333332, "BD 2025 (EUR)": 2758290.3, "BD 2025 (%)": 0.079950443478260858, "BD 2026 (EUR)": 96537.81, "BD 2026 (%)": 0.002798197391304348, "BD 2027 (EUR)": null, "BD 2027 (%)": null, "BD 2028 (EUR)": null, "BD 2028 (%)": null, "BD 2029 (EUR)": null, "BD 2029 (%)": null, "BD 2030 (EUR)": null, "BD 2030 (%)": null, "BD C1 (EUR)": null, "BD C1 (%)": null, "BD C2 (EUR)": null, "BD C2 (%)": null, "BD C3 (EUR)": null, "BD C3 (%)": null, "BD C4 (EUR)": null, "BD C4 (%)": null, "BDF (EUR)": null, "BDF (%)": null, "BDA (EUR)": null, "BDA (%)": null, "BDC (EUR)": null, "BDC (%)": null, "BDMI (EUR)": null, "BDMI (%)": null, "BDMP (EUR)": null, "BDMP (%)": null, "BDS (EUR)": null, "BDS (%)": null, "TAC": null, "PA (EUR)": null, "D (EUR)": null, "TAC  C1": null, "PA C1 (EUR)": null, "D C1 (EUR)": null, "TAC C2": null, "PA C2 (EUR)": null, "D C2 (EUR)": null, "TAC  C3": null, "PA C3 (EUR)": null, "D C3 (EUR)": null, "TAC C4": null, "PA C4 (EUR)": null, "D C4 (EUR)": null, "TAC F": null, "PAF (EUR)": null, "DF (EUR)": null, "TAC A": null, "PAA (EUR)": null, "DA (EUR)": null, "TAC C": null, "PAC (EUR)": null, "DC (EUR)": null, "TAC MI": null, "PAMI (EUR)": null, "DMI (EUR)": null, " TAC MP": null, "PAMP (EUR)": null, "DMP (EUR)": null }, "geometry": null },
{ "type": "Feature", "properties": { "Année": 2027, "Mois": "Octobre", "UC": "UCR-D", "TAG": null, "NAP": null, "NAA": null, "NAC": null, "NAD": null, "TAR 1": null, "TAR 2": null, "TAR 1.1": null, "TAR 1.2": null, "TAR 2.1": null, "TAR 2.2": null, "TAA 1.1.1": null, "TAA 1.1.2": null, "TAA 1.1.3": null, "TAA 1.1.4": null, "TAA 1.2.1": null, "TAA 1.2.2": null, "TAA 1.2.3": null, "TAA 1.2.4": null, "TAA 2.1.1": null, "TAA 2.1.2": null, "TAA 2.1.3": null, "TAA 2.1.4": null, "TAA 2.2.1": null, "TAA 2.2.2": null, "TAA 2.2.3": null, "TAA 2.2.4": null, "DC": 3570353.05, "BT": 34500000, "TD": 0.10348849420289855, "BD 2024 (EUR)": 715524.94, "BD 2024 (%)": 0.020739853333333332, "BD 2025 (EUR)": 2758290.3, "BD 2025 (%)": 0.079950443478260858, "BD 2026 (EUR)": 96537.81, "BD 2026 (%)": 0.002798197391304348, "BD 2027 (EUR)": null, "BD 2027 (%)": null, "BD 2028 (EUR)": null, "BD 2028 (%)": null, "BD 2029 (EUR)": null, "BD 2029 (%)": null, "BD 2030 (EUR)": null, "BD 2030 (%)": null, "BD C1 (EUR)": null, "BD C1 (%)": null, "BD C2 (EUR)": null, "BD C2 (%)": null, "BD C3 (EUR)": null, "BD C3 (%)": null, "BD C4 (EUR)": null, "BD C4 (%)": null, "BDF (EUR)": null, "BDF (%)": null, "BDA (EUR)": null, "BDA (%)": null, "BDC (EUR)": null, "BDC (%)": null, "BDMI (EUR)": null, "BDMI (%)": null, "BDMP (EUR)": null, "BDMP (%)": null, "BDS (EUR)": null, "BDS (%)": null, "TAC": null, "PA (EUR)": null, "D (EUR)": null, "TAC  C1": null, "PA C1 (EUR)": null, "D C1 (EUR)": null, "TAC C2": null, "PA C2 (EUR)": null, "D C2 (EUR)": null, "TAC  C3": null, "PA C3 (EUR)": null, "D C3 (EUR)": null, "TAC C4": null, "PA C4 (EUR)": null, "D C4 (EUR)": null, "TAC F": null, "PAF (EUR)": null, "DF (EUR)": null, "TAC A": null, "PAA (EUR)": null, "DA (EUR)": null, "TAC C": null, "PAC (EUR)": null, "DC (EUR)": null, "TAC MI": null, "PAMI (EUR)": null, "DMI (EUR)": null, " TAC MP": null, "PAMP (EUR)": null, "DMP (EUR)": null }, "geometry": null },
{ "type": "Feature", "properties": { "Année": 2027, "Mois": "Novembre", "UC": "UCR-D", "TAG": null, "NAP": null, "NAA": null, "NAC": null, "NAD": null, "TAR 1": null, "TAR 2": null, "TAR 1.1": null, "TAR 1.2": null, "TAR 2.1": null, "TAR 2.2": null, "TAA 1.1.1": null, "TAA 1.1.2": null, "TAA 1.1.3": null, "TAA 1.1.4": null, "TAA 1.2.1": null, "TAA 1.2.2": null, "TAA 1.2.3": null, "TAA 1.2.4": null, "TAA 2.1.1": null, "TAA 2.1.2": null, "TAA 2.1.3": null, "TAA 2.1.4": null, "TAA 2.2.1": null, "TAA 2.2.2": null, "TAA 2.2.3": null, "TAA 2.2.4": null, "DC": 3570353.05, "BT": 34500000, "TD": 0.10348849420289855, "BD 2024 (EUR)": 715524.94, "BD 2024 (%)": 0.020739853333333332, "BD 2025 (EUR)": 2758290.3, "BD 2025 (%)": 0.079950443478260858, "BD 2026 (EUR)": 96537.81, "BD 2026 (%)": 0.002798197391304348, "BD 2027 (EUR)": null, "BD 2027 (%)": null, "BD 2028 (EUR)": null, "BD 2028 (%)": null, "BD 2029 (EUR)": null, "BD 2029 (%)": null, "BD 2030 (EUR)": null, "BD 2030 (%)": null, "BD C1 (EUR)": null, "BD C1 (%)": null, "BD C2 (EUR)": null, "BD C2 (%)": null, "BD C3 (EUR)": null, "BD C3 (%)": null, "BD C4 (EUR)": null, "BD C4 (%)": null, "BDF (EUR)": null, "BDF (%)": null, "BDA (EUR)": null, "BDA (%)": null, "BDC (EUR)": null, "BDC (%)": null, "BDMI (EUR)": null, "BDMI (%)": null, "BDMP (EUR)": null, "BDMP (%)": null, "BDS (EUR)": null, "BDS (%)": null, "TAC": null, "PA (EUR)": null, "D (EUR)": null, "TAC  C1": null, "PA C1 (EUR)": null, "D C1 (EUR)": null, "TAC C2": null, "PA C2 (EUR)": null, "D C2 (EUR)": null, "TAC  C3": null, "PA C3 (EUR)": null, "D C3 (EUR)": null, "TAC C4": null, "PA C4 (EUR)": null, "D C4 (EUR)": null, "TAC F": null, "PAF (EUR)": null, "DF (EUR)": null, "TAC A": null, "PAA (EUR)": null, "DA (EUR)": null, "TAC C": null, "PAC (EUR)": null, "DC (EUR)": null, "TAC MI": null, "PAMI (EUR)": null, "DMI (EUR)": null, " TAC MP": null, "PAMP (EUR)": null, "DMP (EUR)": null }, "geometry": null },
{ "type": "Feature", "properties": { "Année": 2027, "Mois": "Décembre", "UC": "UCR-D", "TAG": null, "NAP": null, "NAA": null, "NAC": null, "NAD": null, "TAR 1": null, "TAR 2": null, "TAR 1.1": null, "TAR 1.2": null, "TAR 2.1": null, "TAR 2.2": null, "TAA 1.1.1": null, "TAA 1.1.2": null, "TAA 1.1.3": null, "TAA 1.1.4": null, "TAA 1.2.1": null, "TAA 1.2.2": null, "TAA 1.2.3": null, "TAA 1.2.4": null, "TAA 2.1.1": null, "TAA 2.1.2": null, "TAA 2.1.3": null, "TAA 2.1.4": null, "TAA 2.2.1": null, "TAA 2.2.2": null, "TAA 2.2.3": null, "TAA 2.2.4": null, "DC": 3570353.05, "BT": 34500000, "TD": 0.10348849420289855, "BD 2024 (EUR)": 715524.94, "BD 2024 (%)": 0.020739853333333332, "BD 2025 (EUR)": 2758290.3, "BD 2025 (%)": 0.079950443478260858, "BD 2026 (EUR)": 96537.81, "BD 2026 (%)": 0.002798197391304348, "BD 2027 (EUR)": null, "BD 2027 (%)": null, "BD 2028 (EUR)": null, "BD 2028 (%)": null, "BD 2029 (EUR)": null, "BD 2029 (%)": null, "BD 2030 (EUR)": null, "BD 2030 (%)": null, "BD C1 (EUR)": null, "BD C1 (%)": null, "BD C2 (EUR)": null, "BD C2 (%)": null, "BD C3 (EUR)": null, "BD C3 (%)": null, "BD C4 (EUR)": null, "BD C4 (%)": null, "BDF (EUR)": null, "BDF (%)": null, "BDA (EUR)": null, "BDA (%)": null, "BDC (EUR)": null, "BDC (%)": null, "BDMI (EUR)": null, "BDMI (%)": null, "BDMP (EUR)": null, "BDMP (%)": null, "BDS (EUR)": null, "BDS (%)": null, "TAC": null, "PA (EUR)": null, "D (EUR)": null, "TAC  C1": null, "PA C1 (EUR)": null, "D C1 (EUR)": null, "TAC C2": null, "PA C2 (EUR)": null, "D C2 (EUR)": null, "TAC  C3": null, "PA C3 (EUR)": null, "D C3 (EUR)": null, "TAC C4": null, "PA C4 (EUR)": null, "D C4 (EUR)": null, "TAC F": null, "PAF (EUR)": null, "DF (EUR)": null, "TAC A": null, "PAA (EUR)": null, "DA (EUR)": null, "TAC C": null, "PAC (EUR)": null, "DC (EUR)": null, "TAC MI": null, "PAMI (EUR)": null, "DMI (EUR)": null, " TAC MP": null, "PAMP (EUR)": null, "DMP (EUR)": null }, "geometry": null },
{ "type": "Feature", "properties": { "Année": 2027, "Mois": "Janvier", "UC": "UCR-A", "TAG": null, "NAP": null, "NAA": null, "NAC": null, "NAD": null, "TAR 1": null, "TAR 2": null, "TAR 1.1": null, "TAR 1.2": null, "TAR 2.1": null, "TAR 2.2": null, "TAA 1.1.1": null, "TAA 1.1.2": null, "TAA 1.1.3": null, "TAA 1.1.4": null, "TAA 1.2.1": null, "TAA 1.2.2": null, "TAA 1.2.3": null, "TAA 1.2.4": null, "TAA 2.1.1": null, "TAA 2.1.2": null, "TAA 2.1.3": null, "TAA 2.1.4": null, "TAA 2.2.1": null, "TAA 2.2.2": null, "TAA 2.2.3": null, "TAA 2.2.4": null, "DC": 3570353.05, "BT": 34500000, "TD": 0.10348849420289855, "BD 2024 (EUR)": 715524.94, "BD 2024 (%)": 0.020739853333333332, "BD 2025 (EUR)": 2758290.3, "BD 2025 (%)": 0.079950443478260858, "BD 2026 (EUR)": 96537.81, "BD 2026 (%)": 0.002798197391304348, "BD 2027 (EUR)": null, "BD 2027 (%)": null, "BD 2028 (EUR)": null, "BD 2028 (%)": null, "BD 2029 (EUR)": null, "BD 2029 (%)": null, "BD 2030 (EUR)": null, "BD 2030 (%)": null, "BD C1 (EUR)": null, "BD C1 (%)": null, "BD C2 (EUR)": null, "BD C2 (%)": null, "BD C3 (EUR)": null, "BD C3 (%)": null, "BD C4 (EUR)": null, "BD C4 (%)": null, "BDF (EUR)": null, "BDF (%)": null, "BDA (EUR)": null, "BDA (%)": null, "BDC (EUR)": null, "BDC (%)": null, "BDMI (EUR)": null, "BDMI (%)": null, "BDMP (EUR)": null, "BDMP (%)": null, "BDS (EUR)": null, "BDS (%)": null, "TAC": null, "PA (EUR)": null, "D (EUR)": null, "TAC  C1": null, "PA C1 (EUR)": null, "D C1 (EUR)": null, "TAC C2": null, "PA C2 (EUR)": null, "D C2 (EUR)": null, "TAC  C3": null, "PA C3 (EUR)": null, "D C3 (EUR)": null, "TAC C4": null, "PA C4 (EUR)": null, "D C4 (EUR)": null, "TAC F": null, "PAF (EUR)": null, "DF (EUR)": null, "TAC A": null, "PAA (EUR)": null, "DA (EUR)": null, "TAC C": null, "PAC (EUR)": null, "DC (EUR)": null, "TAC MI": null, "PAMI (EUR)": null, "DMI (EUR)": null, " TAC MP": null, "PAMP (EUR)": null, "DMP (EUR)": null }, "geometry": null },
{ "type": "Feature", "properties": { "Année": 2027, "Mois": "Février", "UC": "UCR-A", "TAG": null, "NAP": null, "NAA": null, "NAC": null, "NAD": null, "TAR 1": null, "TAR 2": null, "TAR 1.1": null, "TAR 1.2": null, "TAR 2.1": null, "TAR 2.2": null, "TAA 1.1.1": null, "TAA 1.1.2": null, "TAA 1.1.3": null, "TAA 1.1.4": null, "TAA 1.2.1": null, "TAA 1.2.2": null, "TAA 1.2.3": null, "TAA 1.2.4": null, "TAA 2.1.1": null, "TAA 2.1.2": null, "TAA 2.1.3": null, "TAA 2.1.4": null, "TAA 2.2.1": null, "TAA 2.2.2": null, "TAA 2.2.3": null, "TAA 2.2.4": null, "DC": 3570353.05, "BT": 34500000, "TD": 0.10348849420289855, "BD 2024 (EUR)": 715524.94, "BD 2024 (%)": 0.020739853333333332, "BD 2025 (EUR)": 2758290.3, "BD 2025 (%)": 0.079950443478260858, "BD 2026 (EUR)": 96537.81, "BD 2026 (%)": 0.002798197391304348, "BD 2027 (EUR)": null, "BD 2027 (%)": null, "BD 2028 (EUR)": null, "BD 2028 (%)": null, "BD 2029 (EUR)": null, "BD 2029 (%)": null, "BD 2030 (EUR)": null, "BD 2030 (%)": null, "BD C1 (EUR)": null, "BD C1 (%)": null, "BD C2 (EUR)": null, "BD C2 (%)": null, "BD C3 (EUR)": null, "BD C3 (%)": null, "BD C4 (EUR)": null, "BD C4 (%)": null, "BDF (EUR)": null, "BDF (%)": null, "BDA (EUR)": null, "BDA (%)": null, "BDC (EUR)": null, "BDC (%)": null, "BDMI (EUR)": null, "BDMI (%)": null, "BDMP (EUR)": null, "BDMP (%)": null, "BDS (EUR)": null, "BDS (%)": null, "TAC": null, "PA (EUR)": null, "D (EUR)": null, "TAC  C1": null, "PA C1 (EUR)": null, "D C1 (EUR)": null, "TAC C2": null, "PA C2 (EUR)": null, "D C2 (EUR)": null, "TAC  C3": null, "PA C3 (EUR)": null, "D C3 (EUR)": null, "TAC C4": null, "PA C4 (EUR)": null, "D C4 (EUR)": null, "TAC F": null, "PAF (EUR)": null, "DF (EUR)": null, "TAC A": null, "PAA (EUR)": null, "DA (EUR)": null, "TAC C": null, "PAC (EUR)": null, "DC (EUR)": null, "TAC MI": null, "PAMI (EUR)": null, "DMI (EUR)": null, " TAC MP": null, "PAMP (EUR)": null, "DMP (EUR)": null }, "geometry": null },
{ "type": "Feature", "properties": { "Année": 2027, "Mois": "Mars", "UC": "UCR-A", "TAG": null, "NAP": null, "NAA": null, "NAC": null, "NAD": null, "TAR 1": null, "TAR 2": null, "TAR 1.1": null, "TAR 1.2": null, "TAR 2.1": null, "TAR 2.2": null, "TAA 1.1.1": null, "TAA 1.1.2": null, "TAA 1.1.3": null, "TAA 1.1.4": null, "TAA 1.2.1": null, "TAA 1.2.2": null, "TAA 1.2.3": null, "TAA 1.2.4": null, "TAA 2.1.1": null, "TAA 2.1.2": null, "TAA 2.1.3": null, "TAA 2.1.4": null, "TAA 2.2.1": null, "TAA 2.2.2": null, "TAA 2.2.3": null, "TAA 2.2.4": null, "DC": 3570353.05, "BT": 34500000, "TD": 0.10348849420289855, "BD 2024 (EUR)": 715524.94, "BD 2024 (%)": 0.020739853333333332, "BD 2025 (EUR)": 2758290.3, "BD 2025 (%)": 0.079950443478260858, "BD 2026 (EUR)": 96537.81, "BD 2026 (%)": 0.002798197391304348, "BD 2027 (EUR)": null, "BD 2027 (%)": null, "BD 2028 (EUR)": null, "BD 2028 (%)": null, "BD 2029 (EUR)": null, "BD 2029 (%)": null, "BD 2030 (EUR)": null, "BD 2030 (%)": null, "BD C1 (EUR)": null, "BD C1 (%)": null, "BD C2 (EUR)": null, "BD C2 (%)": null, "BD C3 (EUR)": null, "BD C3 (%)": null, "BD C4 (EUR)": null, "BD C4 (%)": null, "BDF (EUR)": null, "BDF (%)": null, "BDA (EUR)": null, "BDA (%)": null, "BDC (EUR)": null, "BDC (%)": null, "BDMI (EUR)": null, "BDMI (%)": null, "BDMP (EUR)": null, "BDMP (%)": null, "BDS (EUR)": null, "BDS (%)": null, "TAC": null, "PA (EUR)": null, "D (EUR)": null, "TAC  C1": null, "PA C1 (EUR)": null, "D C1 (EUR)": null, "TAC C2": null, "PA C2 (EUR)": null, "D C2 (EUR)": null, "TAC  C3": null, "PA C3 (EUR)": null, "D C3 (EUR)": null, "TAC C4": null, "PA C4 (EUR)": null, "D C4 (EUR)": null, "TAC F": null, "PAF (EUR)": null, "DF (EUR)": null, "TAC A": null, "PAA (EUR)": null, "DA (EUR)": null, "TAC C": null, "PAC (EUR)": null, "DC (EUR)": null, "TAC MI": null, "PAMI (EUR)": null, "DMI (EUR)": null, " TAC MP": null, "PAMP (EUR)": null, "DMP (EUR)": null }, "geometry": null },
{ "type": "Feature", "properties": { "Année": 2027, "Mois": "Avril", "UC": "UCR-A", "TAG": null, "NAP": null, "NAA": null, "NAC": null, "NAD": null, "TAR 1": null, "TAR 2": null, "TAR 1.1": null, "TAR 1.2": null, "TAR 2.1": null, "TAR 2.2": null, "TAA 1.1.1": null, "TAA 1.1.2": null, "TAA 1.1.3": null, "TAA 1.1.4": null, "TAA 1.2.1": null, "TAA 1.2.2": null, "TAA 1.2.3": null, "TAA 1.2.4": null, "TAA 2.1.1": null, "TAA 2.1.2": null, "TAA 2.1.3": null, "TAA 2.1.4": null, "TAA 2.2.1": null, "TAA 2.2.2": null, "TAA 2.2.3": null, "TAA 2.2.4": null, "DC": 3570353.05, "BT": 34500000, "TD": 0.10348849420289855, "BD 2024 (EUR)": 715524.94, "BD 2024 (%)": 0.020739853333333332, "BD 2025 (EUR)": 2758290.3, "BD 2025 (%)": 0.079950443478260858, "BD 2026 (EUR)": 96537.81, "BD 2026 (%)": 0.002798197391304348, "BD 2027 (EUR)": null, "BD 2027 (%)": null, "BD 2028 (EUR)": null, "BD 2028 (%)": null, "BD 2029 (EUR)": null, "BD 2029 (%)": null, "BD 2030 (EUR)": null, "BD 2030 (%)": null, "BD C1 (EUR)": null, "BD C1 (%)": null, "BD C2 (EUR)": null, "BD C2 (%)": null, "BD C3 (EUR)": null, "BD C3 (%)": null, "BD C4 (EUR)": null, "BD C4 (%)": null, "BDF (EUR)": null, "BDF (%)": null, "BDA (EUR)": null, "BDA (%)": null, "BDC (EUR)": null, "BDC (%)": null, "BDMI (EUR)": null, "BDMI (%)": null, "BDMP (EUR)": null, "BDMP (%)": null, "BDS (EUR)": null, "BDS (%)": null, "TAC": null, "PA (EUR)": null, "D (EUR)": null, "TAC  C1": null, "PA C1 (EUR)": null, "D C1 (EUR)": null, "TAC C2": null, "PA C2 (EUR)": null, "D C2 (EUR)": null, "TAC  C3": null, "PA C3 (EUR)": null, "D C3 (EUR)": null, "TAC C4": null, "PA C4 (EUR)": null, "D C4 (EUR)": null, "TAC F": null, "PAF (EUR)": null, "DF (EUR)": null, "TAC A": null, "PAA (EUR)": null, "DA (EUR)": null, "TAC C": null, "PAC (EUR)": null, "DC (EUR)": null, "TAC MI": null, "PAMI (EUR)": null, "DMI (EUR)": null, " TAC MP": null, "PAMP (EUR)": null, "DMP (EUR)": null }, "geometry": null },
{ "type": "Feature", "properties": { "Année": 2027, "Mois": "Mai", "UC": "UCR-A", "TAG": null, "NAP": null, "NAA": null, "NAC": null, "NAD": null, "TAR 1": null, "TAR 2": null, "TAR 1.1": null, "TAR 1.2": null, "TAR 2.1": null, "TAR 2.2": null, "TAA 1.1.1": null, "TAA 1.1.2": null, "TAA 1.1.3": null, "TAA 1.1.4": null, "TAA 1.2.1": null, "TAA 1.2.2": null, "TAA 1.2.3": null, "TAA 1.2.4": null, "TAA 2.1.1": null, "TAA 2.1.2": null, "TAA 2.1.3": null, "TAA 2.1.4": null, "TAA 2.2.1": null, "TAA 2.2.2": null, "TAA 2.2.3": null, "TAA 2.2.4": null, "DC": 3570353.05, "BT": 34500000, "TD": 0.10348849420289855, "BD 2024 (EUR)": 715524.94, "BD 2024 (%)": 0.020739853333333332, "BD 2025 (EUR)": 2758290.3, "BD 2025 (%)": 0.079950443478260858, "BD 2026 (EUR)": 96537.81, "BD 2026 (%)": 0.002798197391304348, "BD 2027 (EUR)": null, "BD 2027 (%)": null, "BD 2028 (EUR)": null, "BD 2028 (%)": null, "BD 2029 (EUR)": null, "BD 2029 (%)": null, "BD 2030 (EUR)": null, "BD 2030 (%)": null, "BD C1 (EUR)": null, "BD C1 (%)": null, "BD C2 (EUR)": null, "BD C2 (%)": null, "BD C3 (EUR)": null, "BD C3 (%)": null, "BD C4 (EUR)": null, "BD C4 (%)": null, "BDF (EUR)": null, "BDF (%)": null, "BDA (EUR)": null, "BDA (%)": null, "BDC (EUR)": null, "BDC (%)": null, "BDMI (EUR)": null, "BDMI (%)": null, "BDMP (EUR)": null, "BDMP (%)": null, "BDS (EUR)": null, "BDS (%)": null, "TAC": null, "PA (EUR)": null, "D (EUR)": null, "TAC  C1": null, "PA C1 (EUR)": null, "D C1 (EUR)": null, "TAC C2": null, "PA C2 (EUR)": null, "D C2 (EUR)": null, "TAC  C3": null, "PA C3 (EUR)": null, "D C3 (EUR)": null, "TAC C4": null, "PA C4 (EUR)": null, "D C4 (EUR)": null, "TAC F": null, "PAF (EUR)": null, "DF (EUR)": null, "TAC A": null, "PAA (EUR)": null, "DA (EUR)": null, "TAC C": null, "PAC (EUR)": null, "DC (EUR)": null, "TAC MI": null, "PAMI (EUR)": null, "DMI (EUR)": null, " TAC MP": null, "PAMP (EUR)": null, "DMP (EUR)": null }, "geometry": null },
{ "type": "Feature", "properties": { "Année": 2027, "Mois": "Juin", "UC": "UCR-A", "TAG": null, "NAP": null, "NAA": null, "NAC": null, "NAD": null, "TAR 1": null, "TAR 2": null, "TAR 1.1": null, "TAR 1.2": null, "TAR 2.1": null, "TAR 2.2": null, "TAA 1.1.1": null, "TAA 1.1.2": null, "TAA 1.1.3": null, "TAA 1.1.4": null, "TAA 1.2.1": null, "TAA 1.2.2": null, "TAA 1.2.3": null, "TAA 1.2.4": null, "TAA 2.1.1": null, "TAA 2.1.2": null, "TAA 2.1.3": null, "TAA 2.1.4": null, "TAA 2.2.1": null, "TAA 2.2.2": null, "TAA 2.2.3": null, "TAA 2.2.4": null, "DC": 3570353.05, "BT": 34500000, "TD": 0.10348849420289855, "BD 2024 (EUR)": 715524.94, "BD 2024 (%)": 0.020739853333333332, "BD 2025 (EUR)": 2758290.3, "BD 2025 (%)": 0.079950443478260858, "BD 2026 (EUR)": 96537.81, "BD 2026 (%)": 0.002798197391304348, "BD 2027 (EUR)": null, "BD 2027 (%)": null, "BD 2028 (EUR)": null, "BD 2028 (%)": null, "BD 2029 (EUR)": null, "BD 2029 (%)": null, "BD 2030 (EUR)": null, "BD 2030 (%)": null, "BD C1 (EUR)": null, "BD C1 (%)": null, "BD C2 (EUR)": null, "BD C2 (%)": null, "BD C3 (EUR)": null, "BD C3 (%)": null, "BD C4 (EUR)": null, "BD C4 (%)": null, "BDF (EUR)": null, "BDF (%)": null, "BDA (EUR)": null, "BDA (%)": null, "BDC (EUR)": null, "BDC (%)": null, "BDMI (EUR)": null, "BDMI (%)": null, "BDMP (EUR)": null, "BDMP (%)": null, "BDS (EUR)": null, "BDS (%)": null, "TAC": null, "PA (EUR)": null, "D (EUR)": null, "TAC  C1": null, "PA C1 (EUR)": null, "D C1 (EUR)": null, "TAC C2": null, "PA C2 (EUR)": null, "D C2 (EUR)": null, "TAC  C3": null, "PA C3 (EUR)": null, "D C3 (EUR)": null, "TAC C4": null, "PA C4 (EUR)": null, "D C4 (EUR)": null, "TAC F": null, "PAF (EUR)": null, "DF (EUR)": null, "TAC A": null, "PAA (EUR)": null, "DA (EUR)": null, "TAC C": null, "PAC (EUR)": null, "DC (EUR)": null, "TAC MI": null, "PAMI (EUR)": null, "DMI (EUR)": null, " TAC MP": null, "PAMP (EUR)": null, "DMP (EUR)": null }, "geometry": null },
{ "type": "Feature", "properties": { "Année": 2027, "Mois": "Juillet", "UC": "UCR-A", "TAG": null, "NAP": null, "NAA": null, "NAC": null, "NAD": null, "TAR 1": null, "TAR 2": null, "TAR 1.1": null, "TAR 1.2": null, "TAR 2.1": null, "TAR 2.2": null, "TAA 1.1.1": null, "TAA 1.1.2": null, "TAA 1.1.3": null, "TAA 1.1.4": null, "TAA 1.2.1": null, "TAA 1.2.2": null, "TAA 1.2.3": null, "TAA 1.2.4": null, "TAA 2.1.1": null, "TAA 2.1.2": null, "TAA 2.1.3": null, "TAA 2.1.4": null, "TAA 2.2.1": null, "TAA 2.2.2": null, "TAA 2.2.3": null, "TAA 2.2.4": null, "DC": 3570353.05, "BT": 34500000, "TD": 0.10348849420289855, "BD 2024 (EUR)": 715524.94, "BD 2024 (%)": 0.020739853333333332, "BD 2025 (EUR)": 2758290.3, "BD 2025 (%)": 0.079950443478260858, "BD 2026 (EUR)": 96537.81, "BD 2026 (%)": 0.002798197391304348, "BD 2027 (EUR)": null, "BD 2027 (%)": null, "BD 2028 (EUR)": null, "BD 2028 (%)": null, "BD 2029 (EUR)": null, "BD 2029 (%)": null, "BD 2030 (EUR)": null, "BD 2030 (%)": null, "BD C1 (EUR)": null, "BD C1 (%)": null, "BD C2 (EUR)": null, "BD C2 (%)": null, "BD C3 (EUR)": null, "BD C3 (%)": null, "BD C4 (EUR)": null, "BD C4 (%)": null, "BDF (EUR)": null, "BDF (%)": null, "BDA (EUR)": null, "BDA (%)": null, "BDC (EUR)": null, "BDC (%)": null, "BDMI (EUR)": null, "BDMI (%)": null, "BDMP (EUR)": null, "BDMP (%)": null, "BDS (EUR)": null, "BDS (%)": null, "TAC": null, "PA (EUR)": null, "D (EUR)": null, "TAC  C1": null, "PA C1 (EUR)": null, "D C1 (EUR)": null, "TAC C2": null, "PA C2 (EUR)": null, "D C2 (EUR)": null, "TAC  C3": null, "PA C3 (EUR)": null, "D C3 (EUR)": null, "TAC C4": null, "PA C4 (EUR)": null, "D C4 (EUR)": null, "TAC F": null, "PAF (EUR)": null, "DF (EUR)": null, "TAC A": null, "PAA (EUR)": null, "DA (EUR)": null, "TAC C": null, "PAC (EUR)": null, "DC (EUR)": null, "TAC MI": null, "PAMI (EUR)": null, "DMI (EUR)": null, " TAC MP": null, "PAMP (EUR)": null, "DMP (EUR)": null }, "geometry": null },
{ "type": "Feature", "properties": { "Année": 2027, "Mois": "Août", "UC": "UCR-A", "TAG": null, "NAP": null, "NAA": null, "NAC": null, "NAD": null, "TAR 1": null, "TAR 2": null, "TAR 1.1": null, "TAR 1.2": null, "TAR 2.1": null, "TAR 2.2": null, "TAA 1.1.1": null, "TAA 1.1.2": null, "TAA 1.1.3": null, "TAA 1.1.4": null, "TAA 1.2.1": null, "TAA 1.2.2": null, "TAA 1.2.3": null, "TAA 1.2.4": null, "TAA 2.1.1": null, "TAA 2.1.2": null, "TAA 2.1.3": null, "TAA 2.1.4": null, "TAA 2.2.1": null, "TAA 2.2.2": null, "TAA 2.2.3": null, "TAA 2.2.4": null, "DC": 3570353.05, "BT": 34500000, "TD": 0.10348849420289855, "BD 2024 (EUR)": 715524.94, "BD 2024 (%)": 0.020739853333333332, "BD 2025 (EUR)": 2758290.3, "BD 2025 (%)": 0.079950443478260858, "BD 2026 (EUR)": 96537.81, "BD 2026 (%)": 0.002798197391304348, "BD 2027 (EUR)": null, "BD 2027 (%)": null, "BD 2028 (EUR)": null, "BD 2028 (%)": null, "BD 2029 (EUR)": null, "BD 2029 (%)": null, "BD 2030 (EUR)": null, "BD 2030 (%)": null, "BD C1 (EUR)": null, "BD C1 (%)": null, "BD C2 (EUR)": null, "BD C2 (%)": null, "BD C3 (EUR)": null, "BD C3 (%)": null, "BD C4 (EUR)": null, "BD C4 (%)": null, "BDF (EUR)": null, "BDF (%)": null, "BDA (EUR)": null, "BDA (%)": null, "BDC (EUR)": null, "BDC (%)": null, "BDMI (EUR)": null, "BDMI (%)": null, "BDMP (EUR)": null, "BDMP (%)": null, "BDS (EUR)": null, "BDS (%)": null, "TAC": null, "PA (EUR)": null, "D (EUR)": null, "TAC  C1": null, "PA C1 (EUR)": null, "D C1 (EUR)": null, "TAC C2": null, "PA C2 (EUR)": null, "D C2 (EUR)": null, "TAC  C3": null, "PA C3 (EUR)": null, "D C3 (EUR)": null, "TAC C4": null, "PA C4 (EUR)": null, "D C4 (EUR)": null, "TAC F": null, "PAF (EUR)": null, "DF (EUR)": null, "TAC A": null, "PAA (EUR)": null, "DA (EUR)": null, "TAC C": null, "PAC (EUR)": null, "DC (EUR)": null, "TAC MI": null, "PAMI (EUR)": null, "DMI (EUR)": null, " TAC MP": null, "PAMP (EUR)": null, "DMP (EUR)": null }, "geometry": null },
{ "type": "Feature", "properties": { "Année": 2027, "Mois": "Septembre", "UC": "UCR-A", "TAG": null, "NAP": null, "NAA": null, "NAC": null, "NAD": null, "TAR 1": null, "TAR 2": null, "TAR 1.1": null, "TAR 1.2": null, "TAR 2.1": null, "TAR 2.2": null, "TAA 1.1.1": null, "TAA 1.1.2": null, "TAA 1.1.3": null, "TAA 1.1.4": null, "TAA 1.2.1": null, "TAA 1.2.2": null, "TAA 1.2.3": null, "TAA 1.2.4": null, "TAA 2.1.1": null, "TAA 2.1.2": null, "TAA 2.1.3": null, "TAA 2.1.4": null, "TAA 2.2.1": null, "TAA 2.2.2": null, "TAA 2.2.3": null, "TAA 2.2.4": null, "DC": 3570353.05, "BT": 34500000, "TD": 0.10348849420289855, "BD 2024 (EUR)": 715524.94, "BD 2024 (%)": 0.020739853333333332, "BD 2025 (EUR)": 2758290.3, "BD 2025 (%)": 0.079950443478260858, "BD 2026 (EUR)": 96537.81, "BD 2026 (%)": 0.002798197391304348, "BD 2027 (EUR)": null, "BD 2027 (%)": null, "BD 2028 (EUR)": null, "BD 2028 (%)": null, "BD 2029 (EUR)": null, "BD 2029 (%)": null, "BD 2030 (EUR)": null, "BD 2030 (%)": null, "BD C1 (EUR)": null, "BD C1 (%)": null, "BD C2 (EUR)": null, "BD C2 (%)": null, "BD C3 (EUR)": null, "BD C3 (%)": null, "BD C4 (EUR)": null, "BD C4 (%)": null, "BDF (EUR)": null, "BDF (%)": null, "BDA (EUR)": null, "BDA (%)": null, "BDC (EUR)": null, "BDC (%)": null, "BDMI (EUR)": null, "BDMI (%)": null, "BDMP (EUR)": null, "BDMP (%)": null, "BDS (EUR)": null, "BDS (%)": null, "TAC": null, "PA (EUR)": null, "D (EUR)": null, "TAC  C1": null, "PA C1 (EUR)": null, "D C1 (EUR)": null, "TAC C2": null, "PA C2 (EUR)": null, "D C2 (EUR)": null, "TAC  C3": null, "PA C3 (EUR)": null, "D C3 (EUR)": null, "TAC C4": null, "PA C4 (EUR)": null, "D C4 (EUR)": null, "TAC F": null, "PAF (EUR)": null, "DF (EUR)": null, "TAC A": null, "PAA (EUR)": null, "DA (EUR)": null, "TAC C": null, "PAC (EUR)": null, "DC (EUR)": null, "TAC MI": null, "PAMI (EUR)": null, "DMI (EUR)": null, " TAC MP": null, "PAMP (EUR)": null, "DMP (EUR)": null }, "geometry": null },
{ "type": "Feature", "properties": { "Année": 2027, "Mois": "Octobre", "UC": "UCR-A", "TAG": null, "NAP": null, "NAA": null, "NAC": null, "NAD": null, "TAR 1": null, "TAR 2": null, "TAR 1.1": null, "TAR 1.2": null, "TAR 2.1": null, "TAR 2.2": null, "TAA 1.1.1": null, "TAA 1.1.2": null, "TAA 1.1.3": null, "TAA 1.1.4": null, "TAA 1.2.1": null, "TAA 1.2.2": null, "TAA 1.2.3": null, "TAA 1.2.4": null, "TAA 2.1.1": null, "TAA 2.1.2": null, "TAA 2.1.3": null, "TAA 2.1.4": null, "TAA 2.2.1": null, "TAA 2.2.2": null, "TAA 2.2.3": null, "TAA 2.2.4": null, "DC": 3570353.05, "BT": 34500000, "TD": 0.10348849420289855, "BD 2024 (EUR)": 715524.94, "BD 2024 (%)": 0.020739853333333332, "BD 2025 (EUR)": 2758290.3, "BD 2025 (%)": 0.079950443478260858, "BD 2026 (EUR)": 96537.81, "BD 2026 (%)": 0.002798197391304348, "BD 2027 (EUR)": null, "BD 2027 (%)": null, "BD 2028 (EUR)": null, "BD 2028 (%)": null, "BD 2029 (EUR)": null, "BD 2029 (%)": null, "BD 2030 (EUR)": null, "BD 2030 (%)": null, "BD C1 (EUR)": null, "BD C1 (%)": null, "BD C2 (EUR)": null, "BD C2 (%)": null, "BD C3 (EUR)": null, "BD C3 (%)": null, "BD C4 (EUR)": null, "BD C4 (%)": null, "BDF (EUR)": null, "BDF (%)": null, "BDA (EUR)": null, "BDA (%)": null, "BDC (EUR)": null, "BDC (%)": null, "BDMI (EUR)": null, "BDMI (%)": null, "BDMP (EUR)": null, "BDMP (%)": null, "BDS (EUR)": null, "BDS (%)": null, "TAC": null, "PA (EUR)": null, "D (EUR)": null, "TAC  C1": null, "PA C1 (EUR)": null, "D C1 (EUR)": null, "TAC C2": null, "PA C2 (EUR)": null, "D C2 (EUR)": null, "TAC  C3": null, "PA C3 (EUR)": null, "D C3 (EUR)": null, "TAC C4": null, "PA C4 (EUR)": null, "D C4 (EUR)": null, "TAC F": null, "PAF (EUR)": null, "DF (EUR)": null, "TAC A": null, "PAA (EUR)": null, "DA (EUR)": null, "TAC C": null, "PAC (EUR)": null, "DC (EUR)": null, "TAC MI": null, "PAMI (EUR)": null, "DMI (EUR)": null, " TAC MP": null, "PAMP (EUR)": null, "DMP (EUR)": null }, "geometry": null },
{ "type": "Feature", "properties": { "Année": 2027, "Mois": "Novembre", "UC": "UCR-A", "TAG": null, "NAP": null, "NAA": null, "NAC": null, "NAD": null, "TAR 1": null, "TAR 2": null, "TAR 1.1": null, "TAR 1.2": null, "TAR 2.1": null, "TAR 2.2": null, "TAA 1.1.1": null, "TAA 1.1.2": null, "TAA 1.1.3": null, "TAA 1.1.4": null, "TAA 1.2.1": null, "TAA 1.2.2": null, "TAA 1.2.3": null, "TAA 1.2.4": null, "TAA 2.1.1": null, "TAA 2.1.2": null, "TAA 2.1.3": null, "TAA 2.1.4": null, "TAA 2.2.1": null, "TAA 2.2.2": null, "TAA 2.2.3": null, "TAA 2.2.4": null, "DC": 3570353.05, "BT": 34500000, "TD": 0.10348849420289855, "BD 2024 (EUR)": 715524.94, "BD 2024 (%)": 0.020739853333333332, "BD 2025 (EUR)": 2758290.3, "BD 2025 (%)": 0.079950443478260858, "BD 2026 (EUR)": 96537.81, "BD 2026 (%)": 0.002798197391304348, "BD 2027 (EUR)": null, "BD 2027 (%)": null, "BD 2028 (EUR)": null, "BD 2028 (%)": null, "BD 2029 (EUR)": null, "BD 2029 (%)": null, "BD 2030 (EUR)": null, "BD 2030 (%)": null, "BD C1 (EUR)": null, "BD C1 (%)": null, "BD C2 (EUR)": null, "BD C2 (%)": null, "BD C3 (EUR)": null, "BD C3 (%)": null, "BD C4 (EUR)": null, "BD C4 (%)": null, "BDF (EUR)": null, "BDF (%)": null, "BDA (EUR)": null, "BDA (%)": null, "BDC (EUR)": null, "BDC (%)": null, "BDMI (EUR)": null, "BDMI (%)": null, "BDMP (EUR)": null, "BDMP (%)": null, "BDS (EUR)": null, "BDS (%)": null, "TAC": null, "PA (EUR)": null, "D (EUR)": null, "TAC  C1": null, "PA C1 (EUR)": null, "D C1 (EUR)": null, "TAC C2": null, "PA C2 (EUR)": null, "D C2 (EUR)": null, "TAC  C3": null, "PA C3 (EUR)": null, "D C3 (EUR)": null, "TAC C4": null, "PA C4 (EUR)": null, "D C4 (EUR)": null, "TAC F": null, "PAF (EUR)": null, "DF (EUR)": null, "TAC A": null, "PAA (EUR)": null, "DA (EUR)": null, "TAC C": null, "PAC (EUR)": null, "DC (EUR)": null, "TAC MI": null, "PAMI (EUR)": null, "DMI (EUR)": null, " TAC MP": null, "PAMP (EUR)": null, "DMP (EUR)": null }, "geometry": null },
{ "type": "Feature", "properties": { "Année": 2027, "Mois": "Décembre", "UC": "UCR-A", "TAG": null, "NAP": null, "NAA": null, "NAC": null, "NAD": null, "TAR 1": null, "TAR 2": null, "TAR 1.1": null, "TAR 1.2": null, "TAR 2.1": null, "TAR 2.2": null, "TAA 1.1.1": null, "TAA 1.1.2": null, "TAA 1.1.3": null, "TAA 1.1.4": null, "TAA 1.2.1": null, "TAA 1.2.2": null, "TAA 1.2.3": null, "TAA 1.2.4": null, "TAA 2.1.1": null, "TAA 2.1.2": null, "TAA 2.1.3": null, "TAA 2.1.4": null, "TAA 2.2.1": null, "TAA 2.2.2": null, "TAA 2.2.3": null, "TAA 2.2.4": null, "DC": 3570353.05, "BT": 34500000, "TD": 0.10348849420289855, "BD 2024 (EUR)": 715524.94, "BD 2024 (%)": 0.020739853333333332, "BD 2025 (EUR)": 2758290.3, "BD 2025 (%)": 0.079950443478260858, "BD 2026 (EUR)": 96537.81, "BD 2026 (%)": 0.002798197391304348, "BD 2027 (EUR)": null, "BD 2027 (%)": null, "BD 2028 (EUR)": null, "BD 2028 (%)": null, "BD 2029 (EUR)": null, "BD 2029 (%)": null, "BD 2030 (EUR)": null, "BD 2030 (%)": null, "BD C1 (EUR)": null, "BD C1 (%)": null, "BD C2 (EUR)": null, "BD C2 (%)": null, "BD C3 (EUR)": null, "BD C3 (%)": null, "BD C4 (EUR)": null, "BD C4 (%)": null, "BDF (EUR)": null, "BDF (%)": null, "BDA (EUR)": null, "BDA (%)": null, "BDC (EUR)": null, "BDC (%)": null, "BDMI (EUR)": null, "BDMI (%)": null, "BDMP (EUR)": null, "BDMP (%)": null, "BDS (EUR)": null, "BDS (%)": null, "TAC": null, "PA (EUR)": null, "D (EUR)": null, "TAC  C1": null, "PA C1 (EUR)": null, "D C1 (EUR)": null, "TAC C2": null, "PA C2 (EUR)": null, "D C2 (EUR)": null, "TAC  C3": null, "PA C3 (EUR)": null, "D C3 (EUR)": null, "TAC C4": null, "PA C4 (EUR)": null, "D C4 (EUR)": null, "TAC F": null, "PAF (EUR)": null, "DF (EUR)": null, "TAC A": null, "PAA (EUR)": null, "DA (EUR)": null, "TAC C": null, "PAC (EUR)": null, "DC (EUR)": null, "TAC MI": null, "PAMI (EUR)": null, "DMI (EUR)": null, " TAC MP": null, "PAMP (EUR)": null, "DMP (EUR)": null }, "geometry": null },
{ "type": "Feature", "properties": { "Année": 2027, "Mois": "Janvier", "UC": "UCR-F", "TAG": null, "NAP": null, "NAA": null, "NAC": null, "NAD": null, "TAR 1": null, "TAR 2": null, "TAR 1.1": null, "TAR 1.2": null, "TAR 2.1": null, "TAR 2.2": null, "TAA 1.1.1": null, "TAA 1.1.2": null, "TAA 1.1.3": null, "TAA 1.1.4": null, "TAA 1.2.1": null, "TAA 1.2.2": null, "TAA 1.2.3": null, "TAA 1.2.4": null, "TAA 2.1.1": null, "TAA 2.1.2": null, "TAA 2.1.3": null, "TAA 2.1.4": null, "TAA 2.2.1": null, "TAA 2.2.2": null, "TAA 2.2.3": null, "TAA 2.2.4": null, "DC": 3570353.05, "BT": 34500000, "TD": 0.10348849420289855, "BD 2024 (EUR)": 715524.94, "BD 2024 (%)": 0.020739853333333332, "BD 2025 (EUR)": 2758290.3, "BD 2025 (%)": 0.079950443478260858, "BD 2026 (EUR)": 96537.81, "BD 2026 (%)": 0.002798197391304348, "BD 2027 (EUR)": null, "BD 2027 (%)": null, "BD 2028 (EUR)": null, "BD 2028 (%)": null, "BD 2029 (EUR)": null, "BD 2029 (%)": null, "BD 2030 (EUR)": null, "BD 2030 (%)": null, "BD C1 (EUR)": null, "BD C1 (%)": null, "BD C2 (EUR)": null, "BD C2 (%)": null, "BD C3 (EUR)": null, "BD C3 (%)": null, "BD C4 (EUR)": null, "BD C4 (%)": null, "BDF (EUR)": null, "BDF (%)": null, "BDA (EUR)": null, "BDA (%)": null, "BDC (EUR)": null, "BDC (%)": null, "BDMI (EUR)": null, "BDMI (%)": null, "BDMP (EUR)": null, "BDMP (%)": null, "BDS (EUR)": null, "BDS (%)": null, "TAC": null, "PA (EUR)": null, "D (EUR)": null, "TAC  C1": null, "PA C1 (EUR)": null, "D C1 (EUR)": null, "TAC C2": null, "PA C2 (EUR)": null, "D C2 (EUR)": null, "TAC  C3": null, "PA C3 (EUR)": null, "D C3 (EUR)": null, "TAC C4": null, "PA C4 (EUR)": null, "D C4 (EUR)": null, "TAC F": null, "PAF (EUR)": null, "DF (EUR)": null, "TAC A": null, "PAA (EUR)": null, "DA (EUR)": null, "TAC C": null, "PAC (EUR)": null, "DC (EUR)": null, "TAC MI": null, "PAMI (EUR)": null, "DMI (EUR)": null, " TAC MP": null, "PAMP (EUR)": null, "DMP (EUR)": null }, "geometry": null },
{ "type": "Feature", "properties": { "Année": 2027, "Mois": "Février", "UC": "UCR-F", "TAG": null, "NAP": null, "NAA": null, "NAC": null, "NAD": null, "TAR 1": null, "TAR 2": null, "TAR 1.1": null, "TAR 1.2": null, "TAR 2.1": null, "TAR 2.2": null, "TAA 1.1.1": null, "TAA 1.1.2": null, "TAA 1.1.3": null, "TAA 1.1.4": null, "TAA 1.2.1": null, "TAA 1.2.2": null, "TAA 1.2.3": null, "TAA 1.2.4": null, "TAA 2.1.1": null, "TAA 2.1.2": null, "TAA 2.1.3": null, "TAA 2.1.4": null, "TAA 2.2.1": null, "TAA 2.2.2": null, "TAA 2.2.3": null, "TAA 2.2.4": null, "DC": 3570353.05, "BT": 34500000, "TD": 0.10348849420289855, "BD 2024 (EUR)": 715524.94, "BD 2024 (%)": 0.020739853333333332, "BD 2025 (EUR)": 2758290.3, "BD 2025 (%)": 0.079950443478260858, "BD 2026 (EUR)": 96537.81, "BD 2026 (%)": 0.002798197391304348, "BD 2027 (EUR)": null, "BD 2027 (%)": null, "BD 2028 (EUR)": null, "BD 2028 (%)": null, "BD 2029 (EUR)": null, "BD 2029 (%)": null, "BD 2030 (EUR)": null, "BD 2030 (%)": null, "BD C1 (EUR)": null, "BD C1 (%)": null, "BD C2 (EUR)": null, "BD C2 (%)": null, "BD C3 (EUR)": null, "BD C3 (%)": null, "BD C4 (EUR)": null, "BD C4 (%)": null, "BDF (EUR)": null, "BDF (%)": null, "BDA (EUR)": null, "BDA (%)": null, "BDC (EUR)": null, "BDC (%)": null, "BDMI (EUR)": null, "BDMI (%)": null, "BDMP (EUR)": null, "BDMP (%)": null, "BDS (EUR)": null, "BDS (%)": null, "TAC": null, "PA (EUR)": null, "D (EUR)": null, "TAC  C1": null, "PA C1 (EUR)": null, "D C1 (EUR)": null, "TAC C2": null, "PA C2 (EUR)": null, "D C2 (EUR)": null, "TAC  C3": null, "PA C3 (EUR)": null, "D C3 (EUR)": null, "TAC C4": null, "PA C4 (EUR)": null, "D C4 (EUR)": null, "TAC F": null, "PAF (EUR)": null, "DF (EUR)": null, "TAC A": null, "PAA (EUR)": null, "DA (EUR)": null, "TAC C": null, "PAC (EUR)": null, "DC (EUR)": null, "TAC MI": null, "PAMI (EUR)": null, "DMI (EUR)": null, " TAC MP": null, "PAMP (EUR)": null, "DMP (EUR)": null }, "geometry": null },
{ "type": "Feature", "properties": { "Année": 2027, "Mois": "Mars", "UC": "UCR-F", "TAG": null, "NAP": null, "NAA": null, "NAC": null, "NAD": null, "TAR 1": null, "TAR 2": null, "TAR 1.1": null, "TAR 1.2": null, "TAR 2.1": null, "TAR 2.2": null, "TAA 1.1.1": null, "TAA 1.1.2": null, "TAA 1.1.3": null, "TAA 1.1.4": null, "TAA 1.2.1": null, "TAA 1.2.2": null, "TAA 1.2.3": null, "TAA 1.2.4": null, "TAA 2.1.1": null, "TAA 2.1.2": null, "TAA 2.1.3": null, "TAA 2.1.4": null, "TAA 2.2.1": null, "TAA 2.2.2": null, "TAA 2.2.3": null, "TAA 2.2.4": null, "DC": 3570353.05, "BT": 34500000, "TD": 0.10348849420289855, "BD 2024 (EUR)": 715524.94, "BD 2024 (%)": 0.020739853333333332, "BD 2025 (EUR)": 2758290.3, "BD 2025 (%)": 0.079950443478260858, "BD 2026 (EUR)": 96537.81, "BD 2026 (%)": 0.002798197391304348, "BD 2027 (EUR)": null, "BD 2027 (%)": null, "BD 2028 (EUR)": null, "BD 2028 (%)": null, "BD 2029 (EUR)": null, "BD 2029 (%)": null, "BD 2030 (EUR)": null, "BD 2030 (%)": null, "BD C1 (EUR)": null, "BD C1 (%)": null, "BD C2 (EUR)": null, "BD C2 (%)": null, "BD C3 (EUR)": null, "BD C3 (%)": null, "BD C4 (EUR)": null, "BD C4 (%)": null, "BDF (EUR)": null, "BDF (%)": null, "BDA (EUR)": null, "BDA (%)": null, "BDC (EUR)": null, "BDC (%)": null, "BDMI (EUR)": null, "BDMI (%)": null, "BDMP (EUR)": null, "BDMP (%)": null, "BDS (EUR)": null, "BDS (%)": null, "TAC": null, "PA (EUR)": null, "D (EUR)": null, "TAC  C1": null, "PA C1 (EUR)": null, "D C1 (EUR)": null, "TAC C2": null, "PA C2 (EUR)": null, "D C2 (EUR)": null, "TAC  C3": null, "PA C3 (EUR)": null, "D C3 (EUR)": null, "TAC C4": null, "PA C4 (EUR)": null, "D C4 (EUR)": null, "TAC F": null, "PAF (EUR)": null, "DF (EUR)": null, "TAC A": null, "PAA (EUR)": null, "DA (EUR)": null, "TAC C": null, "PAC (EUR)": null, "DC (EUR)": null, "TAC MI": null, "PAMI (EUR)": null, "DMI (EUR)": null, " TAC MP": null, "PAMP (EUR)": null, "DMP (EUR)": null }, "geometry": null },
{ "type": "Feature", "properties": { "Année": 2027, "Mois": "Avril", "UC": "UCR-F", "TAG": null, "NAP": null, "NAA": null, "NAC": null, "NAD": null, "TAR 1": null, "TAR 2": null, "TAR 1.1": null, "TAR 1.2": null, "TAR 2.1": null, "TAR 2.2": null, "TAA 1.1.1": null, "TAA 1.1.2": null, "TAA 1.1.3": null, "TAA 1.1.4": null, "TAA 1.2.1": null, "TAA 1.2.2": null, "TAA 1.2.3": null, "TAA 1.2.4": null, "TAA 2.1.1": null, "TAA 2.1.2": null, "TAA 2.1.3": null, "TAA 2.1.4": null, "TAA 2.2.1": null, "TAA 2.2.2": null, "TAA 2.2.3": null, "TAA 2.2.4": null, "DC": 3570353.05, "BT": 34500000, "TD": 0.10348849420289855, "BD 2024 (EUR)": 715524.94, "BD 2024 (%)": 0.020739853333333332, "BD 2025 (EUR)": 2758290.3, "BD 2025 (%)": 0.079950443478260858, "BD 2026 (EUR)": 96537.81, "BD 2026 (%)": 0.002798197391304348, "BD 2027 (EUR)": null, "BD 2027 (%)": null, "BD 2028 (EUR)": null, "BD 2028 (%)": null, "BD 2029 (EUR)": null, "BD 2029 (%)": null, "BD 2030 (EUR)": null, "BD 2030 (%)": null, "BD C1 (EUR)": null, "BD C1 (%)": null, "BD C2 (EUR)": null, "BD C2 (%)": null, "BD C3 (EUR)": null, "BD C3 (%)": null, "BD C4 (EUR)": null, "BD C4 (%)": null, "BDF (EUR)": null, "BDF (%)": null, "BDA (EUR)": null, "BDA (%)": null, "BDC (EUR)": null, "BDC (%)": null, "BDMI (EUR)": null, "BDMI (%)": null, "BDMP (EUR)": null, "BDMP (%)": null, "BDS (EUR)": null, "BDS (%)": null, "TAC": null, "PA (EUR)": null, "D (EUR)": null, "TAC  C1": null, "PA C1 (EUR)": null, "D C1 (EUR)": null, "TAC C2": null, "PA C2 (EUR)": null, "D C2 (EUR)": null, "TAC  C3": null, "PA C3 (EUR)": null, "D C3 (EUR)": null, "TAC C4": null, "PA C4 (EUR)": null, "D C4 (EUR)": null, "TAC F": null, "PAF (EUR)": null, "DF (EUR)": null, "TAC A": null, "PAA (EUR)": null, "DA (EUR)": null, "TAC C": null, "PAC (EUR)": null, "DC (EUR)": null, "TAC MI": null, "PAMI (EUR)": null, "DMI (EUR)": null, " TAC MP": null, "PAMP (EUR)": null, "DMP (EUR)": null }, "geometry": null },
{ "type": "Feature", "properties": { "Année": 2027, "Mois": "Mai", "UC": "UCR-F", "TAG": null, "NAP": null, "NAA": null, "NAC": null, "NAD": null, "TAR 1": null, "TAR 2": null, "TAR 1.1": null, "TAR 1.2": null, "TAR 2.1": null, "TAR 2.2": null, "TAA 1.1.1": null, "TAA 1.1.2": null, "TAA 1.1.3": null, "TAA 1.1.4": null, "TAA 1.2.1": null, "TAA 1.2.2": null, "TAA 1.2.3": null, "TAA 1.2.4": null, "TAA 2.1.1": null, "TAA 2.1.2": null, "TAA 2.1.3": null, "TAA 2.1.4": null, "TAA 2.2.1": null, "TAA 2.2.2": null, "TAA 2.2.3": null, "TAA 2.2.4": null, "DC": 3570353.05, "BT": 34500000, "TD": 0.10348849420289855, "BD 2024 (EUR)": 715524.94, "BD 2024 (%)": 0.020739853333333332, "BD 2025 (EUR)": 2758290.3, "BD 2025 (%)": 0.079950443478260858, "BD 2026 (EUR)": 96537.81, "BD 2026 (%)": 0.002798197391304348, "BD 2027 (EUR)": null, "BD 2027 (%)": null, "BD 2028 (EUR)": null, "BD 2028 (%)": null, "BD 2029 (EUR)": null, "BD 2029 (%)": null, "BD 2030 (EUR)": null, "BD 2030 (%)": null, "BD C1 (EUR)": null, "BD C1 (%)": null, "BD C2 (EUR)": null, "BD C2 (%)": null, "BD C3 (EUR)": null, "BD C3 (%)": null, "BD C4 (EUR)": null, "BD C4 (%)": null, "BDF (EUR)": null, "BDF (%)": null, "BDA (EUR)": null, "BDA (%)": null, "BDC (EUR)": null, "BDC (%)": null, "BDMI (EUR)": null, "BDMI (%)": null, "BDMP (EUR)": null, "BDMP (%)": null, "BDS (EUR)": null, "BDS (%)": null, "TAC": null, "PA (EUR)": null, "D (EUR)": null, "TAC  C1": null, "PA C1 (EUR)": null, "D C1 (EUR)": null, "TAC C2": null, "PA C2 (EUR)": null, "D C2 (EUR)": null, "TAC  C3": null, "PA C3 (EUR)": null, "D C3 (EUR)": null, "TAC C4": null, "PA C4 (EUR)": null, "D C4 (EUR)": null, "TAC F": null, "PAF (EUR)": null, "DF (EUR)": null, "TAC A": null, "PAA (EUR)": null, "DA (EUR)": null, "TAC C": null, "PAC (EUR)": null, "DC (EUR)": null, "TAC MI": null, "PAMI (EUR)": null, "DMI (EUR)": null, " TAC MP": null, "PAMP (EUR)": null, "DMP (EUR)": null }, "geometry": null },
{ "type": "Feature", "properties": { "Année": 2027, "Mois": "Juin", "UC": "UCR-F", "TAG": null, "NAP": null, "NAA": null, "NAC": null, "NAD": null, "TAR 1": null, "TAR 2": null, "TAR 1.1": null, "TAR 1.2": null, "TAR 2.1": null, "TAR 2.2": null, "TAA 1.1.1": null, "TAA 1.1.2": null, "TAA 1.1.3": null, "TAA 1.1.4": null, "TAA 1.2.1": null, "TAA 1.2.2": null, "TAA 1.2.3": null, "TAA 1.2.4": null, "TAA 2.1.1": null, "TAA 2.1.2": null, "TAA 2.1.3": null, "TAA 2.1.4": null, "TAA 2.2.1": null, "TAA 2.2.2": null, "TAA 2.2.3": null, "TAA 2.2.4": null, "DC": 3570353.05, "BT": 34500000, "TD": 0.10348849420289855, "BD 2024 (EUR)": 715524.94, "BD 2024 (%)": 0.020739853333333332, "BD 2025 (EUR)": 2758290.3, "BD 2025 (%)": 0.079950443478260858, "BD 2026 (EUR)": 96537.81, "BD 2026 (%)": 0.002798197391304348, "BD 2027 (EUR)": null, "BD 2027 (%)": null, "BD 2028 (EUR)": null, "BD 2028 (%)": null, "BD 2029 (EUR)": null, "BD 2029 (%)": null, "BD 2030 (EUR)": null, "BD 2030 (%)": null, "BD C1 (EUR)": null, "BD C1 (%)": null, "BD C2 (EUR)": null, "BD C2 (%)": null, "BD C3 (EUR)": null, "BD C3 (%)": null, "BD C4 (EUR)": null, "BD C4 (%)": null, "BDF (EUR)": null, "BDF (%)": null, "BDA (EUR)": null, "BDA (%)": null, "BDC (EUR)": null, "BDC (%)": null, "BDMI (EUR)": null, "BDMI (%)": null, "BDMP (EUR)": null, "BDMP (%)": null, "BDS (EUR)": null, "BDS (%)": null, "TAC": null, "PA (EUR)": null, "D (EUR)": null, "TAC  C1": null, "PA C1 (EUR)": null, "D C1 (EUR)": null, "TAC C2": null, "PA C2 (EUR)": null, "D C2 (EUR)": null, "TAC  C3": null, "PA C3 (EUR)": null, "D C3 (EUR)": null, "TAC C4": null, "PA C4 (EUR)": null, "D C4 (EUR)": null, "TAC F": null, "PAF (EUR)": null, "DF (EUR)": null, "TAC A": null, "PAA (EUR)": null, "DA (EUR)": null, "TAC C": null, "PAC (EUR)": null, "DC (EUR)": null, "TAC MI": null, "PAMI (EUR)": null, "DMI (EUR)": null, " TAC MP": null, "PAMP (EUR)": null, "DMP (EUR)": null }, "geometry": null },
{ "type": "Feature", "properties": { "Année": 2027, "Mois": "Juillet", "UC": "UCR-F", "TAG": null, "NAP": null, "NAA": null, "NAC": null, "NAD": null, "TAR 1": null, "TAR 2": null, "TAR 1.1": null, "TAR 1.2": null, "TAR 2.1": null, "TAR 2.2": null, "TAA 1.1.1": null, "TAA 1.1.2": null, "TAA 1.1.3": null, "TAA 1.1.4": null, "TAA 1.2.1": null, "TAA 1.2.2": null, "TAA 1.2.3": null, "TAA 1.2.4": null, "TAA 2.1.1": null, "TAA 2.1.2": null, "TAA 2.1.3": null, "TAA 2.1.4": null, "TAA 2.2.1": null, "TAA 2.2.2": null, "TAA 2.2.3": null, "TAA 2.2.4": null, "DC": 3570353.05, "BT": 34500000, "TD": 0.10348849420289855, "BD 2024 (EUR)": 715524.94, "BD 2024 (%)": 0.020739853333333332, "BD 2025 (EUR)": 2758290.3, "BD 2025 (%)": 0.079950443478260858, "BD 2026 (EUR)": 96537.81, "BD 2026 (%)": 0.002798197391304348, "BD 2027 (EUR)": null, "BD 2027 (%)": null, "BD 2028 (EUR)": null, "BD 2028 (%)": null, "BD 2029 (EUR)": null, "BD 2029 (%)": null, "BD 2030 (EUR)": null, "BD 2030 (%)": null, "BD C1 (EUR)": null, "BD C1 (%)": null, "BD C2 (EUR)": null, "BD C2 (%)": null, "BD C3 (EUR)": null, "BD C3 (%)": null, "BD C4 (EUR)": null, "BD C4 (%)": null, "BDF (EUR)": null, "BDF (%)": null, "BDA (EUR)": null, "BDA (%)": null, "BDC (EUR)": null, "BDC (%)": null, "BDMI (EUR)": null, "BDMI (%)": null, "BDMP (EUR)": null, "BDMP (%)": null, "BDS (EUR)": null, "BDS (%)": null, "TAC": null, "PA (EUR)": null, "D (EUR)": null, "TAC  C1": null, "PA C1 (EUR)": null, "D C1 (EUR)": null, "TAC C2": null, "PA C2 (EUR)": null, "D C2 (EUR)": null, "TAC  C3": null, "PA C3 (EUR)": null, "D C3 (EUR)": null, "TAC C4": null, "PA C4 (EUR)": null, "D C4 (EUR)": null, "TAC F": null, "PAF (EUR)": null, "DF (EUR)": null, "TAC A": null, "PAA (EUR)": null, "DA (EUR)": null, "TAC C": null, "PAC (EUR)": null, "DC (EUR)": null, "TAC MI": null, "PAMI (EUR)": null, "DMI (EUR)": null, " TAC MP": null, "PAMP (EUR)": null, "DMP (EUR)": null }, "geometry": null },
{ "type": "Feature", "properties": { "Année": 2027, "Mois": "Août", "UC": "UCR-F", "TAG": null, "NAP": null, "NAA": null, "NAC": null, "NAD": null, "TAR 1": null, "TAR 2": null, "TAR 1.1": null, "TAR 1.2": null, "TAR 2.1": null, "TAR 2.2": null, "TAA 1.1.1": null, "TAA 1.1.2": null, "TAA 1.1.3": null, "TAA 1.1.4": null, "TAA 1.2.1": null, "TAA 1.2.2": null, "TAA 1.2.3": null, "TAA 1.2.4": null, "TAA 2.1.1": null, "TAA 2.1.2": null, "TAA 2.1.3": null, "TAA 2.1.4": null, "TAA 2.2.1": null, "TAA 2.2.2": null, "TAA 2.2.3": null, "TAA 2.2.4": null, "DC": 3570353.05, "BT": 34500000, "TD": 0.10348849420289855, "BD 2024 (EUR)": 715524.94, "BD 2024 (%)": 0.020739853333333332, "BD 2025 (EUR)": 2758290.3, "BD 2025 (%)": 0.079950443478260858, "BD 2026 (EUR)": 96537.81, "BD 2026 (%)": 0.002798197391304348, "BD 2027 (EUR)": null, "BD 2027 (%)": null, "BD 2028 (EUR)": null, "BD 2028 (%)": null, "BD 2029 (EUR)": null, "BD 2029 (%)": null, "BD 2030 (EUR)": null, "BD 2030 (%)": null, "BD C1 (EUR)": null, "BD C1 (%)": null, "BD C2 (EUR)": null, "BD C2 (%)": null, "BD C3 (EUR)": null, "BD C3 (%)": null, "BD C4 (EUR)": null, "BD C4 (%)": null, "BDF (EUR)": null, "BDF (%)": null, "BDA (EUR)": null, "BDA (%)": null, "BDC (EUR)": null, "BDC (%)": null, "BDMI (EUR)": null, "BDMI (%)": null, "BDMP (EUR)": null, "BDMP (%)": null, "BDS (EUR)": null, "BDS (%)": null, "TAC": null, "PA (EUR)": null, "D (EUR)": null, "TAC  C1": null, "PA C1 (EUR)": null, "D C1 (EUR)": null, "TAC C2": null, "PA C2 (EUR)": null, "D C2 (EUR)": null, "TAC  C3": null, "PA C3 (EUR)": null, "D C3 (EUR)": null, "TAC C4": null, "PA C4 (EUR)": null, "D C4 (EUR)": null, "TAC F": null, "PAF (EUR)": null, "DF (EUR)": null, "TAC A": null, "PAA (EUR)": null, "DA (EUR)": null, "TAC C": null, "PAC (EUR)": null, "DC (EUR)": null, "TAC MI": null, "PAMI (EUR)": null, "DMI (EUR)": null, " TAC MP": null, "PAMP (EUR)": null, "DMP (EUR)": null }, "geometry": null },
{ "type": "Feature", "properties": { "Année": 2027, "Mois": "Septembre", "UC": "UCR-F", "TAG": null, "NAP": null, "NAA": null, "NAC": null, "NAD": null, "TAR 1": null, "TAR 2": null, "TAR 1.1": null, "TAR 1.2": null, "TAR 2.1": null, "TAR 2.2": null, "TAA 1.1.1": null, "TAA 1.1.2": null, "TAA 1.1.3": null, "TAA 1.1.4": null, "TAA 1.2.1": null, "TAA 1.2.2": null, "TAA 1.2.3": null, "TAA 1.2.4": null, "TAA 2.1.1": null, "TAA 2.1.2": null, "TAA 2.1.3": null, "TAA 2.1.4": null, "TAA 2.2.1": null, "TAA 2.2.2": null, "TAA 2.2.3": null, "TAA 2.2.4": null, "DC": 3570353.05, "BT": 34500000, "TD": 0.10348849420289855, "BD 2024 (EUR)": 715524.94, "BD 2024 (%)": 0.020739853333333332, "BD 2025 (EUR)": 2758290.3, "BD 2025 (%)": 0.079950443478260858, "BD 2026 (EUR)": 96537.81, "BD 2026 (%)": 0.002798197391304348, "BD 2027 (EUR)": null, "BD 2027 (%)": null, "BD 2028 (EUR)": null, "BD 2028 (%)": null, "BD 2029 (EUR)": null, "BD 2029 (%)": null, "BD 2030 (EUR)": null, "BD 2030 (%)": null, "BD C1 (EUR)": null, "BD C1 (%)": null, "BD C2 (EUR)": null, "BD C2 (%)": null, "BD C3 (EUR)": null, "BD C3 (%)": null, "BD C4 (EUR)": null, "BD C4 (%)": null, "BDF (EUR)": null, "BDF (%)": null, "BDA (EUR)": null, "BDA (%)": null, "BDC (EUR)": null, "BDC (%)": null, "BDMI (EUR)": null, "BDMI (%)": null, "BDMP (EUR)": null, "BDMP (%)": null, "BDS (EUR)": null, "BDS (%)": null, "TAC": null, "PA (EUR)": null, "D (EUR)": null, "TAC  C1": null, "PA C1 (EUR)": null, "D C1 (EUR)": null, "TAC C2": null, "PA C2 (EUR)": null, "D C2 (EUR)": null, "TAC  C3": null, "PA C3 (EUR)": null, "D C3 (EUR)": null, "TAC C4": null, "PA C4 (EUR)": null, "D C4 (EUR)": null, "TAC F": null, "PAF (EUR)": null, "DF (EUR)": null, "TAC A": null, "PAA (EUR)": null, "DA (EUR)": null, "TAC C": null, "PAC (EUR)": null, "DC (EUR)": null, "TAC MI": null, "PAMI (EUR)": null, "DMI (EUR)": null, " TAC MP": null, "PAMP (EUR)": null, "DMP (EUR)": null }, "geometry": null },
{ "type": "Feature", "properties": { "Année": 2027, "Mois": "Octobre", "UC": "UCR-F", "TAG": null, "NAP": null, "NAA": null, "NAC": null, "NAD": null, "TAR 1": null, "TAR 2": null, "TAR 1.1": null, "TAR 1.2": null, "TAR 2.1": null, "TAR 2.2": null, "TAA 1.1.1": null, "TAA 1.1.2": null, "TAA 1.1.3": null, "TAA 1.1.4": null, "TAA 1.2.1": null, "TAA 1.2.2": null, "TAA 1.2.3": null, "TAA 1.2.4": null, "TAA 2.1.1": null, "TAA 2.1.2": null, "TAA 2.1.3": null, "TAA 2.1.4": null, "TAA 2.2.1": null, "TAA 2.2.2": null, "TAA 2.2.3": null, "TAA 2.2.4": null, "DC": 3570353.05, "BT": 34500000, "TD": 0.10348849420289855, "BD 2024 (EUR)": 715524.94, "BD 2024 (%)": 0.020739853333333332, "BD 2025 (EUR)": 2758290.3, "BD 2025 (%)": 0.079950443478260858, "BD 2026 (EUR)": 96537.81, "BD 2026 (%)": 0.002798197391304348, "BD 2027 (EUR)": null, "BD 2027 (%)": null, "BD 2028 (EUR)": null, "BD 2028 (%)": null, "BD 2029 (EUR)": null, "BD 2029 (%)": null, "BD 2030 (EUR)": null, "BD 2030 (%)": null, "BD C1 (EUR)": null, "BD C1 (%)": null, "BD C2 (EUR)": null, "BD C2 (%)": null, "BD C3 (EUR)": null, "BD C3 (%)": null, "BD C4 (EUR)": null, "BD C4 (%)": null, "BDF (EUR)": null, "BDF (%)": null, "BDA (EUR)": null, "BDA (%)": null, "BDC (EUR)": null, "BDC (%)": null, "BDMI (EUR)": null, "BDMI (%)": null, "BDMP (EUR)": null, "BDMP (%)": null, "BDS (EUR)": null, "BDS (%)": null, "TAC": null, "PA (EUR)": null, "D (EUR)": null, "TAC  C1": null, "PA C1 (EUR)": null, "D C1 (EUR)": null, "TAC C2": null, "PA C2 (EUR)": null, "D C2 (EUR)": null, "TAC  C3": null, "PA C3 (EUR)": null, "D C3 (EUR)": null, "TAC C4": null, "PA C4 (EUR)": null, "D C4 (EUR)": null, "TAC F": null, "PAF (EUR)": null, "DF (EUR)": null, "TAC A": null, "PAA (EUR)": null, "DA (EUR)": null, "TAC C": null, "PAC (EUR)": null, "DC (EUR)": null, "TAC MI": null, "PAMI (EUR)": null, "DMI (EUR)": null, " TAC MP": null, "PAMP (EUR)": null, "DMP (EUR)": null }, "geometry": null },
{ "type": "Feature", "properties": { "Année": 2027, "Mois": "Novembre", "UC": "UCR-F", "TAG": null, "NAP": null, "NAA": null, "NAC": null, "NAD": null, "TAR 1": null, "TAR 2": null, "TAR 1.1": null, "TAR 1.2": null, "TAR 2.1": null, "TAR 2.2": null, "TAA 1.1.1": null, "TAA 1.1.2": null, "TAA 1.1.3": null, "TAA 1.1.4": null, "TAA 1.2.1": null, "TAA 1.2.2": null, "TAA 1.2.3": null, "TAA 1.2.4": null, "TAA 2.1.1": null, "TAA 2.1.2": null, "TAA 2.1.3": null, "TAA 2.1.4": null, "TAA 2.2.1": null, "TAA 2.2.2": null, "TAA 2.2.3": null, "TAA 2.2.4": null, "DC": 3570353.05, "BT": 34500000, "TD": 0.10348849420289855, "BD 2024 (EUR)": 715524.94, "BD 2024 (%)": 0.020739853333333332, "BD 2025 (EUR)": 2758290.3, "BD 2025 (%)": 0.079950443478260858, "BD 2026 (EUR)": 96537.81, "BD 2026 (%)": 0.002798197391304348, "BD 2027 (EUR)": null, "BD 2027 (%)": null, "BD 2028 (EUR)": null, "BD 2028 (%)": null, "BD 2029 (EUR)": null, "BD 2029 (%)": null, "BD 2030 (EUR)": null, "BD 2030 (%)": null, "BD C1 (EUR)": null, "BD C1 (%)": null, "BD C2 (EUR)": null, "BD C2 (%)": null, "BD C3 (EUR)": null, "BD C3 (%)": null, "BD C4 (EUR)": null, "BD C4 (%)": null, "BDF (EUR)": null, "BDF (%)": null, "BDA (EUR)": null, "BDA (%)": null, "BDC (EUR)": null, "BDC (%)": null, "BDMI (EUR)": null, "BDMI (%)": null, "BDMP (EUR)": null, "BDMP (%)": null, "BDS (EUR)": null, "BDS (%)": null, "TAC": null, "PA (EUR)": null, "D (EUR)": null, "TAC  C1": null, "PA C1 (EUR)": null, "D C1 (EUR)": null, "TAC C2": null, "PA C2 (EUR)": null, "D C2 (EUR)": null, "TAC  C3": null, "PA C3 (EUR)": null, "D C3 (EUR)": null, "TAC C4": null, "PA C4 (EUR)": null, "D C4 (EUR)": null, "TAC F": null, "PAF (EUR)": null, "DF (EUR)": null, "TAC A": null, "PAA (EUR)": null, "DA (EUR)": null, "TAC C": null, "PAC (EUR)": null, "DC (EUR)": null, "TAC MI": null, "PAMI (EUR)": null, "DMI (EUR)": null, " TAC MP": null, "PAMP (EUR)": null, "DMP (EUR)": null }, "geometry": null },
{ "type": "Feature", "properties": { "Année": 2027, "Mois": "Décembre", "UC": "UCR-F", "TAG": null, "NAP": null, "NAA": null, "NAC": null, "NAD": null, "TAR 1": null, "TAR 2": null, "TAR 1.1": null, "TAR 1.2": null, "TAR 2.1": null, "TAR 2.2": null, "TAA 1.1.1": null, "TAA 1.1.2": null, "TAA 1.1.3": null, "TAA 1.1.4": null, "TAA 1.2.1": null, "TAA 1.2.2": null, "TAA 1.2.3": null, "TAA 1.2.4": null, "TAA 2.1.1": null, "TAA 2.1.2": null, "TAA 2.1.3": null, "TAA 2.1.4": null, "TAA 2.2.1": null, "TAA 2.2.2": null, "TAA 2.2.3": null, "TAA 2.2.4": null, "DC": 3570353.05, "BT": 34500000, "TD": 0.10348849420289855, "BD 2024 (EUR)": 715524.94, "BD 2024 (%)": 0.020739853333333332, "BD 2025 (EUR)": 2758290.3, "BD 2025 (%)": 0.079950443478260858, "BD 2026 (EUR)": 96537.81, "BD 2026 (%)": 0.002798197391304348, "BD 2027 (EUR)": null, "BD 2027 (%)": null, "BD 2028 (EUR)": null, "BD 2028 (%)": null, "BD 2029 (EUR)": null, "BD 2029 (%)": null, "BD 2030 (EUR)": null, "BD 2030 (%)": null, "BD C1 (EUR)": null, "BD C1 (%)": null, "BD C2 (EUR)": null, "BD C2 (%)": null, "BD C3 (EUR)": null, "BD C3 (%)": null, "BD C4 (EUR)": null, "BD C4 (%)": null, "BDF (EUR)": null, "BDF (%)": null, "BDA (EUR)": null, "BDA (%)": null, "BDC (EUR)": null, "BDC (%)": null, "BDMI (EUR)": null, "BDMI (%)": null, "BDMP (EUR)": null, "BDMP (%)": null, "BDS (EUR)": null, "BDS (%)": null, "TAC": null, "PA (EUR)": null, "D (EUR)": null, "TAC  C1": null, "PA C1 (EUR)": null, "D C1 (EUR)": null, "TAC C2": null, "PA C2 (EUR)": null, "D C2 (EUR)": null, "TAC  C3": null, "PA C3 (EUR)": null, "D C3 (EUR)": null, "TAC C4": null, "PA C4 (EUR)": null, "D C4 (EUR)": null, "TAC F": null, "PAF (EUR)": null, "DF (EUR)": null, "TAC A": null, "PAA (EUR)": null, "DA (EUR)": null, "TAC C": null, "PAC (EUR)": null, "DC (EUR)": null, "TAC MI": null, "PAMI (EUR)": null, "DMI (EUR)": null, " TAC MP": null, "PAMP (EUR)": null, "DMP (EUR)": null }, "geometry": null },
{ "type": "Feature", "properties": { "Année": 2027, "Mois": "Janvier", "UC": "UCR-FD", "TAG": null, "NAP": null, "NAA": null, "NAC": null, "NAD": null, "TAR 1": null, "TAR 2": null, "TAR 1.1": null, "TAR 1.2": null, "TAR 2.1": null, "TAR 2.2": null, "TAA 1.1.1": null, "TAA 1.1.2": null, "TAA 1.1.3": null, "TAA 1.1.4": null, "TAA 1.2.1": null, "TAA 1.2.2": null, "TAA 1.2.3": null, "TAA 1.2.4": null, "TAA 2.1.1": null, "TAA 2.1.2": null, "TAA 2.1.3": null, "TAA 2.1.4": null, "TAA 2.2.1": null, "TAA 2.2.2": null, "TAA 2.2.3": null, "TAA 2.2.4": null, "DC": 3570353.05, "BT": 34500000, "TD": 0.10348849420289855, "BD 2024 (EUR)": 715524.94, "BD 2024 (%)": 0.020739853333333332, "BD 2025 (EUR)": 2758290.3, "BD 2025 (%)": 0.079950443478260858, "BD 2026 (EUR)": 96537.81, "BD 2026 (%)": 0.002798197391304348, "BD 2027 (EUR)": null, "BD 2027 (%)": null, "BD 2028 (EUR)": null, "BD 2028 (%)": null, "BD 2029 (EUR)": null, "BD 2029 (%)": null, "BD 2030 (EUR)": null, "BD 2030 (%)": null, "BD C1 (EUR)": null, "BD C1 (%)": null, "BD C2 (EUR)": null, "BD C2 (%)": null, "BD C3 (EUR)": null, "BD C3 (%)": null, "BD C4 (EUR)": null, "BD C4 (%)": null, "BDF (EUR)": null, "BDF (%)": null, "BDA (EUR)": null, "BDA (%)": null, "BDC (EUR)": null, "BDC (%)": null, "BDMI (EUR)": null, "BDMI (%)": null, "BDMP (EUR)": null, "BDMP (%)": null, "BDS (EUR)": null, "BDS (%)": null, "TAC": null, "PA (EUR)": null, "D (EUR)": null, "TAC  C1": null, "PA C1 (EUR)": null, "D C1 (EUR)": null, "TAC C2": null, "PA C2 (EUR)": null, "D C2 (EUR)": null, "TAC  C3": null, "PA C3 (EUR)": null, "D C3 (EUR)": null, "TAC C4": null, "PA C4 (EUR)": null, "D C4 (EUR)": null, "TAC F": null, "PAF (EUR)": null, "DF (EUR)": null, "TAC A": null, "PAA (EUR)": null, "DA (EUR)": null, "TAC C": null, "PAC (EUR)": null, "DC (EUR)": null, "TAC MI": null, "PAMI (EUR)": null, "DMI (EUR)": null, " TAC MP": null, "PAMP (EUR)": null, "DMP (EUR)": null }, "geometry": null },
{ "type": "Feature", "properties": { "Année": 2027, "Mois": "Février", "UC": "UCR-FD", "TAG": null, "NAP": null, "NAA": null, "NAC": null, "NAD": null, "TAR 1": null, "TAR 2": null, "TAR 1.1": null, "TAR 1.2": null, "TAR 2.1": null, "TAR 2.2": null, "TAA 1.1.1": null, "TAA 1.1.2": null, "TAA 1.1.3": null, "TAA 1.1.4": null, "TAA 1.2.1": null, "TAA 1.2.2": null, "TAA 1.2.3": null, "TAA 1.2.4": null, "TAA 2.1.1": null, "TAA 2.1.2": null, "TAA 2.1.3": null, "TAA 2.1.4": null, "TAA 2.2.1": null, "TAA 2.2.2": null, "TAA 2.2.3": null, "TAA 2.2.4": null, "DC": 3570353.05, "BT": 34500000, "TD": 0.10348849420289855, "BD 2024 (EUR)": 715524.94, "BD 2024 (%)": 0.020739853333333332, "BD 2025 (EUR)": 2758290.3, "BD 2025 (%)": 0.079950443478260858, "BD 2026 (EUR)": 96537.81, "BD 2026 (%)": 0.002798197391304348, "BD 2027 (EUR)": null, "BD 2027 (%)": null, "BD 2028 (EUR)": null, "BD 2028 (%)": null, "BD 2029 (EUR)": null, "BD 2029 (%)": null, "BD 2030 (EUR)": null, "BD 2030 (%)": null, "BD C1 (EUR)": null, "BD C1 (%)": null, "BD C2 (EUR)": null, "BD C2 (%)": null, "BD C3 (EUR)": null, "BD C3 (%)": null, "BD C4 (EUR)": null, "BD C4 (%)": null, "BDF (EUR)": null, "BDF (%)": null, "BDA (EUR)": null, "BDA (%)": null, "BDC (EUR)": null, "BDC (%)": null, "BDMI (EUR)": null, "BDMI (%)": null, "BDMP (EUR)": null, "BDMP (%)": null, "BDS (EUR)": null, "BDS (%)": null, "TAC": null, "PA (EUR)": null, "D (EUR)": null, "TAC  C1": null, "PA C1 (EUR)": null, "D C1 (EUR)": null, "TAC C2": null, "PA C2 (EUR)": null, "D C2 (EUR)": null, "TAC  C3": null, "PA C3 (EUR)": null, "D C3 (EUR)": null, "TAC C4": null, "PA C4 (EUR)": null, "D C4 (EUR)": null, "TAC F": null, "PAF (EUR)": null, "DF (EUR)": null, "TAC A": null, "PAA (EUR)": null, "DA (EUR)": null, "TAC C": null, "PAC (EUR)": null, "DC (EUR)": null, "TAC MI": null, "PAMI (EUR)": null, "DMI (EUR)": null, " TAC MP": null, "PAMP (EUR)": null, "DMP (EUR)": null }, "geometry": null },
{ "type": "Feature", "properties": { "Année": 2027, "Mois": "Mars", "UC": "UCR-FD", "TAG": null, "NAP": null, "NAA": null, "NAC": null, "NAD": null, "TAR 1": null, "TAR 2": null, "TAR 1.1": null, "TAR 1.2": null, "TAR 2.1": null, "TAR 2.2": null, "TAA 1.1.1": null, "TAA 1.1.2": null, "TAA 1.1.3": null, "TAA 1.1.4": null, "TAA 1.2.1": null, "TAA 1.2.2": null, "TAA 1.2.3": null, "TAA 1.2.4": null, "TAA 2.1.1": null, "TAA 2.1.2": null, "TAA 2.1.3": null, "TAA 2.1.4": null, "TAA 2.2.1": null, "TAA 2.2.2": null, "TAA 2.2.3": null, "TAA 2.2.4": null, "DC": 3570353.05, "BT": 34500000, "TD": 0.10348849420289855, "BD 2024 (EUR)": 715524.94, "BD 2024 (%)": 0.020739853333333332, "BD 2025 (EUR)": 2758290.3, "BD 2025 (%)": 0.079950443478260858, "BD 2026 (EUR)": 96537.81, "BD 2026 (%)": 0.002798197391304348, "BD 2027 (EUR)": null, "BD 2027 (%)": null, "BD 2028 (EUR)": null, "BD 2028 (%)": null, "BD 2029 (EUR)": null, "BD 2029 (%)": null, "BD 2030 (EUR)": null, "BD 2030 (%)": null, "BD C1 (EUR)": null, "BD C1 (%)": null, "BD C2 (EUR)": null, "BD C2 (%)": null, "BD C3 (EUR)": null, "BD C3 (%)": null, "BD C4 (EUR)": null, "BD C4 (%)": null, "BDF (EUR)": null, "BDF (%)": null, "BDA (EUR)": null, "BDA (%)": null, "BDC (EUR)": null, "BDC (%)": null, "BDMI (EUR)": null, "BDMI (%)": null, "BDMP (EUR)": null, "BDMP (%)": null, "BDS (EUR)": null, "BDS (%)": null, "TAC": null, "PA (EUR)": null, "D (EUR)": null, "TAC  C1": null, "PA C1 (EUR)": null, "D C1 (EUR)": null, "TAC C2": null, "PA C2 (EUR)": null, "D C2 (EUR)": null, "TAC  C3": null, "PA C3 (EUR)": null, "D C3 (EUR)": null, "TAC C4": null, "PA C4 (EUR)": null, "D C4 (EUR)": null, "TAC F": null, "PAF (EUR)": null, "DF (EUR)": null, "TAC A": null, "PAA (EUR)": null, "DA (EUR)": null, "TAC C": null, "PAC (EUR)": null, "DC (EUR)": null, "TAC MI": null, "PAMI (EUR)": null, "DMI (EUR)": null, " TAC MP": null, "PAMP (EUR)": null, "DMP (EUR)": null }, "geometry": null },
{ "type": "Feature", "properties": { "Année": 2027, "Mois": "Avril", "UC": "UCR-FD", "TAG": null, "NAP": null, "NAA": null, "NAC": null, "NAD": null, "TAR 1": null, "TAR 2": null, "TAR 1.1": null, "TAR 1.2": null, "TAR 2.1": null, "TAR 2.2": null, "TAA 1.1.1": null, "TAA 1.1.2": null, "TAA 1.1.3": null, "TAA 1.1.4": null, "TAA 1.2.1": null, "TAA 1.2.2": null, "TAA 1.2.3": null, "TAA 1.2.4": null, "TAA 2.1.1": null, "TAA 2.1.2": null, "TAA 2.1.3": null, "TAA 2.1.4": null, "TAA 2.2.1": null, "TAA 2.2.2": null, "TAA 2.2.3": null, "TAA 2.2.4": null, "DC": 3570353.05, "BT": 34500000, "TD": 0.10348849420289855, "BD 2024 (EUR)": 715524.94, "BD 2024 (%)": 0.020739853333333332, "BD 2025 (EUR)": 2758290.3, "BD 2025 (%)": 0.079950443478260858, "BD 2026 (EUR)": 96537.81, "BD 2026 (%)": 0.002798197391304348, "BD 2027 (EUR)": null, "BD 2027 (%)": null, "BD 2028 (EUR)": null, "BD 2028 (%)": null, "BD 2029 (EUR)": null, "BD 2029 (%)": null, "BD 2030 (EUR)": null, "BD 2030 (%)": null, "BD C1 (EUR)": null, "BD C1 (%)": null, "BD C2 (EUR)": null, "BD C2 (%)": null, "BD C3 (EUR)": null, "BD C3 (%)": null, "BD C4 (EUR)": null, "BD C4 (%)": null, "BDF (EUR)": null, "BDF (%)": null, "BDA (EUR)": null, "BDA (%)": null, "BDC (EUR)": null, "BDC (%)": null, "BDMI (EUR)": null, "BDMI (%)": null, "BDMP (EUR)": null, "BDMP (%)": null, "BDS (EUR)": null, "BDS (%)": null, "TAC": null, "PA (EUR)": null, "D (EUR)": null, "TAC  C1": null, "PA C1 (EUR)": null, "D C1 (EUR)": null, "TAC C2": null, "PA C2 (EUR)": null, "D C2 (EUR)": null, "TAC  C3": null, "PA C3 (EUR)": null, "D C3 (EUR)": null, "TAC C4": null, "PA C4 (EUR)": null, "D C4 (EUR)": null, "TAC F": null, "PAF (EUR)": null, "DF (EUR)": null, "TAC A": null, "PAA (EUR)": null, "DA (EUR)": null, "TAC C": null, "PAC (EUR)": null, "DC (EUR)": null, "TAC MI": null, "PAMI (EUR)": null, "DMI (EUR)": null, " TAC MP": null, "PAMP (EUR)": null, "DMP (EUR)": null }, "geometry": null },
{ "type": "Feature", "properties": { "Année": 2027, "Mois": "Mai", "UC": "UCR-FD", "TAG": null, "NAP": null, "NAA": null, "NAC": null, "NAD": null, "TAR 1": null, "TAR 2": null, "TAR 1.1": null, "TAR 1.2": null, "TAR 2.1": null, "TAR 2.2": null, "TAA 1.1.1": null, "TAA 1.1.2": null, "TAA 1.1.3": null, "TAA 1.1.4": null, "TAA 1.2.1": null, "TAA 1.2.2": null, "TAA 1.2.3": null, "TAA 1.2.4": null, "TAA 2.1.1": null, "TAA 2.1.2": null, "TAA 2.1.3": null, "TAA 2.1.4": null, "TAA 2.2.1": null, "TAA 2.2.2": null, "TAA 2.2.3": null, "TAA 2.2.4": null, "DC": 3570353.05, "BT": 34500000, "TD": 0.10348849420289855, "BD 2024 (EUR)": 715524.94, "BD 2024 (%)": 0.020739853333333332, "BD 2025 (EUR)": 2758290.3, "BD 2025 (%)": 0.079950443478260858, "BD 2026 (EUR)": 96537.81, "BD 2026 (%)": 0.002798197391304348, "BD 2027 (EUR)": null, "BD 2027 (%)": null, "BD 2028 (EUR)": null, "BD 2028 (%)": null, "BD 2029 (EUR)": null, "BD 2029 (%)": null, "BD 2030 (EUR)": null, "BD 2030 (%)": null, "BD C1 (EUR)": null, "BD C1 (%)": null, "BD C2 (EUR)": null, "BD C2 (%)": null, "BD C3 (EUR)": null, "BD C3 (%)": null, "BD C4 (EUR)": null, "BD C4 (%)": null, "BDF (EUR)": null, "BDF (%)": null, "BDA (EUR)": null, "BDA (%)": null, "BDC (EUR)": null, "BDC (%)": null, "BDMI (EUR)": null, "BDMI (%)": null, "BDMP (EUR)": null, "BDMP (%)": null, "BDS (EUR)": null, "BDS (%)": null, "TAC": null, "PA (EUR)": null, "D (EUR)": null, "TAC  C1": null, "PA C1 (EUR)": null, "D C1 (EUR)": null, "TAC C2": null, "PA C2 (EUR)": null, "D C2 (EUR)": null, "TAC  C3": null, "PA C3 (EUR)": null, "D C3 (EUR)": null, "TAC C4": null, "PA C4 (EUR)": null, "D C4 (EUR)": null, "TAC F": null, "PAF (EUR)": null, "DF (EUR)": null, "TAC A": null, "PAA (EUR)": null, "DA (EUR)": null, "TAC C": null, "PAC (EUR)": null, "DC (EUR)": null, "TAC MI": null, "PAMI (EUR)": null, "DMI (EUR)": null, " TAC MP": null, "PAMP (EUR)": null, "DMP (EUR)": null }, "geometry": null },
{ "type": "Feature", "properties": { "Année": 2027, "Mois": "Juin", "UC": "UCR-FD", "TAG": null, "NAP": null, "NAA": null, "NAC": null, "NAD": null, "TAR 1": null, "TAR 2": null, "TAR 1.1": null, "TAR 1.2": null, "TAR 2.1": null, "TAR 2.2": null, "TAA 1.1.1": null, "TAA 1.1.2": null, "TAA 1.1.3": null, "TAA 1.1.4": null, "TAA 1.2.1": null, "TAA 1.2.2": null, "TAA 1.2.3": null, "TAA 1.2.4": null, "TAA 2.1.1": null, "TAA 2.1.2": null, "TAA 2.1.3": null, "TAA 2.1.4": null, "TAA 2.2.1": null, "TAA 2.2.2": null, "TAA 2.2.3": null, "TAA 2.2.4": null, "DC": 3570353.05, "BT": 34500000, "TD": 0.10348849420289855, "BD 2024 (EUR)": 715524.94, "BD 2024 (%)": 0.020739853333333332, "BD 2025 (EUR)": 2758290.3, "BD 2025 (%)": 0.079950443478260858, "BD 2026 (EUR)": 96537.81, "BD 2026 (%)": 0.002798197391304348, "BD 2027 (EUR)": null, "BD 2027 (%)": null, "BD 2028 (EUR)": null, "BD 2028 (%)": null, "BD 2029 (EUR)": null, "BD 2029 (%)": null, "BD 2030 (EUR)": null, "BD 2030 (%)": null, "BD C1 (EUR)": null, "BD C1 (%)": null, "BD C2 (EUR)": null, "BD C2 (%)": null, "BD C3 (EUR)": null, "BD C3 (%)": null, "BD C4 (EUR)": null, "BD C4 (%)": null, "BDF (EUR)": null, "BDF (%)": null, "BDA (EUR)": null, "BDA (%)": null, "BDC (EUR)": null, "BDC (%)": null, "BDMI (EUR)": null, "BDMI (%)": null, "BDMP (EUR)": null, "BDMP (%)": null, "BDS (EUR)": null, "BDS (%)": null, "TAC": null, "PA (EUR)": null, "D (EUR)": null, "TAC  C1": null, "PA C1 (EUR)": null, "D C1 (EUR)": null, "TAC C2": null, "PA C2 (EUR)": null, "D C2 (EUR)": null, "TAC  C3": null, "PA C3 (EUR)": null, "D C3 (EUR)": null, "TAC C4": null, "PA C4 (EUR)": null, "D C4 (EUR)": null, "TAC F": null, "PAF (EUR)": null, "DF (EUR)": null, "TAC A": null, "PAA (EUR)": null, "DA (EUR)": null, "TAC C": null, "PAC (EUR)": null, "DC (EUR)": null, "TAC MI": null, "PAMI (EUR)": null, "DMI (EUR)": null, " TAC MP": null, "PAMP (EUR)": null, "DMP (EUR)": null }, "geometry": null },
{ "type": "Feature", "properties": { "Année": 2027, "Mois": "Juillet", "UC": "UCR-FD", "TAG": null, "NAP": null, "NAA": null, "NAC": null, "NAD": null, "TAR 1": null, "TAR 2": null, "TAR 1.1": null, "TAR 1.2": null, "TAR 2.1": null, "TAR 2.2": null, "TAA 1.1.1": null, "TAA 1.1.2": null, "TAA 1.1.3": null, "TAA 1.1.4": null, "TAA 1.2.1": null, "TAA 1.2.2": null, "TAA 1.2.3": null, "TAA 1.2.4": null, "TAA 2.1.1": null, "TAA 2.1.2": null, "TAA 2.1.3": null, "TAA 2.1.4": null, "TAA 2.2.1": null, "TAA 2.2.2": null, "TAA 2.2.3": null, "TAA 2.2.4": null, "DC": 3570353.05, "BT": 34500000, "TD": 0.10348849420289855, "BD 2024 (EUR)": 715524.94, "BD 2024 (%)": 0.020739853333333332, "BD 2025 (EUR)": 2758290.3, "BD 2025 (%)": 0.079950443478260858, "BD 2026 (EUR)": 96537.81, "BD 2026 (%)": 0.002798197391304348, "BD 2027 (EUR)": null, "BD 2027 (%)": null, "BD 2028 (EUR)": null, "BD 2028 (%)": null, "BD 2029 (EUR)": null, "BD 2029 (%)": null, "BD 2030 (EUR)": null, "BD 2030 (%)": null, "BD C1 (EUR)": null, "BD C1 (%)": null, "BD C2 (EUR)": null, "BD C2 (%)": null, "BD C3 (EUR)": null, "BD C3 (%)": null, "BD C4 (EUR)": null, "BD C4 (%)": null, "BDF (EUR)": null, "BDF (%)": null, "BDA (EUR)": null, "BDA (%)": null, "BDC (EUR)": null, "BDC (%)": null, "BDMI (EUR)": null, "BDMI (%)": null, "BDMP (EUR)": null, "BDMP (%)": null, "BDS (EUR)": null, "BDS (%)": null, "TAC": null, "PA (EUR)": null, "D (EUR)": null, "TAC  C1": null, "PA C1 (EUR)": null, "D C1 (EUR)": null, "TAC C2": null, "PA C2 (EUR)": null, "D C2 (EUR)": null, "TAC  C3": null, "PA C3 (EUR)": null, "D C3 (EUR)": null, "TAC C4": null, "PA C4 (EUR)": null, "D C4 (EUR)": null, "TAC F": null, "PAF (EUR)": null, "DF (EUR)": null, "TAC A": null, "PAA (EUR)": null, "DA (EUR)": null, "TAC C": null, "PAC (EUR)": null, "DC (EUR)": null, "TAC MI": null, "PAMI (EUR)": null, "DMI (EUR)": null, " TAC MP": null, "PAMP (EUR)": null, "DMP (EUR)": null }, "geometry": null },
{ "type": "Feature", "properties": { "Année": 2027, "Mois": "Août", "UC": "UCR-FD", "TAG": null, "NAP": null, "NAA": null, "NAC": null, "NAD": null, "TAR 1": null, "TAR 2": null, "TAR 1.1": null, "TAR 1.2": null, "TAR 2.1": null, "TAR 2.2": null, "TAA 1.1.1": null, "TAA 1.1.2": null, "TAA 1.1.3": null, "TAA 1.1.4": null, "TAA 1.2.1": null, "TAA 1.2.2": null, "TAA 1.2.3": null, "TAA 1.2.4": null, "TAA 2.1.1": null, "TAA 2.1.2": null, "TAA 2.1.3": null, "TAA 2.1.4": null, "TAA 2.2.1": null, "TAA 2.2.2": null, "TAA 2.2.3": null, "TAA 2.2.4": null, "DC": 3570353.05, "BT": 34500000, "TD": 0.10348849420289855, "BD 2024 (EUR)": 715524.94, "BD 2024 (%)": 0.020739853333333332, "BD 2025 (EUR)": 2758290.3, "BD 2025 (%)": 0.079950443478260858, "BD 2026 (EUR)": 96537.81, "BD 2026 (%)": 0.002798197391304348, "BD 2027 (EUR)": null, "BD 2027 (%)": null, "BD 2028 (EUR)": null, "BD 2028 (%)": null, "BD 2029 (EUR)": null, "BD 2029 (%)": null, "BD 2030 (EUR)": null, "BD 2030 (%)": null, "BD C1 (EUR)": null, "BD C1 (%)": null, "BD C2 (EUR)": null, "BD C2 (%)": null, "BD C3 (EUR)": null, "BD C3 (%)": null, "BD C4 (EUR)": null, "BD C4 (%)": null, "BDF (EUR)": null, "BDF (%)": null, "BDA (EUR)": null, "BDA (%)": null, "BDC (EUR)": null, "BDC (%)": null, "BDMI (EUR)": null, "BDMI (%)": null, "BDMP (EUR)": null, "BDMP (%)": null, "BDS (EUR)": null, "BDS (%)": null, "TAC": null, "PA (EUR)": null, "D (EUR)": null, "TAC  C1": null, "PA C1 (EUR)": null, "D C1 (EUR)": null, "TAC C2": null, "PA C2 (EUR)": null, "D C2 (EUR)": null, "TAC  C3": null, "PA C3 (EUR)": null, "D C3 (EUR)": null, "TAC C4": null, "PA C4 (EUR)": null, "D C4 (EUR)": null, "TAC F": null, "PAF (EUR)": null, "DF (EUR)": null, "TAC A": null, "PAA (EUR)": null, "DA (EUR)": null, "TAC C": null, "PAC (EUR)": null, "DC (EUR)": null, "TAC MI": null, "PAMI (EUR)": null, "DMI (EUR)": null, " TAC MP": null, "PAMP (EUR)": null, "DMP (EUR)": null }, "geometry": null },
{ "type": "Feature", "properties": { "Année": 2027, "Mois": "Septembre", "UC": "UCR-FD", "TAG": null, "NAP": null, "NAA": null, "NAC": null, "NAD": null, "TAR 1": null, "TAR 2": null, "TAR 1.1": null, "TAR 1.2": null, "TAR 2.1": null, "TAR 2.2": null, "TAA 1.1.1": null, "TAA 1.1.2": null, "TAA 1.1.3": null, "TAA 1.1.4": null, "TAA 1.2.1": null, "TAA 1.2.2": null, "TAA 1.2.3": null, "TAA 1.2.4": null, "TAA 2.1.1": null, "TAA 2.1.2": null, "TAA 2.1.3": null, "TAA 2.1.4": null, "TAA 2.2.1": null, "TAA 2.2.2": null, "TAA 2.2.3": null, "TAA 2.2.4": null, "DC": 3570353.05, "BT": 34500000, "TD": 0.10348849420289855, "BD 2024 (EUR)": 715524.94, "BD 2024 (%)": 0.020739853333333332, "BD 2025 (EUR)": 2758290.3, "BD 2025 (%)": 0.079950443478260858, "BD 2026 (EUR)": 96537.81, "BD 2026 (%)": 0.002798197391304348, "BD 2027 (EUR)": null, "BD 2027 (%)": null, "BD 2028 (EUR)": null, "BD 2028 (%)": null, "BD 2029 (EUR)": null, "BD 2029 (%)": null, "BD 2030 (EUR)": null, "BD 2030 (%)": null, "BD C1 (EUR)": null, "BD C1 (%)": null, "BD C2 (EUR)": null, "BD C2 (%)": null, "BD C3 (EUR)": null, "BD C3 (%)": null, "BD C4 (EUR)": null, "BD C4 (%)": null, "BDF (EUR)": null, "BDF (%)": null, "BDA (EUR)": null, "BDA (%)": null, "BDC (EUR)": null, "BDC (%)": null, "BDMI (EUR)": null, "BDMI (%)": null, "BDMP (EUR)": null, "BDMP (%)": null, "BDS (EUR)": null, "BDS (%)": null, "TAC": null, "PA (EUR)": null, "D (EUR)": null, "TAC  C1": null, "PA C1 (EUR)": null, "D C1 (EUR)": null, "TAC C2": null, "PA C2 (EUR)": null, "D C2 (EUR)": null, "TAC  C3": null, "PA C3 (EUR)": null, "D C3 (EUR)": null, "TAC C4": null, "PA C4 (EUR)": null, "D C4 (EUR)": null, "TAC F": null, "PAF (EUR)": null, "DF (EUR)": null, "TAC A": null, "PAA (EUR)": null, "DA (EUR)": null, "TAC C": null, "PAC (EUR)": null, "DC (EUR)": null, "TAC MI": null, "PAMI (EUR)": null, "DMI (EUR)": null, " TAC MP": null, "PAMP (EUR)": null, "DMP (EUR)": null }, "geometry": null },
{ "type": "Feature", "properties": { "Année": 2027, "Mois": "Octobre", "UC": "UCR-FD", "TAG": null, "NAP": null, "NAA": null, "NAC": null, "NAD": null, "TAR 1": null, "TAR 2": null, "TAR 1.1": null, "TAR 1.2": null, "TAR 2.1": null, "TAR 2.2": null, "TAA 1.1.1": null, "TAA 1.1.2": null, "TAA 1.1.3": null, "TAA 1.1.4": null, "TAA 1.2.1": null, "TAA 1.2.2": null, "TAA 1.2.3": null, "TAA 1.2.4": null, "TAA 2.1.1": null, "TAA 2.1.2": null, "TAA 2.1.3": null, "TAA 2.1.4": null, "TAA 2.2.1": null, "TAA 2.2.2": null, "TAA 2.2.3": null, "TAA 2.2.4": null, "DC": 3570353.05, "BT": 34500000, "TD": 0.10348849420289855, "BD 2024 (EUR)": 715524.94, "BD 2024 (%)": 0.020739853333333332, "BD 2025 (EUR)": 2758290.3, "BD 2025 (%)": 0.079950443478260858, "BD 2026 (EUR)": 96537.81, "BD 2026 (%)": 0.002798197391304348, "BD 2027 (EUR)": null, "BD 2027 (%)": null, "BD 2028 (EUR)": null, "BD 2028 (%)": null, "BD 2029 (EUR)": null, "BD 2029 (%)": null, "BD 2030 (EUR)": null, "BD 2030 (%)": null, "BD C1 (EUR)": null, "BD C1 (%)": null, "BD C2 (EUR)": null, "BD C2 (%)": null, "BD C3 (EUR)": null, "BD C3 (%)": null, "BD C4 (EUR)": null, "BD C4 (%)": null, "BDF (EUR)": null, "BDF (%)": null, "BDA (EUR)": null, "BDA (%)": null, "BDC (EUR)": null, "BDC (%)": null, "BDMI (EUR)": null, "BDMI (%)": null, "BDMP (EUR)": null, "BDMP (%)": null, "BDS (EUR)": null, "BDS (%)": null, "TAC": null, "PA (EUR)": null, "D (EUR)": null, "TAC  C1": null, "PA C1 (EUR)": null, "D C1 (EUR)": null, "TAC C2": null, "PA C2 (EUR)": null, "D C2 (EUR)": null, "TAC  C3": null, "PA C3 (EUR)": null, "D C3 (EUR)": null, "TAC C4": null, "PA C4 (EUR)": null, "D C4 (EUR)": null, "TAC F": null, "PAF (EUR)": null, "DF (EUR)": null, "TAC A": null, "PAA (EUR)": null, "DA (EUR)": null, "TAC C": null, "PAC (EUR)": null, "DC (EUR)": null, "TAC MI": null, "PAMI (EUR)": null, "DMI (EUR)": null, " TAC MP": null, "PAMP (EUR)": null, "DMP (EUR)": null }, "geometry": null },
{ "type": "Feature", "properties": { "Année": 2027, "Mois": "Novembre", "UC": "UCR-FD", "TAG": null, "NAP": null, "NAA": null, "NAC": null, "NAD": null, "TAR 1": null, "TAR 2": null, "TAR 1.1": null, "TAR 1.2": null, "TAR 2.1": null, "TAR 2.2": null, "TAA 1.1.1": null, "TAA 1.1.2": null, "TAA 1.1.3": null, "TAA 1.1.4": null, "TAA 1.2.1": null, "TAA 1.2.2": null, "TAA 1.2.3": null, "TAA 1.2.4": null, "TAA 2.1.1": null, "TAA 2.1.2": null, "TAA 2.1.3": null, "TAA 2.1.4": null, "TAA 2.2.1": null, "TAA 2.2.2": null, "TAA 2.2.3": null, "TAA 2.2.4": null, "DC": 3570353.05, "BT": 34500000, "TD": 0.10348849420289855, "BD 2024 (EUR)": 715524.94, "BD 2024 (%)": 0.020739853333333332, "BD 2025 (EUR)": 2758290.3, "BD 2025 (%)": 0.079950443478260858, "BD 2026 (EUR)": 96537.81, "BD 2026 (%)": 0.002798197391304348, "BD 2027 (EUR)": null, "BD 2027 (%)": null, "BD 2028 (EUR)": null, "BD 2028 (%)": null, "BD 2029 (EUR)": null, "BD 2029 (%)": null, "BD 2030 (EUR)": null, "BD 2030 (%)": null, "BD C1 (EUR)": null, "BD C1 (%)": null, "BD C2 (EUR)": null, "BD C2 (%)": null, "BD C3 (EUR)": null, "BD C3 (%)": null, "BD C4 (EUR)": null, "BD C4 (%)": null, "BDF (EUR)": null, "BDF (%)": null, "BDA (EUR)": null, "BDA (%)": null, "BDC (EUR)": null, "BDC (%)": null, "BDMI (EUR)": null, "BDMI (%)": null, "BDMP (EUR)": null, "BDMP (%)": null, "BDS (EUR)": null, "BDS (%)": null, "TAC": null, "PA (EUR)": null, "D (EUR)": null, "TAC  C1": null, "PA C1 (EUR)": null, "D C1 (EUR)": null, "TAC C2": null, "PA C2 (EUR)": null, "D C2 (EUR)": null, "TAC  C3": null, "PA C3 (EUR)": null, "D C3 (EUR)": null, "TAC C4": null, "PA C4 (EUR)": null, "D C4 (EUR)": null, "TAC F": null, "PAF (EUR)": null, "DF (EUR)": null, "TAC A": null, "PAA (EUR)": null, "DA (EUR)": null, "TAC C": null, "PAC (EUR)": null, "DC (EUR)": null, "TAC MI": null, "PAMI (EUR)": null, "DMI (EUR)": null, " TAC MP": null, "PAMP (EUR)": null, "DMP (EUR)": null }, "geometry": null },
{ "type": "Feature", "properties": { "Année": 2027, "Mois": "Décembre", "UC": "UCR-FD", "TAG": null, "NAP": null, "NAA": null, "NAC": null, "NAD": null, "TAR 1": null, "TAR 2": null, "TAR 1.1": null, "TAR 1.2": null, "TAR 2.1": null, "TAR 2.2": null, "TAA 1.1.1": null, "TAA 1.1.2": null, "TAA 1.1.3": null, "TAA 1.1.4": null, "TAA 1.2.1": null, "TAA 1.2.2": null, "TAA 1.2.3": null, "TAA 1.2.4": null, "TAA 2.1.1": null, "TAA 2.1.2": null, "TAA 2.1.3": null, "TAA 2.1.4": null, "TAA 2.2.1": null, "TAA 2.2.2": null, "TAA 2.2.3": null, "TAA 2.2.4": null, "DC": 3570353.05, "BT": 34500000, "TD": 0.10348849420289855, "BD 2024 (EUR)": 715524.94, "BD 2024 (%)": 0.020739853333333332, "BD 2025 (EUR)": 2758290.3, "BD 2025 (%)": 0.079950443478260858, "BD 2026 (EUR)": 96537.81, "BD 2026 (%)": 0.002798197391304348, "BD 2027 (EUR)": null, "BD 2027 (%)": null, "BD 2028 (EUR)": null, "BD 2028 (%)": null, "BD 2029 (EUR)": null, "BD 2029 (%)": null, "BD 2030 (EUR)": null, "BD 2030 (%)": null, "BD C1 (EUR)": null, "BD C1 (%)": null, "BD C2 (EUR)": null, "BD C2 (%)": null, "BD C3 (EUR)": null, "BD C3 (%)": null, "BD C4 (EUR)": null, "BD C4 (%)": null, "BDF (EUR)": null, "BDF (%)": null, "BDA (EUR)": null, "BDA (%)": null, "BDC (EUR)": null, "BDC (%)": null, "BDMI (EUR)": null, "BDMI (%)": null, "BDMP (EUR)": null, "BDMP (%)": null, "BDS (EUR)": null, "BDS (%)": null, "TAC": null, "PA (EUR)": null, "D (EUR)": null, "TAC  C1": null, "PA C1 (EUR)": null, "D C1 (EUR)": null, "TAC C2": null, "PA C2 (EUR)": null, "D C2 (EUR)": null, "TAC  C3": null, "PA C3 (EUR)": null, "D C3 (EUR)": null, "TAC C4": null, "PA C4 (EUR)": null, "D C4 (EUR)": null, "TAC F": null, "PAF (EUR)": null, "DF (EUR)": null, "TAC A": null, "PAA (EUR)": null, "DA (EUR)": null, "TAC C": null, "PAC (EUR)": null, "DC (EUR)": null, "TAC MI": null, "PAMI (EUR)": null, "DMI (EUR)": null, " TAC MP": null, "PAMP (EUR)": null, "DMP (EUR)": null }, "geometry": null },
{ "type": "Feature", "properties": { "Année": 2028, "Mois": "Janvier", "UC": "Tous", "TAG": null, "NAP": null, "NAA": null, "NAC": null, "NAD": null, "TAR 1": null, "TAR 2": null, "TAR 1.1": null, "TAR 1.2": null, "TAR 2.1": null, "TAR 2.2": null, "TAA 1.1.1": null, "TAA 1.1.2": null, "TAA 1.1.3": null, "TAA 1.1.4": null, "TAA 1.2.1": null, "TAA 1.2.2": null, "TAA 1.2.3": null, "TAA 1.2.4": null, "TAA 2.1.1": null, "TAA 2.1.2": null, "TAA 2.1.3": null, "TAA 2.1.4": null, "TAA 2.2.1": null, "TAA 2.2.2": null, "TAA 2.2.3": null, "TAA 2.2.4": null, "DC": 3570353.05, "BT": 34500000, "TD": 0.10348849420289855, "BD 2024 (EUR)": 715524.94, "BD 2024 (%)": 0.020739853333333332, "BD 2025 (EUR)": 2758290.3, "BD 2025 (%)": 0.079950443478260858, "BD 2026 (EUR)": 96537.81, "BD 2026 (%)": 0.002798197391304348, "BD 2027 (EUR)": null, "BD 2027 (%)": null, "BD 2028 (EUR)": null, "BD 2028 (%)": null, "BD 2029 (EUR)": null, "BD 2029 (%)": null, "BD 2030 (EUR)": null, "BD 2030 (%)": null, "BD C1 (EUR)": null, "BD C1 (%)": null, "BD C2 (EUR)": null, "BD C2 (%)": null, "BD C3 (EUR)": null, "BD C3 (%)": null, "BD C4 (EUR)": null, "BD C4 (%)": null, "BDF (EUR)": null, "BDF (%)": null, "BDA (EUR)": null, "BDA (%)": null, "BDC (EUR)": null, "BDC (%)": null, "BDMI (EUR)": null, "BDMI (%)": null, "BDMP (EUR)": null, "BDMP (%)": null, "BDS (EUR)": null, "BDS (%)": null, "TAC": null, "PA (EUR)": null, "D (EUR)": null, "TAC  C1": null, "PA C1 (EUR)": null, "D C1 (EUR)": null, "TAC C2": null, "PA C2 (EUR)": null, "D C2 (EUR)": null, "TAC  C3": null, "PA C3 (EUR)": null, "D C3 (EUR)": null, "TAC C4": null, "PA C4 (EUR)": null, "D C4 (EUR)": null, "TAC F": null, "PAF (EUR)": null, "DF (EUR)": null, "TAC A": null, "PAA (EUR)": null, "DA (EUR)": null, "TAC C": null, "PAC (EUR)": null, "DC (EUR)": null, "TAC MI": null, "PAMI (EUR)": null, "DMI (EUR)": null, " TAC MP": null, "PAMP (EUR)": null, "DMP (EUR)": null }, "geometry": null },
{ "type": "Feature", "properties": { "Année": 2028, "Mois": "Février", "UC": "Tous", "TAG": null, "NAP": null, "NAA": null, "NAC": null, "NAD": null, "TAR 1": null, "TAR 2": null, "TAR 1.1": null, "TAR 1.2": null, "TAR 2.1": null, "TAR 2.2": null, "TAA 1.1.1": null, "TAA 1.1.2": null, "TAA 1.1.3": null, "TAA 1.1.4": null, "TAA 1.2.1": null, "TAA 1.2.2": null, "TAA 1.2.3": null, "TAA 1.2.4": null, "TAA 2.1.1": null, "TAA 2.1.2": null, "TAA 2.1.3": null, "TAA 2.1.4": null, "TAA 2.2.1": null, "TAA 2.2.2": null, "TAA 2.2.3": null, "TAA 2.2.4": null, "DC": 3570353.05, "BT": 34500000, "TD": 0.10348849420289855, "BD 2024 (EUR)": 715524.94, "BD 2024 (%)": 0.020739853333333332, "BD 2025 (EUR)": 2758290.3, "BD 2025 (%)": 0.079950443478260858, "BD 2026 (EUR)": 96537.81, "BD 2026 (%)": 0.002798197391304348, "BD 2027 (EUR)": null, "BD 2027 (%)": null, "BD 2028 (EUR)": null, "BD 2028 (%)": null, "BD 2029 (EUR)": null, "BD 2029 (%)": null, "BD 2030 (EUR)": null, "BD 2030 (%)": null, "BD C1 (EUR)": null, "BD C1 (%)": null, "BD C2 (EUR)": null, "BD C2 (%)": null, "BD C3 (EUR)": null, "BD C3 (%)": null, "BD C4 (EUR)": null, "BD C4 (%)": null, "BDF (EUR)": null, "BDF (%)": null, "BDA (EUR)": null, "BDA (%)": null, "BDC (EUR)": null, "BDC (%)": null, "BDMI (EUR)": null, "BDMI (%)": null, "BDMP (EUR)": null, "BDMP (%)": null, "BDS (EUR)": null, "BDS (%)": null, "TAC": null, "PA (EUR)": null, "D (EUR)": null, "TAC  C1": null, "PA C1 (EUR)": null, "D C1 (EUR)": null, "TAC C2": null, "PA C2 (EUR)": null, "D C2 (EUR)": null, "TAC  C3": null, "PA C3 (EUR)": null, "D C3 (EUR)": null, "TAC C4": null, "PA C4 (EUR)": null, "D C4 (EUR)": null, "TAC F": null, "PAF (EUR)": null, "DF (EUR)": null, "TAC A": null, "PAA (EUR)": null, "DA (EUR)": null, "TAC C": null, "PAC (EUR)": null, "DC (EUR)": null, "TAC MI": null, "PAMI (EUR)": null, "DMI (EUR)": null, " TAC MP": null, "PAMP (EUR)": null, "DMP (EUR)": null }, "geometry": null },
{ "type": "Feature", "properties": { "Année": 2028, "Mois": "Mars", "UC": "Tous", "TAG": null, "NAP": null, "NAA": null, "NAC": null, "NAD": null, "TAR 1": null, "TAR 2": null, "TAR 1.1": null, "TAR 1.2": null, "TAR 2.1": null, "TAR 2.2": null, "TAA 1.1.1": null, "TAA 1.1.2": null, "TAA 1.1.3": null, "TAA 1.1.4": null, "TAA 1.2.1": null, "TAA 1.2.2": null, "TAA 1.2.3": null, "TAA 1.2.4": null, "TAA 2.1.1": null, "TAA 2.1.2": null, "TAA 2.1.3": null, "TAA 2.1.4": null, "TAA 2.2.1": null, "TAA 2.2.2": null, "TAA 2.2.3": null, "TAA 2.2.4": null, "DC": 3570353.05, "BT": 34500000, "TD": 0.10348849420289855, "BD 2024 (EUR)": 715524.94, "BD 2024 (%)": 0.020739853333333332, "BD 2025 (EUR)": 2758290.3, "BD 2025 (%)": 0.079950443478260858, "BD 2026 (EUR)": 96537.81, "BD 2026 (%)": 0.002798197391304348, "BD 2027 (EUR)": null, "BD 2027 (%)": null, "BD 2028 (EUR)": null, "BD 2028 (%)": null, "BD 2029 (EUR)": null, "BD 2029 (%)": null, "BD 2030 (EUR)": null, "BD 2030 (%)": null, "BD C1 (EUR)": null, "BD C1 (%)": null, "BD C2 (EUR)": null, "BD C2 (%)": null, "BD C3 (EUR)": null, "BD C3 (%)": null, "BD C4 (EUR)": null, "BD C4 (%)": null, "BDF (EUR)": null, "BDF (%)": null, "BDA (EUR)": null, "BDA (%)": null, "BDC (EUR)": null, "BDC (%)": null, "BDMI (EUR)": null, "BDMI (%)": null, "BDMP (EUR)": null, "BDMP (%)": null, "BDS (EUR)": null, "BDS (%)": null, "TAC": null, "PA (EUR)": null, "D (EUR)": null, "TAC  C1": null, "PA C1 (EUR)": null, "D C1 (EUR)": null, "TAC C2": null, "PA C2 (EUR)": null, "D C2 (EUR)": null, "TAC  C3": null, "PA C3 (EUR)": null, "D C3 (EUR)": null, "TAC C4": null, "PA C4 (EUR)": null, "D C4 (EUR)": null, "TAC F": null, "PAF (EUR)": null, "DF (EUR)": null, "TAC A": null, "PAA (EUR)": null, "DA (EUR)": null, "TAC C": null, "PAC (EUR)": null, "DC (EUR)": null, "TAC MI": null, "PAMI (EUR)": null, "DMI (EUR)": null, " TAC MP": null, "PAMP (EUR)": null, "DMP (EUR)": null }, "geometry": null },
{ "type": "Feature", "properties": { "Année": 2028, "Mois": "Avril", "UC": "Tous", "TAG": null, "NAP": null, "NAA": null, "NAC": null, "NAD": null, "TAR 1": null, "TAR 2": null, "TAR 1.1": null, "TAR 1.2": null, "TAR 2.1": null, "TAR 2.2": null, "TAA 1.1.1": null, "TAA 1.1.2": null, "TAA 1.1.3": null, "TAA 1.1.4": null, "TAA 1.2.1": null, "TAA 1.2.2": null, "TAA 1.2.3": null, "TAA 1.2.4": null, "TAA 2.1.1": null, "TAA 2.1.2": null, "TAA 2.1.3": null, "TAA 2.1.4": null, "TAA 2.2.1": null, "TAA 2.2.2": null, "TAA 2.2.3": null, "TAA 2.2.4": null, "DC": 3570353.05, "BT": 34500000, "TD": 0.10348849420289855, "BD 2024 (EUR)": 715524.94, "BD 2024 (%)": 0.020739853333333332, "BD 2025 (EUR)": 2758290.3, "BD 2025 (%)": 0.079950443478260858, "BD 2026 (EUR)": 96537.81, "BD 2026 (%)": 0.002798197391304348, "BD 2027 (EUR)": null, "BD 2027 (%)": null, "BD 2028 (EUR)": null, "BD 2028 (%)": null, "BD 2029 (EUR)": null, "BD 2029 (%)": null, "BD 2030 (EUR)": null, "BD 2030 (%)": null, "BD C1 (EUR)": null, "BD C1 (%)": null, "BD C2 (EUR)": null, "BD C2 (%)": null, "BD C3 (EUR)": null, "BD C3 (%)": null, "BD C4 (EUR)": null, "BD C4 (%)": null, "BDF (EUR)": null, "BDF (%)": null, "BDA (EUR)": null, "BDA (%)": null, "BDC (EUR)": null, "BDC (%)": null, "BDMI (EUR)": null, "BDMI (%)": null, "BDMP (EUR)": null, "BDMP (%)": null, "BDS (EUR)": null, "BDS (%)": null, "TAC": null, "PA (EUR)": null, "D (EUR)": null, "TAC  C1": null, "PA C1 (EUR)": null, "D C1 (EUR)": null, "TAC C2": null, "PA C2 (EUR)": null, "D C2 (EUR)": null, "TAC  C3": null, "PA C3 (EUR)": null, "D C3 (EUR)": null, "TAC C4": null, "PA C4 (EUR)": null, "D C4 (EUR)": null, "TAC F": null, "PAF (EUR)": null, "DF (EUR)": null, "TAC A": null, "PAA (EUR)": null, "DA (EUR)": null, "TAC C": null, "PAC (EUR)": null, "DC (EUR)": null, "TAC MI": null, "PAMI (EUR)": null, "DMI (EUR)": null, " TAC MP": null, "PAMP (EUR)": null, "DMP (EUR)": null }, "geometry": null },
{ "type": "Feature", "properties": { "Année": 2028, "Mois": "Mai", "UC": "Tous", "TAG": null, "NAP": null, "NAA": null, "NAC": null, "NAD": null, "TAR 1": null, "TAR 2": null, "TAR 1.1": null, "TAR 1.2": null, "TAR 2.1": null, "TAR 2.2": null, "TAA 1.1.1": null, "TAA 1.1.2": null, "TAA 1.1.3": null, "TAA 1.1.4": null, "TAA 1.2.1": null, "TAA 1.2.2": null, "TAA 1.2.3": null, "TAA 1.2.4": null, "TAA 2.1.1": null, "TAA 2.1.2": null, "TAA 2.1.3": null, "TAA 2.1.4": null, "TAA 2.2.1": null, "TAA 2.2.2": null, "TAA 2.2.3": null, "TAA 2.2.4": null, "DC": 3570353.05, "BT": 34500000, "TD": 0.10348849420289855, "BD 2024 (EUR)": 715524.94, "BD 2024 (%)": 0.020739853333333332, "BD 2025 (EUR)": 2758290.3, "BD 2025 (%)": 0.079950443478260858, "BD 2026 (EUR)": 96537.81, "BD 2026 (%)": 0.002798197391304348, "BD 2027 (EUR)": null, "BD 2027 (%)": null, "BD 2028 (EUR)": null, "BD 2028 (%)": null, "BD 2029 (EUR)": null, "BD 2029 (%)": null, "BD 2030 (EUR)": null, "BD 2030 (%)": null, "BD C1 (EUR)": null, "BD C1 (%)": null, "BD C2 (EUR)": null, "BD C2 (%)": null, "BD C3 (EUR)": null, "BD C3 (%)": null, "BD C4 (EUR)": null, "BD C4 (%)": null, "BDF (EUR)": null, "BDF (%)": null, "BDA (EUR)": null, "BDA (%)": null, "BDC (EUR)": null, "BDC (%)": null, "BDMI (EUR)": null, "BDMI (%)": null, "BDMP (EUR)": null, "BDMP (%)": null, "BDS (EUR)": null, "BDS (%)": null, "TAC": null, "PA (EUR)": null, "D (EUR)": null, "TAC  C1": null, "PA C1 (EUR)": null, "D C1 (EUR)": null, "TAC C2": null, "PA C2 (EUR)": null, "D C2 (EUR)": null, "TAC  C3": null, "PA C3 (EUR)": null, "D C3 (EUR)": null, "TAC C4": null, "PA C4 (EUR)": null, "D C4 (EUR)": null, "TAC F": null, "PAF (EUR)": null, "DF (EUR)": null, "TAC A": null, "PAA (EUR)": null, "DA (EUR)": null, "TAC C": null, "PAC (EUR)": null, "DC (EUR)": null, "TAC MI": null, "PAMI (EUR)": null, "DMI (EUR)": null, " TAC MP": null, "PAMP (EUR)": null, "DMP (EUR)": null }, "geometry": null },
{ "type": "Feature", "properties": { "Année": 2028, "Mois": "Juin", "UC": "Tous", "TAG": null, "NAP": null, "NAA": null, "NAC": null, "NAD": null, "TAR 1": null, "TAR 2": null, "TAR 1.1": null, "TAR 1.2": null, "TAR 2.1": null, "TAR 2.2": null, "TAA 1.1.1": null, "TAA 1.1.2": null, "TAA 1.1.3": null, "TAA 1.1.4": null, "TAA 1.2.1": null, "TAA 1.2.2": null, "TAA 1.2.3": null, "TAA 1.2.4": null, "TAA 2.1.1": null, "TAA 2.1.2": null, "TAA 2.1.3": null, "TAA 2.1.4": null, "TAA 2.2.1": null, "TAA 2.2.2": null, "TAA 2.2.3": null, "TAA 2.2.4": null, "DC": 3570353.05, "BT": 34500000, "TD": 0.10348849420289855, "BD 2024 (EUR)": 715524.94, "BD 2024 (%)": 0.020739853333333332, "BD 2025 (EUR)": 2758290.3, "BD 2025 (%)": 0.079950443478260858, "BD 2026 (EUR)": 96537.81, "BD 2026 (%)": 0.002798197391304348, "BD 2027 (EUR)": null, "BD 2027 (%)": null, "BD 2028 (EUR)": null, "BD 2028 (%)": null, "BD 2029 (EUR)": null, "BD 2029 (%)": null, "BD 2030 (EUR)": null, "BD 2030 (%)": null, "BD C1 (EUR)": null, "BD C1 (%)": null, "BD C2 (EUR)": null, "BD C2 (%)": null, "BD C3 (EUR)": null, "BD C3 (%)": null, "BD C4 (EUR)": null, "BD C4 (%)": null, "BDF (EUR)": null, "BDF (%)": null, "BDA (EUR)": null, "BDA (%)": null, "BDC (EUR)": null, "BDC (%)": null, "BDMI (EUR)": null, "BDMI (%)": null, "BDMP (EUR)": null, "BDMP (%)": null, "BDS (EUR)": null, "BDS (%)": null, "TAC": null, "PA (EUR)": null, "D (EUR)": null, "TAC  C1": null, "PA C1 (EUR)": null, "D C1 (EUR)": null, "TAC C2": null, "PA C2 (EUR)": null, "D C2 (EUR)": null, "TAC  C3": null, "PA C3 (EUR)": null, "D C3 (EUR)": null, "TAC C4": null, "PA C4 (EUR)": null, "D C4 (EUR)": null, "TAC F": null, "PAF (EUR)": null, "DF (EUR)": null, "TAC A": null, "PAA (EUR)": null, "DA (EUR)": null, "TAC C": null, "PAC (EUR)": null, "DC (EUR)": null, "TAC MI": null, "PAMI (EUR)": null, "DMI (EUR)": null, " TAC MP": null, "PAMP (EUR)": null, "DMP (EUR)": null }, "geometry": null },
{ "type": "Feature", "properties": { "Année": 2028, "Mois": "Juillet", "UC": "Tous", "TAG": null, "NAP": null, "NAA": null, "NAC": null, "NAD": null, "TAR 1": null, "TAR 2": null, "TAR 1.1": null, "TAR 1.2": null, "TAR 2.1": null, "TAR 2.2": null, "TAA 1.1.1": null, "TAA 1.1.2": null, "TAA 1.1.3": null, "TAA 1.1.4": null, "TAA 1.2.1": null, "TAA 1.2.2": null, "TAA 1.2.3": null, "TAA 1.2.4": null, "TAA 2.1.1": null, "TAA 2.1.2": null, "TAA 2.1.3": null, "TAA 2.1.4": null, "TAA 2.2.1": null, "TAA 2.2.2": null, "TAA 2.2.3": null, "TAA 2.2.4": null, "DC": 3570353.05, "BT": 34500000, "TD": 0.10348849420289855, "BD 2024 (EUR)": 715524.94, "BD 2024 (%)": 0.020739853333333332, "BD 2025 (EUR)": 2758290.3, "BD 2025 (%)": 0.079950443478260858, "BD 2026 (EUR)": 96537.81, "BD 2026 (%)": 0.002798197391304348, "BD 2027 (EUR)": null, "BD 2027 (%)": null, "BD 2028 (EUR)": null, "BD 2028 (%)": null, "BD 2029 (EUR)": null, "BD 2029 (%)": null, "BD 2030 (EUR)": null, "BD 2030 (%)": null, "BD C1 (EUR)": null, "BD C1 (%)": null, "BD C2 (EUR)": null, "BD C2 (%)": null, "BD C3 (EUR)": null, "BD C3 (%)": null, "BD C4 (EUR)": null, "BD C4 (%)": null, "BDF (EUR)": null, "BDF (%)": null, "BDA (EUR)": null, "BDA (%)": null, "BDC (EUR)": null, "BDC (%)": null, "BDMI (EUR)": null, "BDMI (%)": null, "BDMP (EUR)": null, "BDMP (%)": null, "BDS (EUR)": null, "BDS (%)": null, "TAC": null, "PA (EUR)": null, "D (EUR)": null, "TAC  C1": null, "PA C1 (EUR)": null, "D C1 (EUR)": null, "TAC C2": null, "PA C2 (EUR)": null, "D C2 (EUR)": null, "TAC  C3": null, "PA C3 (EUR)": null, "D C3 (EUR)": null, "TAC C4": null, "PA C4 (EUR)": null, "D C4 (EUR)": null, "TAC F": null, "PAF (EUR)": null, "DF (EUR)": null, "TAC A": null, "PAA (EUR)": null, "DA (EUR)": null, "TAC C": null, "PAC (EUR)": null, "DC (EUR)": null, "TAC MI": null, "PAMI (EUR)": null, "DMI (EUR)": null, " TAC MP": null, "PAMP (EUR)": null, "DMP (EUR)": null }, "geometry": null },
{ "type": "Feature", "properties": { "Année": 2028, "Mois": "Août", "UC": "Tous", "TAG": null, "NAP": null, "NAA": null, "NAC": null, "NAD": null, "TAR 1": null, "TAR 2": null, "TAR 1.1": null, "TAR 1.2": null, "TAR 2.1": null, "TAR 2.2": null, "TAA 1.1.1": null, "TAA 1.1.2": null, "TAA 1.1.3": null, "TAA 1.1.4": null, "TAA 1.2.1": null, "TAA 1.2.2": null, "TAA 1.2.3": null, "TAA 1.2.4": null, "TAA 2.1.1": null, "TAA 2.1.2": null, "TAA 2.1.3": null, "TAA 2.1.4": null, "TAA 2.2.1": null, "TAA 2.2.2": null, "TAA 2.2.3": null, "TAA 2.2.4": null, "DC": 3570353.05, "BT": 34500000, "TD": 0.10348849420289855, "BD 2024 (EUR)": 715524.94, "BD 2024 (%)": 0.020739853333333332, "BD 2025 (EUR)": 2758290.3, "BD 2025 (%)": 0.079950443478260858, "BD 2026 (EUR)": 96537.81, "BD 2026 (%)": 0.002798197391304348, "BD 2027 (EUR)": null, "BD 2027 (%)": null, "BD 2028 (EUR)": null, "BD 2028 (%)": null, "BD 2029 (EUR)": null, "BD 2029 (%)": null, "BD 2030 (EUR)": null, "BD 2030 (%)": null, "BD C1 (EUR)": null, "BD C1 (%)": null, "BD C2 (EUR)": null, "BD C2 (%)": null, "BD C3 (EUR)": null, "BD C3 (%)": null, "BD C4 (EUR)": null, "BD C4 (%)": null, "BDF (EUR)": null, "BDF (%)": null, "BDA (EUR)": null, "BDA (%)": null, "BDC (EUR)": null, "BDC (%)": null, "BDMI (EUR)": null, "BDMI (%)": null, "BDMP (EUR)": null, "BDMP (%)": null, "BDS (EUR)": null, "BDS (%)": null, "TAC": null, "PA (EUR)": null, "D (EUR)": null, "TAC  C1": null, "PA C1 (EUR)": null, "D C1 (EUR)": null, "TAC C2": null, "PA C2 (EUR)": null, "D C2 (EUR)": null, "TAC  C3": null, "PA C3 (EUR)": null, "D C3 (EUR)": null, "TAC C4": null, "PA C4 (EUR)": null, "D C4 (EUR)": null, "TAC F": null, "PAF (EUR)": null, "DF (EUR)": null, "TAC A": null, "PAA (EUR)": null, "DA (EUR)": null, "TAC C": null, "PAC (EUR)": null, "DC (EUR)": null, "TAC MI": null, "PAMI (EUR)": null, "DMI (EUR)": null, " TAC MP": null, "PAMP (EUR)": null, "DMP (EUR)": null }, "geometry": null },
{ "type": "Feature", "properties": { "Année": 2028, "Mois": "Septembre", "UC": "Tous", "TAG": null, "NAP": null, "NAA": null, "NAC": null, "NAD": null, "TAR 1": null, "TAR 2": null, "TAR 1.1": null, "TAR 1.2": null, "TAR 2.1": null, "TAR 2.2": null, "TAA 1.1.1": null, "TAA 1.1.2": null, "TAA 1.1.3": null, "TAA 1.1.4": null, "TAA 1.2.1": null, "TAA 1.2.2": null, "TAA 1.2.3": null, "TAA 1.2.4": null, "TAA 2.1.1": null, "TAA 2.1.2": null, "TAA 2.1.3": null, "TAA 2.1.4": null, "TAA 2.2.1": null, "TAA 2.2.2": null, "TAA 2.2.3": null, "TAA 2.2.4": null, "DC": 3570353.05, "BT": 34500000, "TD": 0.10348849420289855, "BD 2024 (EUR)": 715524.94, "BD 2024 (%)": 0.020739853333333332, "BD 2025 (EUR)": 2758290.3, "BD 2025 (%)": 0.079950443478260858, "BD 2026 (EUR)": 96537.81, "BD 2026 (%)": 0.002798197391304348, "BD 2027 (EUR)": null, "BD 2027 (%)": null, "BD 2028 (EUR)": null, "BD 2028 (%)": null, "BD 2029 (EUR)": null, "BD 2029 (%)": null, "BD 2030 (EUR)": null, "BD 2030 (%)": null, "BD C1 (EUR)": null, "BD C1 (%)": null, "BD C2 (EUR)": null, "BD C2 (%)": null, "BD C3 (EUR)": null, "BD C3 (%)": null, "BD C4 (EUR)": null, "BD C4 (%)": null, "BDF (EUR)": null, "BDF (%)": null, "BDA (EUR)": null, "BDA (%)": null, "BDC (EUR)": null, "BDC (%)": null, "BDMI (EUR)": null, "BDMI (%)": null, "BDMP (EUR)": null, "BDMP (%)": null, "BDS (EUR)": null, "BDS (%)": null, "TAC": null, "PA (EUR)": null, "D (EUR)": null, "TAC  C1": null, "PA C1 (EUR)": null, "D C1 (EUR)": null, "TAC C2": null, "PA C2 (EUR)": null, "D C2 (EUR)": null, "TAC  C3": null, "PA C3 (EUR)": null, "D C3 (EUR)": null, "TAC C4": null, "PA C4 (EUR)": null, "D C4 (EUR)": null, "TAC F": null, "PAF (EUR)": null, "DF (EUR)": null, "TAC A": null, "PAA (EUR)": null, "DA (EUR)": null, "TAC C": null, "PAC (EUR)": null, "DC (EUR)": null, "TAC MI": null, "PAMI (EUR)": null, "DMI (EUR)": null, " TAC MP": null, "PAMP (EUR)": null, "DMP (EUR)": null }, "geometry": null },
{ "type": "Feature", "properties": { "Année": 2028, "Mois": "Octobre", "UC": "Tous", "TAG": null, "NAP": null, "NAA": null, "NAC": null, "NAD": null, "TAR 1": null, "TAR 2": null, "TAR 1.1": null, "TAR 1.2": null, "TAR 2.1": null, "TAR 2.2": null, "TAA 1.1.1": null, "TAA 1.1.2": null, "TAA 1.1.3": null, "TAA 1.1.4": null, "TAA 1.2.1": null, "TAA 1.2.2": null, "TAA 1.2.3": null, "TAA 1.2.4": null, "TAA 2.1.1": null, "TAA 2.1.2": null, "TAA 2.1.3": null, "TAA 2.1.4": null, "TAA 2.2.1": null, "TAA 2.2.2": null, "TAA 2.2.3": null, "TAA 2.2.4": null, "DC": 3570353.05, "BT": 34500000, "TD": 0.10348849420289855, "BD 2024 (EUR)": 715524.94, "BD 2024 (%)": 0.020739853333333332, "BD 2025 (EUR)": 2758290.3, "BD 2025 (%)": 0.079950443478260858, "BD 2026 (EUR)": 96537.81, "BD 2026 (%)": 0.002798197391304348, "BD 2027 (EUR)": null, "BD 2027 (%)": null, "BD 2028 (EUR)": null, "BD 2028 (%)": null, "BD 2029 (EUR)": null, "BD 2029 (%)": null, "BD 2030 (EUR)": null, "BD 2030 (%)": null, "BD C1 (EUR)": null, "BD C1 (%)": null, "BD C2 (EUR)": null, "BD C2 (%)": null, "BD C3 (EUR)": null, "BD C3 (%)": null, "BD C4 (EUR)": null, "BD C4 (%)": null, "BDF (EUR)": null, "BDF (%)": null, "BDA (EUR)": null, "BDA (%)": null, "BDC (EUR)": null, "BDC (%)": null, "BDMI (EUR)": null, "BDMI (%)": null, "BDMP (EUR)": null, "BDMP (%)": null, "BDS (EUR)": null, "BDS (%)": null, "TAC": null, "PA (EUR)": null, "D (EUR)": null, "TAC  C1": null, "PA C1 (EUR)": null, "D C1 (EUR)": null, "TAC C2": null, "PA C2 (EUR)": null, "D C2 (EUR)": null, "TAC  C3": null, "PA C3 (EUR)": null, "D C3 (EUR)": null, "TAC C4": null, "PA C4 (EUR)": null, "D C4 (EUR)": null, "TAC F": null, "PAF (EUR)": null, "DF (EUR)": null, "TAC A": null, "PAA (EUR)": null, "DA (EUR)": null, "TAC C": null, "PAC (EUR)": null, "DC (EUR)": null, "TAC MI": null, "PAMI (EUR)": null, "DMI (EUR)": null, " TAC MP": null, "PAMP (EUR)": null, "DMP (EUR)": null }, "geometry": null },
{ "type": "Feature", "properties": { "Année": 2028, "Mois": "Novembre", "UC": "Tous", "TAG": null, "NAP": null, "NAA": null, "NAC": null, "NAD": null, "TAR 1": null, "TAR 2": null, "TAR 1.1": null, "TAR 1.2": null, "TAR 2.1": null, "TAR 2.2": null, "TAA 1.1.1": null, "TAA 1.1.2": null, "TAA 1.1.3": null, "TAA 1.1.4": null, "TAA 1.2.1": null, "TAA 1.2.2": null, "TAA 1.2.3": null, "TAA 1.2.4": null, "TAA 2.1.1": null, "TAA 2.1.2": null, "TAA 2.1.3": null, "TAA 2.1.4": null, "TAA 2.2.1": null, "TAA 2.2.2": null, "TAA 2.2.3": null, "TAA 2.2.4": null, "DC": 3570353.05, "BT": 34500000, "TD": 0.10348849420289855, "BD 2024 (EUR)": 715524.94, "BD 2024 (%)": 0.020739853333333332, "BD 2025 (EUR)": 2758290.3, "BD 2025 (%)": 0.079950443478260858, "BD 2026 (EUR)": 96537.81, "BD 2026 (%)": 0.002798197391304348, "BD 2027 (EUR)": null, "BD 2027 (%)": null, "BD 2028 (EUR)": null, "BD 2028 (%)": null, "BD 2029 (EUR)": null, "BD 2029 (%)": null, "BD 2030 (EUR)": null, "BD 2030 (%)": null, "BD C1 (EUR)": null, "BD C1 (%)": null, "BD C2 (EUR)": null, "BD C2 (%)": null, "BD C3 (EUR)": null, "BD C3 (%)": null, "BD C4 (EUR)": null, "BD C4 (%)": null, "BDF (EUR)": null, "BDF (%)": null, "BDA (EUR)": null, "BDA (%)": null, "BDC (EUR)": null, "BDC (%)": null, "BDMI (EUR)": null, "BDMI (%)": null, "BDMP (EUR)": null, "BDMP (%)": null, "BDS (EUR)": null, "BDS (%)": null, "TAC": null, "PA (EUR)": null, "D (EUR)": null, "TAC  C1": null, "PA C1 (EUR)": null, "D C1 (EUR)": null, "TAC C2": null, "PA C2 (EUR)": null, "D C2 (EUR)": null, "TAC  C3": null, "PA C3 (EUR)": null, "D C3 (EUR)": null, "TAC C4": null, "PA C4 (EUR)": null, "D C4 (EUR)": null, "TAC F": null, "PAF (EUR)": null, "DF (EUR)": null, "TAC A": null, "PAA (EUR)": null, "DA (EUR)": null, "TAC C": null, "PAC (EUR)": null, "DC (EUR)": null, "TAC MI": null, "PAMI (EUR)": null, "DMI (EUR)": null, " TAC MP": null, "PAMP (EUR)": null, "DMP (EUR)": null }, "geometry": null },
{ "type": "Feature", "properties": { "Année": 2028, "Mois": "Décembre", "UC": "Tous", "TAG": null, "NAP": null, "NAA": null, "NAC": null, "NAD": null, "TAR 1": null, "TAR 2": null, "TAR 1.1": null, "TAR 1.2": null, "TAR 2.1": null, "TAR 2.2": null, "TAA 1.1.1": null, "TAA 1.1.2": null, "TAA 1.1.3": null, "TAA 1.1.4": null, "TAA 1.2.1": null, "TAA 1.2.2": null, "TAA 1.2.3": null, "TAA 1.2.4": null, "TAA 2.1.1": null, "TAA 2.1.2": null, "TAA 2.1.3": null, "TAA 2.1.4": null, "TAA 2.2.1": null, "TAA 2.2.2": null, "TAA 2.2.3": null, "TAA 2.2.4": null, "DC": 3570353.05, "BT": 34500000, "TD": 0.10348849420289855, "BD 2024 (EUR)": 715524.94, "BD 2024 (%)": 0.020739853333333332, "BD 2025 (EUR)": 2758290.3, "BD 2025 (%)": 0.079950443478260858, "BD 2026 (EUR)": 96537.81, "BD 2026 (%)": 0.002798197391304348, "BD 2027 (EUR)": null, "BD 2027 (%)": null, "BD 2028 (EUR)": null, "BD 2028 (%)": null, "BD 2029 (EUR)": null, "BD 2029 (%)": null, "BD 2030 (EUR)": null, "BD 2030 (%)": null, "BD C1 (EUR)": null, "BD C1 (%)": null, "BD C2 (EUR)": null, "BD C2 (%)": null, "BD C3 (EUR)": null, "BD C3 (%)": null, "BD C4 (EUR)": null, "BD C4 (%)": null, "BDF (EUR)": null, "BDF (%)": null, "BDA (EUR)": null, "BDA (%)": null, "BDC (EUR)": null, "BDC (%)": null, "BDMI (EUR)": null, "BDMI (%)": null, "BDMP (EUR)": null, "BDMP (%)": null, "BDS (EUR)": null, "BDS (%)": null, "TAC": null, "PA (EUR)": null, "D (EUR)": null, "TAC  C1": null, "PA C1 (EUR)": null, "D C1 (EUR)": null, "TAC C2": null, "PA C2 (EUR)": null, "D C2 (EUR)": null, "TAC  C3": null, "PA C3 (EUR)": null, "D C3 (EUR)": null, "TAC C4": null, "PA C4 (EUR)": null, "D C4 (EUR)": null, "TAC F": null, "PAF (EUR)": null, "DF (EUR)": null, "TAC A": null, "PAA (EUR)": null, "DA (EUR)": null, "TAC C": null, "PAC (EUR)": null, "DC (EUR)": null, "TAC MI": null, "PAMI (EUR)": null, "DMI (EUR)": null, " TAC MP": null, "PAMP (EUR)": null, "DMP (EUR)": null }, "geometry": null },
{ "type": "Feature", "properties": { "Année": 2028, "Mois": "Janvier", "UC": "UCT", "TAG": null, "NAP": null, "NAA": null, "NAC": null, "NAD": null, "TAR 1": null, "TAR 2": null, "TAR 1.1": null, "TAR 1.2": null, "TAR 2.1": null, "TAR 2.2": null, "TAA 1.1.1": null, "TAA 1.1.2": null, "TAA 1.1.3": null, "TAA 1.1.4": null, "TAA 1.2.1": null, "TAA 1.2.2": null, "TAA 1.2.3": null, "TAA 1.2.4": null, "TAA 2.1.1": null, "TAA 2.1.2": null, "TAA 2.1.3": null, "TAA 2.1.4": null, "TAA 2.2.1": null, "TAA 2.2.2": null, "TAA 2.2.3": null, "TAA 2.2.4": null, "DC": 3570353.05, "BT": 34500000, "TD": 0.10348849420289855, "BD 2024 (EUR)": 715524.94, "BD 2024 (%)": 0.020739853333333332, "BD 2025 (EUR)": 2758290.3, "BD 2025 (%)": 0.079950443478260858, "BD 2026 (EUR)": 96537.81, "BD 2026 (%)": 0.002798197391304348, "BD 2027 (EUR)": null, "BD 2027 (%)": null, "BD 2028 (EUR)": null, "BD 2028 (%)": null, "BD 2029 (EUR)": null, "BD 2029 (%)": null, "BD 2030 (EUR)": null, "BD 2030 (%)": null, "BD C1 (EUR)": null, "BD C1 (%)": null, "BD C2 (EUR)": null, "BD C2 (%)": null, "BD C3 (EUR)": null, "BD C3 (%)": null, "BD C4 (EUR)": null, "BD C4 (%)": null, "BDF (EUR)": null, "BDF (%)": null, "BDA (EUR)": null, "BDA (%)": null, "BDC (EUR)": null, "BDC (%)": null, "BDMI (EUR)": null, "BDMI (%)": null, "BDMP (EUR)": null, "BDMP (%)": null, "BDS (EUR)": null, "BDS (%)": null, "TAC": null, "PA (EUR)": null, "D (EUR)": null, "TAC  C1": null, "PA C1 (EUR)": null, "D C1 (EUR)": null, "TAC C2": null, "PA C2 (EUR)": null, "D C2 (EUR)": null, "TAC  C3": null, "PA C3 (EUR)": null, "D C3 (EUR)": null, "TAC C4": null, "PA C4 (EUR)": null, "D C4 (EUR)": null, "TAC F": null, "PAF (EUR)": null, "DF (EUR)": null, "TAC A": null, "PAA (EUR)": null, "DA (EUR)": null, "TAC C": null, "PAC (EUR)": null, "DC (EUR)": null, "TAC MI": null, "PAMI (EUR)": null, "DMI (EUR)": null, " TAC MP": null, "PAMP (EUR)": null, "DMP (EUR)": null }, "geometry": null },
{ "type": "Feature", "properties": { "Année": 2028, "Mois": "Février", "UC": "UCT", "TAG": null, "NAP": null, "NAA": null, "NAC": null, "NAD": null, "TAR 1": null, "TAR 2": null, "TAR 1.1": null, "TAR 1.2": null, "TAR 2.1": null, "TAR 2.2": null, "TAA 1.1.1": null, "TAA 1.1.2": null, "TAA 1.1.3": null, "TAA 1.1.4": null, "TAA 1.2.1": null, "TAA 1.2.2": null, "TAA 1.2.3": null, "TAA 1.2.4": null, "TAA 2.1.1": null, "TAA 2.1.2": null, "TAA 2.1.3": null, "TAA 2.1.4": null, "TAA 2.2.1": null, "TAA 2.2.2": null, "TAA 2.2.3": null, "TAA 2.2.4": null, "DC": 3570353.05, "BT": 34500000, "TD": 0.10348849420289855, "BD 2024 (EUR)": 715524.94, "BD 2024 (%)": 0.020739853333333332, "BD 2025 (EUR)": 2758290.3, "BD 2025 (%)": 0.079950443478260858, "BD 2026 (EUR)": 96537.81, "BD 2026 (%)": 0.002798197391304348, "BD 2027 (EUR)": null, "BD 2027 (%)": null, "BD 2028 (EUR)": null, "BD 2028 (%)": null, "BD 2029 (EUR)": null, "BD 2029 (%)": null, "BD 2030 (EUR)": null, "BD 2030 (%)": null, "BD C1 (EUR)": null, "BD C1 (%)": null, "BD C2 (EUR)": null, "BD C2 (%)": null, "BD C3 (EUR)": null, "BD C3 (%)": null, "BD C4 (EUR)": null, "BD C4 (%)": null, "BDF (EUR)": null, "BDF (%)": null, "BDA (EUR)": null, "BDA (%)": null, "BDC (EUR)": null, "BDC (%)": null, "BDMI (EUR)": null, "BDMI (%)": null, "BDMP (EUR)": null, "BDMP (%)": null, "BDS (EUR)": null, "BDS (%)": null, "TAC": null, "PA (EUR)": null, "D (EUR)": null, "TAC  C1": null, "PA C1 (EUR)": null, "D C1 (EUR)": null, "TAC C2": null, "PA C2 (EUR)": null, "D C2 (EUR)": null, "TAC  C3": null, "PA C3 (EUR)": null, "D C3 (EUR)": null, "TAC C4": null, "PA C4 (EUR)": null, "D C4 (EUR)": null, "TAC F": null, "PAF (EUR)": null, "DF (EUR)": null, "TAC A": null, "PAA (EUR)": null, "DA (EUR)": null, "TAC C": null, "PAC (EUR)": null, "DC (EUR)": null, "TAC MI": null, "PAMI (EUR)": null, "DMI (EUR)": null, " TAC MP": null, "PAMP (EUR)": null, "DMP (EUR)": null }, "geometry": null },
{ "type": "Feature", "properties": { "Année": 2028, "Mois": "Mars", "UC": "UCT", "TAG": null, "NAP": null, "NAA": null, "NAC": null, "NAD": null, "TAR 1": null, "TAR 2": null, "TAR 1.1": null, "TAR 1.2": null, "TAR 2.1": null, "TAR 2.2": null, "TAA 1.1.1": null, "TAA 1.1.2": null, "TAA 1.1.3": null, "TAA 1.1.4": null, "TAA 1.2.1": null, "TAA 1.2.2": null, "TAA 1.2.3": null, "TAA 1.2.4": null, "TAA 2.1.1": null, "TAA 2.1.2": null, "TAA 2.1.3": null, "TAA 2.1.4": null, "TAA 2.2.1": null, "TAA 2.2.2": null, "TAA 2.2.3": null, "TAA 2.2.4": null, "DC": 3570353.05, "BT": 34500000, "TD": 0.10348849420289855, "BD 2024 (EUR)": 715524.94, "BD 2024 (%)": 0.020739853333333332, "BD 2025 (EUR)": 2758290.3, "BD 2025 (%)": 0.079950443478260858, "BD 2026 (EUR)": 96537.81, "BD 2026 (%)": 0.002798197391304348, "BD 2027 (EUR)": null, "BD 2027 (%)": null, "BD 2028 (EUR)": null, "BD 2028 (%)": null, "BD 2029 (EUR)": null, "BD 2029 (%)": null, "BD 2030 (EUR)": null, "BD 2030 (%)": null, "BD C1 (EUR)": null, "BD C1 (%)": null, "BD C2 (EUR)": null, "BD C2 (%)": null, "BD C3 (EUR)": null, "BD C3 (%)": null, "BD C4 (EUR)": null, "BD C4 (%)": null, "BDF (EUR)": null, "BDF (%)": null, "BDA (EUR)": null, "BDA (%)": null, "BDC (EUR)": null, "BDC (%)": null, "BDMI (EUR)": null, "BDMI (%)": null, "BDMP (EUR)": null, "BDMP (%)": null, "BDS (EUR)": null, "BDS (%)": null, "TAC": null, "PA (EUR)": null, "D (EUR)": null, "TAC  C1": null, "PA C1 (EUR)": null, "D C1 (EUR)": null, "TAC C2": null, "PA C2 (EUR)": null, "D C2 (EUR)": null, "TAC  C3": null, "PA C3 (EUR)": null, "D C3 (EUR)": null, "TAC C4": null, "PA C4 (EUR)": null, "D C4 (EUR)": null, "TAC F": null, "PAF (EUR)": null, "DF (EUR)": null, "TAC A": null, "PAA (EUR)": null, "DA (EUR)": null, "TAC C": null, "PAC (EUR)": null, "DC (EUR)": null, "TAC MI": null, "PAMI (EUR)": null, "DMI (EUR)": null, " TAC MP": null, "PAMP (EUR)": null, "DMP (EUR)": null }, "geometry": null },
{ "type": "Feature", "properties": { "Année": 2028, "Mois": "Avril", "UC": "UCT", "TAG": null, "NAP": null, "NAA": null, "NAC": null, "NAD": null, "TAR 1": null, "TAR 2": null, "TAR 1.1": null, "TAR 1.2": null, "TAR 2.1": null, "TAR 2.2": null, "TAA 1.1.1": null, "TAA 1.1.2": null, "TAA 1.1.3": null, "TAA 1.1.4": null, "TAA 1.2.1": null, "TAA 1.2.2": null, "TAA 1.2.3": null, "TAA 1.2.4": null, "TAA 2.1.1": null, "TAA 2.1.2": null, "TAA 2.1.3": null, "TAA 2.1.4": null, "TAA 2.2.1": null, "TAA 2.2.2": null, "TAA 2.2.3": null, "TAA 2.2.4": null, "DC": 3570353.05, "BT": 34500000, "TD": 0.10348849420289855, "BD 2024 (EUR)": 715524.94, "BD 2024 (%)": 0.020739853333333332, "BD 2025 (EUR)": 2758290.3, "BD 2025 (%)": 0.079950443478260858, "BD 2026 (EUR)": 96537.81, "BD 2026 (%)": 0.002798197391304348, "BD 2027 (EUR)": null, "BD 2027 (%)": null, "BD 2028 (EUR)": null, "BD 2028 (%)": null, "BD 2029 (EUR)": null, "BD 2029 (%)": null, "BD 2030 (EUR)": null, "BD 2030 (%)": null, "BD C1 (EUR)": null, "BD C1 (%)": null, "BD C2 (EUR)": null, "BD C2 (%)": null, "BD C3 (EUR)": null, "BD C3 (%)": null, "BD C4 (EUR)": null, "BD C4 (%)": null, "BDF (EUR)": null, "BDF (%)": null, "BDA (EUR)": null, "BDA (%)": null, "BDC (EUR)": null, "BDC (%)": null, "BDMI (EUR)": null, "BDMI (%)": null, "BDMP (EUR)": null, "BDMP (%)": null, "BDS (EUR)": null, "BDS (%)": null, "TAC": null, "PA (EUR)": null, "D (EUR)": null, "TAC  C1": null, "PA C1 (EUR)": null, "D C1 (EUR)": null, "TAC C2": null, "PA C2 (EUR)": null, "D C2 (EUR)": null, "TAC  C3": null, "PA C3 (EUR)": null, "D C3 (EUR)": null, "TAC C4": null, "PA C4 (EUR)": null, "D C4 (EUR)": null, "TAC F": null, "PAF (EUR)": null, "DF (EUR)": null, "TAC A": null, "PAA (EUR)": null, "DA (EUR)": null, "TAC C": null, "PAC (EUR)": null, "DC (EUR)": null, "TAC MI": null, "PAMI (EUR)": null, "DMI (EUR)": null, " TAC MP": null, "PAMP (EUR)": null, "DMP (EUR)": null }, "geometry": null },
{ "type": "Feature", "properties": { "Année": 2028, "Mois": "Mai", "UC": "UCT", "TAG": null, "NAP": null, "NAA": null, "NAC": null, "NAD": null, "TAR 1": null, "TAR 2": null, "TAR 1.1": null, "TAR 1.2": null, "TAR 2.1": null, "TAR 2.2": null, "TAA 1.1.1": null, "TAA 1.1.2": null, "TAA 1.1.3": null, "TAA 1.1.4": null, "TAA 1.2.1": null, "TAA 1.2.2": null, "TAA 1.2.3": null, "TAA 1.2.4": null, "TAA 2.1.1": null, "TAA 2.1.2": null, "TAA 2.1.3": null, "TAA 2.1.4": null, "TAA 2.2.1": null, "TAA 2.2.2": null, "TAA 2.2.3": null, "TAA 2.2.4": null, "DC": 3570353.05, "BT": 34500000, "TD": 0.10348849420289855, "BD 2024 (EUR)": 715524.94, "BD 2024 (%)": 0.020739853333333332, "BD 2025 (EUR)": 2758290.3, "BD 2025 (%)": 0.079950443478260858, "BD 2026 (EUR)": 96537.81, "BD 2026 (%)": 0.002798197391304348, "BD 2027 (EUR)": null, "BD 2027 (%)": null, "BD 2028 (EUR)": null, "BD 2028 (%)": null, "BD 2029 (EUR)": null, "BD 2029 (%)": null, "BD 2030 (EUR)": null, "BD 2030 (%)": null, "BD C1 (EUR)": null, "BD C1 (%)": null, "BD C2 (EUR)": null, "BD C2 (%)": null, "BD C3 (EUR)": null, "BD C3 (%)": null, "BD C4 (EUR)": null, "BD C4 (%)": null, "BDF (EUR)": null, "BDF (%)": null, "BDA (EUR)": null, "BDA (%)": null, "BDC (EUR)": null, "BDC (%)": null, "BDMI (EUR)": null, "BDMI (%)": null, "BDMP (EUR)": null, "BDMP (%)": null, "BDS (EUR)": null, "BDS (%)": null, "TAC": null, "PA (EUR)": null, "D (EUR)": null, "TAC  C1": null, "PA C1 (EUR)": null, "D C1 (EUR)": null, "TAC C2": null, "PA C2 (EUR)": null, "D C2 (EUR)": null, "TAC  C3": null, "PA C3 (EUR)": null, "D C3 (EUR)": null, "TAC C4": null, "PA C4 (EUR)": null, "D C4 (EUR)": null, "TAC F": null, "PAF (EUR)": null, "DF (EUR)": null, "TAC A": null, "PAA (EUR)": null, "DA (EUR)": null, "TAC C": null, "PAC (EUR)": null, "DC (EUR)": null, "TAC MI": null, "PAMI (EUR)": null, "DMI (EUR)": null, " TAC MP": null, "PAMP (EUR)": null, "DMP (EUR)": null }, "geometry": null },
{ "type": "Feature", "properties": { "Année": 2028, "Mois": "Juin", "UC": "UCT", "TAG": null, "NAP": null, "NAA": null, "NAC": null, "NAD": null, "TAR 1": null, "TAR 2": null, "TAR 1.1": null, "TAR 1.2": null, "TAR 2.1": null, "TAR 2.2": null, "TAA 1.1.1": null, "TAA 1.1.2": null, "TAA 1.1.3": null, "TAA 1.1.4": null, "TAA 1.2.1": null, "TAA 1.2.2": null, "TAA 1.2.3": null, "TAA 1.2.4": null, "TAA 2.1.1": null, "TAA 2.1.2": null, "TAA 2.1.3": null, "TAA 2.1.4": null, "TAA 2.2.1": null, "TAA 2.2.2": null, "TAA 2.2.3": null, "TAA 2.2.4": null, "DC": 3570353.05, "BT": 34500000, "TD": 0.10348849420289855, "BD 2024 (EUR)": 715524.94, "BD 2024 (%)": 0.020739853333333332, "BD 2025 (EUR)": 2758290.3, "BD 2025 (%)": 0.079950443478260858, "BD 2026 (EUR)": 96537.81, "BD 2026 (%)": 0.002798197391304348, "BD 2027 (EUR)": null, "BD 2027 (%)": null, "BD 2028 (EUR)": null, "BD 2028 (%)": null, "BD 2029 (EUR)": null, "BD 2029 (%)": null, "BD 2030 (EUR)": null, "BD 2030 (%)": null, "BD C1 (EUR)": null, "BD C1 (%)": null, "BD C2 (EUR)": null, "BD C2 (%)": null, "BD C3 (EUR)": null, "BD C3 (%)": null, "BD C4 (EUR)": null, "BD C4 (%)": null, "BDF (EUR)": null, "BDF (%)": null, "BDA (EUR)": null, "BDA (%)": null, "BDC (EUR)": null, "BDC (%)": null, "BDMI (EUR)": null, "BDMI (%)": null, "BDMP (EUR)": null, "BDMP (%)": null, "BDS (EUR)": null, "BDS (%)": null, "TAC": null, "PA (EUR)": null, "D (EUR)": null, "TAC  C1": null, "PA C1 (EUR)": null, "D C1 (EUR)": null, "TAC C2": null, "PA C2 (EUR)": null, "D C2 (EUR)": null, "TAC  C3": null, "PA C3 (EUR)": null, "D C3 (EUR)": null, "TAC C4": null, "PA C4 (EUR)": null, "D C4 (EUR)": null, "TAC F": null, "PAF (EUR)": null, "DF (EUR)": null, "TAC A": null, "PAA (EUR)": null, "DA (EUR)": null, "TAC C": null, "PAC (EUR)": null, "DC (EUR)": null, "TAC MI": null, "PAMI (EUR)": null, "DMI (EUR)": null, " TAC MP": null, "PAMP (EUR)": null, "DMP (EUR)": null }, "geometry": null },
{ "type": "Feature", "properties": { "Année": 2028, "Mois": "Juillet", "UC": "UCT", "TAG": null, "NAP": null, "NAA": null, "NAC": null, "NAD": null, "TAR 1": null, "TAR 2": null, "TAR 1.1": null, "TAR 1.2": null, "TAR 2.1": null, "TAR 2.2": null, "TAA 1.1.1": null, "TAA 1.1.2": null, "TAA 1.1.3": null, "TAA 1.1.4": null, "TAA 1.2.1": null, "TAA 1.2.2": null, "TAA 1.2.3": null, "TAA 1.2.4": null, "TAA 2.1.1": null, "TAA 2.1.2": null, "TAA 2.1.3": null, "TAA 2.1.4": null, "TAA 2.2.1": null, "TAA 2.2.2": null, "TAA 2.2.3": null, "TAA 2.2.4": null, "DC": 3570353.05, "BT": 34500000, "TD": 0.10348849420289855, "BD 2024 (EUR)": 715524.94, "BD 2024 (%)": 0.020739853333333332, "BD 2025 (EUR)": 2758290.3, "BD 2025 (%)": 0.079950443478260858, "BD 2026 (EUR)": 96537.81, "BD 2026 (%)": 0.002798197391304348, "BD 2027 (EUR)": null, "BD 2027 (%)": null, "BD 2028 (EUR)": null, "BD 2028 (%)": null, "BD 2029 (EUR)": null, "BD 2029 (%)": null, "BD 2030 (EUR)": null, "BD 2030 (%)": null, "BD C1 (EUR)": null, "BD C1 (%)": null, "BD C2 (EUR)": null, "BD C2 (%)": null, "BD C3 (EUR)": null, "BD C3 (%)": null, "BD C4 (EUR)": null, "BD C4 (%)": null, "BDF (EUR)": null, "BDF (%)": null, "BDA (EUR)": null, "BDA (%)": null, "BDC (EUR)": null, "BDC (%)": null, "BDMI (EUR)": null, "BDMI (%)": null, "BDMP (EUR)": null, "BDMP (%)": null, "BDS (EUR)": null, "BDS (%)": null, "TAC": null, "PA (EUR)": null, "D (EUR)": null, "TAC  C1": null, "PA C1 (EUR)": null, "D C1 (EUR)": null, "TAC C2": null, "PA C2 (EUR)": null, "D C2 (EUR)": null, "TAC  C3": null, "PA C3 (EUR)": null, "D C3 (EUR)": null, "TAC C4": null, "PA C4 (EUR)": null, "D C4 (EUR)": null, "TAC F": null, "PAF (EUR)": null, "DF (EUR)": null, "TAC A": null, "PAA (EUR)": null, "DA (EUR)": null, "TAC C": null, "PAC (EUR)": null, "DC (EUR)": null, "TAC MI": null, "PAMI (EUR)": null, "DMI (EUR)": null, " TAC MP": null, "PAMP (EUR)": null, "DMP (EUR)": null }, "geometry": null },
{ "type": "Feature", "properties": { "Année": 2028, "Mois": "Août", "UC": "UCT", "TAG": null, "NAP": null, "NAA": null, "NAC": null, "NAD": null, "TAR 1": null, "TAR 2": null, "TAR 1.1": null, "TAR 1.2": null, "TAR 2.1": null, "TAR 2.2": null, "TAA 1.1.1": null, "TAA 1.1.2": null, "TAA 1.1.3": null, "TAA 1.1.4": null, "TAA 1.2.1": null, "TAA 1.2.2": null, "TAA 1.2.3": null, "TAA 1.2.4": null, "TAA 2.1.1": null, "TAA 2.1.2": null, "TAA 2.1.3": null, "TAA 2.1.4": null, "TAA 2.2.1": null, "TAA 2.2.2": null, "TAA 2.2.3": null, "TAA 2.2.4": null, "DC": 3570353.05, "BT": 34500000, "TD": 0.10348849420289855, "BD 2024 (EUR)": 715524.94, "BD 2024 (%)": 0.020739853333333332, "BD 2025 (EUR)": 2758290.3, "BD 2025 (%)": 0.079950443478260858, "BD 2026 (EUR)": 96537.81, "BD 2026 (%)": 0.002798197391304348, "BD 2027 (EUR)": null, "BD 2027 (%)": null, "BD 2028 (EUR)": null, "BD 2028 (%)": null, "BD 2029 (EUR)": null, "BD 2029 (%)": null, "BD 2030 (EUR)": null, "BD 2030 (%)": null, "BD C1 (EUR)": null, "BD C1 (%)": null, "BD C2 (EUR)": null, "BD C2 (%)": null, "BD C3 (EUR)": null, "BD C3 (%)": null, "BD C4 (EUR)": null, "BD C4 (%)": null, "BDF (EUR)": null, "BDF (%)": null, "BDA (EUR)": null, "BDA (%)": null, "BDC (EUR)": null, "BDC (%)": null, "BDMI (EUR)": null, "BDMI (%)": null, "BDMP (EUR)": null, "BDMP (%)": null, "BDS (EUR)": null, "BDS (%)": null, "TAC": null, "PA (EUR)": null, "D (EUR)": null, "TAC  C1": null, "PA C1 (EUR)": null, "D C1 (EUR)": null, "TAC C2": null, "PA C2 (EUR)": null, "D C2 (EUR)": null, "TAC  C3": null, "PA C3 (EUR)": null, "D C3 (EUR)": null, "TAC C4": null, "PA C4 (EUR)": null, "D C4 (EUR)": null, "TAC F": null, "PAF (EUR)": null, "DF (EUR)": null, "TAC A": null, "PAA (EUR)": null, "DA (EUR)": null, "TAC C": null, "PAC (EUR)": null, "DC (EUR)": null, "TAC MI": null, "PAMI (EUR)": null, "DMI (EUR)": null, " TAC MP": null, "PAMP (EUR)": null, "DMP (EUR)": null }, "geometry": null },
{ "type": "Feature", "properties": { "Année": 2028, "Mois": "Septembre", "UC": "UCT", "TAG": null, "NAP": null, "NAA": null, "NAC": null, "NAD": null, "TAR 1": null, "TAR 2": null, "TAR 1.1": null, "TAR 1.2": null, "TAR 2.1": null, "TAR 2.2": null, "TAA 1.1.1": null, "TAA 1.1.2": null, "TAA 1.1.3": null, "TAA 1.1.4": null, "TAA 1.2.1": null, "TAA 1.2.2": null, "TAA 1.2.3": null, "TAA 1.2.4": null, "TAA 2.1.1": null, "TAA 2.1.2": null, "TAA 2.1.3": null, "TAA 2.1.4": null, "TAA 2.2.1": null, "TAA 2.2.2": null, "TAA 2.2.3": null, "TAA 2.2.4": null, "DC": 3570353.05, "BT": 34500000, "TD": 0.10348849420289855, "BD 2024 (EUR)": 715524.94, "BD 2024 (%)": 0.020739853333333332, "BD 2025 (EUR)": 2758290.3, "BD 2025 (%)": 0.079950443478260858, "BD 2026 (EUR)": 96537.81, "BD 2026 (%)": 0.002798197391304348, "BD 2027 (EUR)": null, "BD 2027 (%)": null, "BD 2028 (EUR)": null, "BD 2028 (%)": null, "BD 2029 (EUR)": null, "BD 2029 (%)": null, "BD 2030 (EUR)": null, "BD 2030 (%)": null, "BD C1 (EUR)": null, "BD C1 (%)": null, "BD C2 (EUR)": null, "BD C2 (%)": null, "BD C3 (EUR)": null, "BD C3 (%)": null, "BD C4 (EUR)": null, "BD C4 (%)": null, "BDF (EUR)": null, "BDF (%)": null, "BDA (EUR)": null, "BDA (%)": null, "BDC (EUR)": null, "BDC (%)": null, "BDMI (EUR)": null, "BDMI (%)": null, "BDMP (EUR)": null, "BDMP (%)": null, "BDS (EUR)": null, "BDS (%)": null, "TAC": null, "PA (EUR)": null, "D (EUR)": null, "TAC  C1": null, "PA C1 (EUR)": null, "D C1 (EUR)": null, "TAC C2": null, "PA C2 (EUR)": null, "D C2 (EUR)": null, "TAC  C3": null, "PA C3 (EUR)": null, "D C3 (EUR)": null, "TAC C4": null, "PA C4 (EUR)": null, "D C4 (EUR)": null, "TAC F": null, "PAF (EUR)": null, "DF (EUR)": null, "TAC A": null, "PAA (EUR)": null, "DA (EUR)": null, "TAC C": null, "PAC (EUR)": null, "DC (EUR)": null, "TAC MI": null, "PAMI (EUR)": null, "DMI (EUR)": null, " TAC MP": null, "PAMP (EUR)": null, "DMP (EUR)": null }, "geometry": null },
{ "type": "Feature", "properties": { "Année": 2028, "Mois": "Octobre", "UC": "UCT", "TAG": null, "NAP": null, "NAA": null, "NAC": null, "NAD": null, "TAR 1": null, "TAR 2": null, "TAR 1.1": null, "TAR 1.2": null, "TAR 2.1": null, "TAR 2.2": null, "TAA 1.1.1": null, "TAA 1.1.2": null, "TAA 1.1.3": null, "TAA 1.1.4": null, "TAA 1.2.1": null, "TAA 1.2.2": null, "TAA 1.2.3": null, "TAA 1.2.4": null, "TAA 2.1.1": null, "TAA 2.1.2": null, "TAA 2.1.3": null, "TAA 2.1.4": null, "TAA 2.2.1": null, "TAA 2.2.2": null, "TAA 2.2.3": null, "TAA 2.2.4": null, "DC": 3570353.05, "BT": 34500000, "TD": 0.10348849420289855, "BD 2024 (EUR)": 715524.94, "BD 2024 (%)": 0.020739853333333332, "BD 2025 (EUR)": 2758290.3, "BD 2025 (%)": 0.079950443478260858, "BD 2026 (EUR)": 96537.81, "BD 2026 (%)": 0.002798197391304348, "BD 2027 (EUR)": null, "BD 2027 (%)": null, "BD 2028 (EUR)": null, "BD 2028 (%)": null, "BD 2029 (EUR)": null, "BD 2029 (%)": null, "BD 2030 (EUR)": null, "BD 2030 (%)": null, "BD C1 (EUR)": null, "BD C1 (%)": null, "BD C2 (EUR)": null, "BD C2 (%)": null, "BD C3 (EUR)": null, "BD C3 (%)": null, "BD C4 (EUR)": null, "BD C4 (%)": null, "BDF (EUR)": null, "BDF (%)": null, "BDA (EUR)": null, "BDA (%)": null, "BDC (EUR)": null, "BDC (%)": null, "BDMI (EUR)": null, "BDMI (%)": null, "BDMP (EUR)": null, "BDMP (%)": null, "BDS (EUR)": null, "BDS (%)": null, "TAC": null, "PA (EUR)": null, "D (EUR)": null, "TAC  C1": null, "PA C1 (EUR)": null, "D C1 (EUR)": null, "TAC C2": null, "PA C2 (EUR)": null, "D C2 (EUR)": null, "TAC  C3": null, "PA C3 (EUR)": null, "D C3 (EUR)": null, "TAC C4": null, "PA C4 (EUR)": null, "D C4 (EUR)": null, "TAC F": null, "PAF (EUR)": null, "DF (EUR)": null, "TAC A": null, "PAA (EUR)": null, "DA (EUR)": null, "TAC C": null, "PAC (EUR)": null, "DC (EUR)": null, "TAC MI": null, "PAMI (EUR)": null, "DMI (EUR)": null, " TAC MP": null, "PAMP (EUR)": null, "DMP (EUR)": null }, "geometry": null },
{ "type": "Feature", "properties": { "Année": 2028, "Mois": "Novembre", "UC": "UCT", "TAG": null, "NAP": null, "NAA": null, "NAC": null, "NAD": null, "TAR 1": null, "TAR 2": null, "TAR 1.1": null, "TAR 1.2": null, "TAR 2.1": null, "TAR 2.2": null, "TAA 1.1.1": null, "TAA 1.1.2": null, "TAA 1.1.3": null, "TAA 1.1.4": null, "TAA 1.2.1": null, "TAA 1.2.2": null, "TAA 1.2.3": null, "TAA 1.2.4": null, "TAA 2.1.1": null, "TAA 2.1.2": null, "TAA 2.1.3": null, "TAA 2.1.4": null, "TAA 2.2.1": null, "TAA 2.2.2": null, "TAA 2.2.3": null, "TAA 2.2.4": null, "DC": 3570353.05, "BT": 34500000, "TD": 0.10348849420289855, "BD 2024 (EUR)": 715524.94, "BD 2024 (%)": 0.020739853333333332, "BD 2025 (EUR)": 2758290.3, "BD 2025 (%)": 0.079950443478260858, "BD 2026 (EUR)": 96537.81, "BD 2026 (%)": 0.002798197391304348, "BD 2027 (EUR)": null, "BD 2027 (%)": null, "BD 2028 (EUR)": null, "BD 2028 (%)": null, "BD 2029 (EUR)": null, "BD 2029 (%)": null, "BD 2030 (EUR)": null, "BD 2030 (%)": null, "BD C1 (EUR)": null, "BD C1 (%)": null, "BD C2 (EUR)": null, "BD C2 (%)": null, "BD C3 (EUR)": null, "BD C3 (%)": null, "BD C4 (EUR)": null, "BD C4 (%)": null, "BDF (EUR)": null, "BDF (%)": null, "BDA (EUR)": null, "BDA (%)": null, "BDC (EUR)": null, "BDC (%)": null, "BDMI (EUR)": null, "BDMI (%)": null, "BDMP (EUR)": null, "BDMP (%)": null, "BDS (EUR)": null, "BDS (%)": null, "TAC": null, "PA (EUR)": null, "D (EUR)": null, "TAC  C1": null, "PA C1 (EUR)": null, "D C1 (EUR)": null, "TAC C2": null, "PA C2 (EUR)": null, "D C2 (EUR)": null, "TAC  C3": null, "PA C3 (EUR)": null, "D C3 (EUR)": null, "TAC C4": null, "PA C4 (EUR)": null, "D C4 (EUR)": null, "TAC F": null, "PAF (EUR)": null, "DF (EUR)": null, "TAC A": null, "PAA (EUR)": null, "DA (EUR)": null, "TAC C": null, "PAC (EUR)": null, "DC (EUR)": null, "TAC MI": null, "PAMI (EUR)": null, "DMI (EUR)": null, " TAC MP": null, "PAMP (EUR)": null, "DMP (EUR)": null }, "geometry": null },
{ "type": "Feature", "properties": { "Année": 2028, "Mois": "Décembre", "UC": "UCT", "TAG": null, "NAP": null, "NAA": null, "NAC": null, "NAD": null, "TAR 1": null, "TAR 2": null, "TAR 1.1": null, "TAR 1.2": null, "TAR 2.1": null, "TAR 2.2": null, "TAA 1.1.1": null, "TAA 1.1.2": null, "TAA 1.1.3": null, "TAA 1.1.4": null, "TAA 1.2.1": null, "TAA 1.2.2": null, "TAA 1.2.3": null, "TAA 1.2.4": null, "TAA 2.1.1": null, "TAA 2.1.2": null, "TAA 2.1.3": null, "TAA 2.1.4": null, "TAA 2.2.1": null, "TAA 2.2.2": null, "TAA 2.2.3": null, "TAA 2.2.4": null, "DC": 3570353.05, "BT": 34500000, "TD": 0.10348849420289855, "BD 2024 (EUR)": 715524.94, "BD 2024 (%)": 0.020739853333333332, "BD 2025 (EUR)": 2758290.3, "BD 2025 (%)": 0.079950443478260858, "BD 2026 (EUR)": 96537.81, "BD 2026 (%)": 0.002798197391304348, "BD 2027 (EUR)": null, "BD 2027 (%)": null, "BD 2028 (EUR)": null, "BD 2028 (%)": null, "BD 2029 (EUR)": null, "BD 2029 (%)": null, "BD 2030 (EUR)": null, "BD 2030 (%)": null, "BD C1 (EUR)": null, "BD C1 (%)": null, "BD C2 (EUR)": null, "BD C2 (%)": null, "BD C3 (EUR)": null, "BD C3 (%)": null, "BD C4 (EUR)": null, "BD C4 (%)": null, "BDF (EUR)": null, "BDF (%)": null, "BDA (EUR)": null, "BDA (%)": null, "BDC (EUR)": null, "BDC (%)": null, "BDMI (EUR)": null, "BDMI (%)": null, "BDMP (EUR)": null, "BDMP (%)": null, "BDS (EUR)": null, "BDS (%)": null, "TAC": null, "PA (EUR)": null, "D (EUR)": null, "TAC  C1": null, "PA C1 (EUR)": null, "D C1 (EUR)": null, "TAC C2": null, "PA C2 (EUR)": null, "D C2 (EUR)": null, "TAC  C3": null, "PA C3 (EUR)": null, "D C3 (EUR)": null, "TAC C4": null, "PA C4 (EUR)": null, "D C4 (EUR)": null, "TAC F": null, "PAF (EUR)": null, "DF (EUR)": null, "TAC A": null, "PAA (EUR)": null, "DA (EUR)": null, "TAC C": null, "PAC (EUR)": null, "DC (EUR)": null, "TAC MI": null, "PAMI (EUR)": null, "DMI (EUR)": null, " TAC MP": null, "PAMP (EUR)": null, "DMP (EUR)": null }, "geometry": null },
{ "type": "Feature", "properties": { "Année": 2028, "Mois": "Janvier", "UC": "UCR-B", "TAG": null, "NAP": null, "NAA": null, "NAC": null, "NAD": null, "TAR 1": null, "TAR 2": null, "TAR 1.1": null, "TAR 1.2": null, "TAR 2.1": null, "TAR 2.2": null, "TAA 1.1.1": null, "TAA 1.1.2": null, "TAA 1.1.3": null, "TAA 1.1.4": null, "TAA 1.2.1": null, "TAA 1.2.2": null, "TAA 1.2.3": null, "TAA 1.2.4": null, "TAA 2.1.1": null, "TAA 2.1.2": null, "TAA 2.1.3": null, "TAA 2.1.4": null, "TAA 2.2.1": null, "TAA 2.2.2": null, "TAA 2.2.3": null, "TAA 2.2.4": null, "DC": 3570353.05, "BT": 34500000, "TD": 0.10348849420289855, "BD 2024 (EUR)": 715524.94, "BD 2024 (%)": 0.020739853333333332, "BD 2025 (EUR)": 2758290.3, "BD 2025 (%)": 0.079950443478260858, "BD 2026 (EUR)": 96537.81, "BD 2026 (%)": 0.002798197391304348, "BD 2027 (EUR)": null, "BD 2027 (%)": null, "BD 2028 (EUR)": null, "BD 2028 (%)": null, "BD 2029 (EUR)": null, "BD 2029 (%)": null, "BD 2030 (EUR)": null, "BD 2030 (%)": null, "BD C1 (EUR)": null, "BD C1 (%)": null, "BD C2 (EUR)": null, "BD C2 (%)": null, "BD C3 (EUR)": null, "BD C3 (%)": null, "BD C4 (EUR)": null, "BD C4 (%)": null, "BDF (EUR)": null, "BDF (%)": null, "BDA (EUR)": null, "BDA (%)": null, "BDC (EUR)": null, "BDC (%)": null, "BDMI (EUR)": null, "BDMI (%)": null, "BDMP (EUR)": null, "BDMP (%)": null, "BDS (EUR)": null, "BDS (%)": null, "TAC": null, "PA (EUR)": null, "D (EUR)": null, "TAC  C1": null, "PA C1 (EUR)": null, "D C1 (EUR)": null, "TAC C2": null, "PA C2 (EUR)": null, "D C2 (EUR)": null, "TAC  C3": null, "PA C3 (EUR)": null, "D C3 (EUR)": null, "TAC C4": null, "PA C4 (EUR)": null, "D C4 (EUR)": null, "TAC F": null, "PAF (EUR)": null, "DF (EUR)": null, "TAC A": null, "PAA (EUR)": null, "DA (EUR)": null, "TAC C": null, "PAC (EUR)": null, "DC (EUR)": null, "TAC MI": null, "PAMI (EUR)": null, "DMI (EUR)": null, " TAC MP": null, "PAMP (EUR)": null, "DMP (EUR)": null }, "geometry": null },
{ "type": "Feature", "properties": { "Année": 2028, "Mois": "Février", "UC": "UCR-B", "TAG": null, "NAP": null, "NAA": null, "NAC": null, "NAD": null, "TAR 1": null, "TAR 2": null, "TAR 1.1": null, "TAR 1.2": null, "TAR 2.1": null, "TAR 2.2": null, "TAA 1.1.1": null, "TAA 1.1.2": null, "TAA 1.1.3": null, "TAA 1.1.4": null, "TAA 1.2.1": null, "TAA 1.2.2": null, "TAA 1.2.3": null, "TAA 1.2.4": null, "TAA 2.1.1": null, "TAA 2.1.2": null, "TAA 2.1.3": null, "TAA 2.1.4": null, "TAA 2.2.1": null, "TAA 2.2.2": null, "TAA 2.2.3": null, "TAA 2.2.4": null, "DC": 3570353.05, "BT": 34500000, "TD": 0.10348849420289855, "BD 2024 (EUR)": 715524.94, "BD 2024 (%)": 0.020739853333333332, "BD 2025 (EUR)": 2758290.3, "BD 2025 (%)": 0.079950443478260858, "BD 2026 (EUR)": 96537.81, "BD 2026 (%)": 0.002798197391304348, "BD 2027 (EUR)": null, "BD 2027 (%)": null, "BD 2028 (EUR)": null, "BD 2028 (%)": null, "BD 2029 (EUR)": null, "BD 2029 (%)": null, "BD 2030 (EUR)": null, "BD 2030 (%)": null, "BD C1 (EUR)": null, "BD C1 (%)": null, "BD C2 (EUR)": null, "BD C2 (%)": null, "BD C3 (EUR)": null, "BD C3 (%)": null, "BD C4 (EUR)": null, "BD C4 (%)": null, "BDF (EUR)": null, "BDF (%)": null, "BDA (EUR)": null, "BDA (%)": null, "BDC (EUR)": null, "BDC (%)": null, "BDMI (EUR)": null, "BDMI (%)": null, "BDMP (EUR)": null, "BDMP (%)": null, "BDS (EUR)": null, "BDS (%)": null, "TAC": null, "PA (EUR)": null, "D (EUR)": null, "TAC  C1": null, "PA C1 (EUR)": null, "D C1 (EUR)": null, "TAC C2": null, "PA C2 (EUR)": null, "D C2 (EUR)": null, "TAC  C3": null, "PA C3 (EUR)": null, "D C3 (EUR)": null, "TAC C4": null, "PA C4 (EUR)": null, "D C4 (EUR)": null, "TAC F": null, "PAF (EUR)": null, "DF (EUR)": null, "TAC A": null, "PAA (EUR)": null, "DA (EUR)": null, "TAC C": null, "PAC (EUR)": null, "DC (EUR)": null, "TAC MI": null, "PAMI (EUR)": null, "DMI (EUR)": null, " TAC MP": null, "PAMP (EUR)": null, "DMP (EUR)": null }, "geometry": null },
{ "type": "Feature", "properties": { "Année": 2028, "Mois": "Mars", "UC": "UCR-B", "TAG": null, "NAP": null, "NAA": null, "NAC": null, "NAD": null, "TAR 1": null, "TAR 2": null, "TAR 1.1": null, "TAR 1.2": null, "TAR 2.1": null, "TAR 2.2": null, "TAA 1.1.1": null, "TAA 1.1.2": null, "TAA 1.1.3": null, "TAA 1.1.4": null, "TAA 1.2.1": null, "TAA 1.2.2": null, "TAA 1.2.3": null, "TAA 1.2.4": null, "TAA 2.1.1": null, "TAA 2.1.2": null, "TAA 2.1.3": null, "TAA 2.1.4": null, "TAA 2.2.1": null, "TAA 2.2.2": null, "TAA 2.2.3": null, "TAA 2.2.4": null, "DC": 3570353.05, "BT": 34500000, "TD": 0.10348849420289855, "BD 2024 (EUR)": 715524.94, "BD 2024 (%)": 0.020739853333333332, "BD 2025 (EUR)": 2758290.3, "BD 2025 (%)": 0.079950443478260858, "BD 2026 (EUR)": 96537.81, "BD 2026 (%)": 0.002798197391304348, "BD 2027 (EUR)": null, "BD 2027 (%)": null, "BD 2028 (EUR)": null, "BD 2028 (%)": null, "BD 2029 (EUR)": null, "BD 2029 (%)": null, "BD 2030 (EUR)": null, "BD 2030 (%)": null, "BD C1 (EUR)": null, "BD C1 (%)": null, "BD C2 (EUR)": null, "BD C2 (%)": null, "BD C3 (EUR)": null, "BD C3 (%)": null, "BD C4 (EUR)": null, "BD C4 (%)": null, "BDF (EUR)": null, "BDF (%)": null, "BDA (EUR)": null, "BDA (%)": null, "BDC (EUR)": null, "BDC (%)": null, "BDMI (EUR)": null, "BDMI (%)": null, "BDMP (EUR)": null, "BDMP (%)": null, "BDS (EUR)": null, "BDS (%)": null, "TAC": null, "PA (EUR)": null, "D (EUR)": null, "TAC  C1": null, "PA C1 (EUR)": null, "D C1 (EUR)": null, "TAC C2": null, "PA C2 (EUR)": null, "D C2 (EUR)": null, "TAC  C3": null, "PA C3 (EUR)": null, "D C3 (EUR)": null, "TAC C4": null, "PA C4 (EUR)": null, "D C4 (EUR)": null, "TAC F": null, "PAF (EUR)": null, "DF (EUR)": null, "TAC A": null, "PAA (EUR)": null, "DA (EUR)": null, "TAC C": null, "PAC (EUR)": null, "DC (EUR)": null, "TAC MI": null, "PAMI (EUR)": null, "DMI (EUR)": null, " TAC MP": null, "PAMP (EUR)": null, "DMP (EUR)": null }, "geometry": null },
{ "type": "Feature", "properties": { "Année": 2028, "Mois": "Avril", "UC": "UCR-B", "TAG": null, "NAP": null, "NAA": null, "NAC": null, "NAD": null, "TAR 1": null, "TAR 2": null, "TAR 1.1": null, "TAR 1.2": null, "TAR 2.1": null, "TAR 2.2": null, "TAA 1.1.1": null, "TAA 1.1.2": null, "TAA 1.1.3": null, "TAA 1.1.4": null, "TAA 1.2.1": null, "TAA 1.2.2": null, "TAA 1.2.3": null, "TAA 1.2.4": null, "TAA 2.1.1": null, "TAA 2.1.2": null, "TAA 2.1.3": null, "TAA 2.1.4": null, "TAA 2.2.1": null, "TAA 2.2.2": null, "TAA 2.2.3": null, "TAA 2.2.4": null, "DC": 3570353.05, "BT": 34500000, "TD": 0.10348849420289855, "BD 2024 (EUR)": 715524.94, "BD 2024 (%)": 0.020739853333333332, "BD 2025 (EUR)": 2758290.3, "BD 2025 (%)": 0.079950443478260858, "BD 2026 (EUR)": 96537.81, "BD 2026 (%)": 0.002798197391304348, "BD 2027 (EUR)": null, "BD 2027 (%)": null, "BD 2028 (EUR)": null, "BD 2028 (%)": null, "BD 2029 (EUR)": null, "BD 2029 (%)": null, "BD 2030 (EUR)": null, "BD 2030 (%)": null, "BD C1 (EUR)": null, "BD C1 (%)": null, "BD C2 (EUR)": null, "BD C2 (%)": null, "BD C3 (EUR)": null, "BD C3 (%)": null, "BD C4 (EUR)": null, "BD C4 (%)": null, "BDF (EUR)": null, "BDF (%)": null, "BDA (EUR)": null, "BDA (%)": null, "BDC (EUR)": null, "BDC (%)": null, "BDMI (EUR)": null, "BDMI (%)": null, "BDMP (EUR)": null, "BDMP (%)": null, "BDS (EUR)": null, "BDS (%)": null, "TAC": null, "PA (EUR)": null, "D (EUR)": null, "TAC  C1": null, "PA C1 (EUR)": null, "D C1 (EUR)": null, "TAC C2": null, "PA C2 (EUR)": null, "D C2 (EUR)": null, "TAC  C3": null, "PA C3 (EUR)": null, "D C3 (EUR)": null, "TAC C4": null, "PA C4 (EUR)": null, "D C4 (EUR)": null, "TAC F": null, "PAF (EUR)": null, "DF (EUR)": null, "TAC A": null, "PAA (EUR)": null, "DA (EUR)": null, "TAC C": null, "PAC (EUR)": null, "DC (EUR)": null, "TAC MI": null, "PAMI (EUR)": null, "DMI (EUR)": null, " TAC MP": null, "PAMP (EUR)": null, "DMP (EUR)": null }, "geometry": null },
{ "type": "Feature", "properties": { "Année": 2028, "Mois": "Mai", "UC": "UCR-B", "TAG": null, "NAP": null, "NAA": null, "NAC": null, "NAD": null, "TAR 1": null, "TAR 2": null, "TAR 1.1": null, "TAR 1.2": null, "TAR 2.1": null, "TAR 2.2": null, "TAA 1.1.1": null, "TAA 1.1.2": null, "TAA 1.1.3": null, "TAA 1.1.4": null, "TAA 1.2.1": null, "TAA 1.2.2": null, "TAA 1.2.3": null, "TAA 1.2.4": null, "TAA 2.1.1": null, "TAA 2.1.2": null, "TAA 2.1.3": null, "TAA 2.1.4": null, "TAA 2.2.1": null, "TAA 2.2.2": null, "TAA 2.2.3": null, "TAA 2.2.4": null, "DC": 3570353.05, "BT": 34500000, "TD": 0.10348849420289855, "BD 2024 (EUR)": 715524.94, "BD 2024 (%)": 0.020739853333333332, "BD 2025 (EUR)": 2758290.3, "BD 2025 (%)": 0.079950443478260858, "BD 2026 (EUR)": 96537.81, "BD 2026 (%)": 0.002798197391304348, "BD 2027 (EUR)": null, "BD 2027 (%)": null, "BD 2028 (EUR)": null, "BD 2028 (%)": null, "BD 2029 (EUR)": null, "BD 2029 (%)": null, "BD 2030 (EUR)": null, "BD 2030 (%)": null, "BD C1 (EUR)": null, "BD C1 (%)": null, "BD C2 (EUR)": null, "BD C2 (%)": null, "BD C3 (EUR)": null, "BD C3 (%)": null, "BD C4 (EUR)": null, "BD C4 (%)": null, "BDF (EUR)": null, "BDF (%)": null, "BDA (EUR)": null, "BDA (%)": null, "BDC (EUR)": null, "BDC (%)": null, "BDMI (EUR)": null, "BDMI (%)": null, "BDMP (EUR)": null, "BDMP (%)": null, "BDS (EUR)": null, "BDS (%)": null, "TAC": null, "PA (EUR)": null, "D (EUR)": null, "TAC  C1": null, "PA C1 (EUR)": null, "D C1 (EUR)": null, "TAC C2": null, "PA C2 (EUR)": null, "D C2 (EUR)": null, "TAC  C3": null, "PA C3 (EUR)": null, "D C3 (EUR)": null, "TAC C4": null, "PA C4 (EUR)": null, "D C4 (EUR)": null, "TAC F": null, "PAF (EUR)": null, "DF (EUR)": null, "TAC A": null, "PAA (EUR)": null, "DA (EUR)": null, "TAC C": null, "PAC (EUR)": null, "DC (EUR)": null, "TAC MI": null, "PAMI (EUR)": null, "DMI (EUR)": null, " TAC MP": null, "PAMP (EUR)": null, "DMP (EUR)": null }, "geometry": null },
{ "type": "Feature", "properties": { "Année": 2028, "Mois": "Juin", "UC": "UCR-B", "TAG": null, "NAP": null, "NAA": null, "NAC": null, "NAD": null, "TAR 1": null, "TAR 2": null, "TAR 1.1": null, "TAR 1.2": null, "TAR 2.1": null, "TAR 2.2": null, "TAA 1.1.1": null, "TAA 1.1.2": null, "TAA 1.1.3": null, "TAA 1.1.4": null, "TAA 1.2.1": null, "TAA 1.2.2": null, "TAA 1.2.3": null, "TAA 1.2.4": null, "TAA 2.1.1": null, "TAA 2.1.2": null, "TAA 2.1.3": null, "TAA 2.1.4": null, "TAA 2.2.1": null, "TAA 2.2.2": null, "TAA 2.2.3": null, "TAA 2.2.4": null, "DC": 3570353.05, "BT": 34500000, "TD": 0.10348849420289855, "BD 2024 (EUR)": 715524.94, "BD 2024 (%)": 0.020739853333333332, "BD 2025 (EUR)": 2758290.3, "BD 2025 (%)": 0.079950443478260858, "BD 2026 (EUR)": 96537.81, "BD 2026 (%)": 0.002798197391304348, "BD 2027 (EUR)": null, "BD 2027 (%)": null, "BD 2028 (EUR)": null, "BD 2028 (%)": null, "BD 2029 (EUR)": null, "BD 2029 (%)": null, "BD 2030 (EUR)": null, "BD 2030 (%)": null, "BD C1 (EUR)": null, "BD C1 (%)": null, "BD C2 (EUR)": null, "BD C2 (%)": null, "BD C3 (EUR)": null, "BD C3 (%)": null, "BD C4 (EUR)": null, "BD C4 (%)": null, "BDF (EUR)": null, "BDF (%)": null, "BDA (EUR)": null, "BDA (%)": null, "BDC (EUR)": null, "BDC (%)": null, "BDMI (EUR)": null, "BDMI (%)": null, "BDMP (EUR)": null, "BDMP (%)": null, "BDS (EUR)": null, "BDS (%)": null, "TAC": null, "PA (EUR)": null, "D (EUR)": null, "TAC  C1": null, "PA C1 (EUR)": null, "D C1 (EUR)": null, "TAC C2": null, "PA C2 (EUR)": null, "D C2 (EUR)": null, "TAC  C3": null, "PA C3 (EUR)": null, "D C3 (EUR)": null, "TAC C4": null, "PA C4 (EUR)": null, "D C4 (EUR)": null, "TAC F": null, "PAF (EUR)": null, "DF (EUR)": null, "TAC A": null, "PAA (EUR)": null, "DA (EUR)": null, "TAC C": null, "PAC (EUR)": null, "DC (EUR)": null, "TAC MI": null, "PAMI (EUR)": null, "DMI (EUR)": null, " TAC MP": null, "PAMP (EUR)": null, "DMP (EUR)": null }, "geometry": null },
{ "type": "Feature", "properties": { "Année": 2028, "Mois": "Juillet", "UC": "UCR-B", "TAG": null, "NAP": null, "NAA": null, "NAC": null, "NAD": null, "TAR 1": null, "TAR 2": null, "TAR 1.1": null, "TAR 1.2": null, "TAR 2.1": null, "TAR 2.2": null, "TAA 1.1.1": null, "TAA 1.1.2": null, "TAA 1.1.3": null, "TAA 1.1.4": null, "TAA 1.2.1": null, "TAA 1.2.2": null, "TAA 1.2.3": null, "TAA 1.2.4": null, "TAA 2.1.1": null, "TAA 2.1.2": null, "TAA 2.1.3": null, "TAA 2.1.4": null, "TAA 2.2.1": null, "TAA 2.2.2": null, "TAA 2.2.3": null, "TAA 2.2.4": null, "DC": 3570353.05, "BT": 34500000, "TD": 0.10348849420289855, "BD 2024 (EUR)": 715524.94, "BD 2024 (%)": 0.020739853333333332, "BD 2025 (EUR)": 2758290.3, "BD 2025 (%)": 0.079950443478260858, "BD 2026 (EUR)": 96537.81, "BD 2026 (%)": 0.002798197391304348, "BD 2027 (EUR)": null, "BD 2027 (%)": null, "BD 2028 (EUR)": null, "BD 2028 (%)": null, "BD 2029 (EUR)": null, "BD 2029 (%)": null, "BD 2030 (EUR)": null, "BD 2030 (%)": null, "BD C1 (EUR)": null, "BD C1 (%)": null, "BD C2 (EUR)": null, "BD C2 (%)": null, "BD C3 (EUR)": null, "BD C3 (%)": null, "BD C4 (EUR)": null, "BD C4 (%)": null, "BDF (EUR)": null, "BDF (%)": null, "BDA (EUR)": null, "BDA (%)": null, "BDC (EUR)": null, "BDC (%)": null, "BDMI (EUR)": null, "BDMI (%)": null, "BDMP (EUR)": null, "BDMP (%)": null, "BDS (EUR)": null, "BDS (%)": null, "TAC": null, "PA (EUR)": null, "D (EUR)": null, "TAC  C1": null, "PA C1 (EUR)": null, "D C1 (EUR)": null, "TAC C2": null, "PA C2 (EUR)": null, "D C2 (EUR)": null, "TAC  C3": null, "PA C3 (EUR)": null, "D C3 (EUR)": null, "TAC C4": null, "PA C4 (EUR)": null, "D C4 (EUR)": null, "TAC F": null, "PAF (EUR)": null, "DF (EUR)": null, "TAC A": null, "PAA (EUR)": null, "DA (EUR)": null, "TAC C": null, "PAC (EUR)": null, "DC (EUR)": null, "TAC MI": null, "PAMI (EUR)": null, "DMI (EUR)": null, " TAC MP": null, "PAMP (EUR)": null, "DMP (EUR)": null }, "geometry": null },
{ "type": "Feature", "properties": { "Année": 2028, "Mois": "Août", "UC": "UCR-B", "TAG": null, "NAP": null, "NAA": null, "NAC": null, "NAD": null, "TAR 1": null, "TAR 2": null, "TAR 1.1": null, "TAR 1.2": null, "TAR 2.1": null, "TAR 2.2": null, "TAA 1.1.1": null, "TAA 1.1.2": null, "TAA 1.1.3": null, "TAA 1.1.4": null, "TAA 1.2.1": null, "TAA 1.2.2": null, "TAA 1.2.3": null, "TAA 1.2.4": null, "TAA 2.1.1": null, "TAA 2.1.2": null, "TAA 2.1.3": null, "TAA 2.1.4": null, "TAA 2.2.1": null, "TAA 2.2.2": null, "TAA 2.2.3": null, "TAA 2.2.4": null, "DC": 3570353.05, "BT": 34500000, "TD": 0.10348849420289855, "BD 2024 (EUR)": 715524.94, "BD 2024 (%)": 0.020739853333333332, "BD 2025 (EUR)": 2758290.3, "BD 2025 (%)": 0.079950443478260858, "BD 2026 (EUR)": 96537.81, "BD 2026 (%)": 0.002798197391304348, "BD 2027 (EUR)": null, "BD 2027 (%)": null, "BD 2028 (EUR)": null, "BD 2028 (%)": null, "BD 2029 (EUR)": null, "BD 2029 (%)": null, "BD 2030 (EUR)": null, "BD 2030 (%)": null, "BD C1 (EUR)": null, "BD C1 (%)": null, "BD C2 (EUR)": null, "BD C2 (%)": null, "BD C3 (EUR)": null, "BD C3 (%)": null, "BD C4 (EUR)": null, "BD C4 (%)": null, "BDF (EUR)": null, "BDF (%)": null, "BDA (EUR)": null, "BDA (%)": null, "BDC (EUR)": null, "BDC (%)": null, "BDMI (EUR)": null, "BDMI (%)": null, "BDMP (EUR)": null, "BDMP (%)": null, "BDS (EUR)": null, "BDS (%)": null, "TAC": null, "PA (EUR)": null, "D (EUR)": null, "TAC  C1": null, "PA C1 (EUR)": null, "D C1 (EUR)": null, "TAC C2": null, "PA C2 (EUR)": null, "D C2 (EUR)": null, "TAC  C3": null, "PA C3 (EUR)": null, "D C3 (EUR)": null, "TAC C4": null, "PA C4 (EUR)": null, "D C4 (EUR)": null, "TAC F": null, "PAF (EUR)": null, "DF (EUR)": null, "TAC A": null, "PAA (EUR)": null, "DA (EUR)": null, "TAC C": null, "PAC (EUR)": null, "DC (EUR)": null, "TAC MI": null, "PAMI (EUR)": null, "DMI (EUR)": null, " TAC MP": null, "PAMP (EUR)": null, "DMP (EUR)": null }, "geometry": null },
{ "type": "Feature", "properties": { "Année": 2028, "Mois": "Septembre", "UC": "UCR-B", "TAG": null, "NAP": null, "NAA": null, "NAC": null, "NAD": null, "TAR 1": null, "TAR 2": null, "TAR 1.1": null, "TAR 1.2": null, "TAR 2.1": null, "TAR 2.2": null, "TAA 1.1.1": null, "TAA 1.1.2": null, "TAA 1.1.3": null, "TAA 1.1.4": null, "TAA 1.2.1": null, "TAA 1.2.2": null, "TAA 1.2.3": null, "TAA 1.2.4": null, "TAA 2.1.1": null, "TAA 2.1.2": null, "TAA 2.1.3": null, "TAA 2.1.4": null, "TAA 2.2.1": null, "TAA 2.2.2": null, "TAA 2.2.3": null, "TAA 2.2.4": null, "DC": 3570353.05, "BT": 34500000, "TD": 0.10348849420289855, "BD 2024 (EUR)": 715524.94, "BD 2024 (%)": 0.020739853333333332, "BD 2025 (EUR)": 2758290.3, "BD 2025 (%)": 0.079950443478260858, "BD 2026 (EUR)": 96537.81, "BD 2026 (%)": 0.002798197391304348, "BD 2027 (EUR)": null, "BD 2027 (%)": null, "BD 2028 (EUR)": null, "BD 2028 (%)": null, "BD 2029 (EUR)": null, "BD 2029 (%)": null, "BD 2030 (EUR)": null, "BD 2030 (%)": null, "BD C1 (EUR)": null, "BD C1 (%)": null, "BD C2 (EUR)": null, "BD C2 (%)": null, "BD C3 (EUR)": null, "BD C3 (%)": null, "BD C4 (EUR)": null, "BD C4 (%)": null, "BDF (EUR)": null, "BDF (%)": null, "BDA (EUR)": null, "BDA (%)": null, "BDC (EUR)": null, "BDC (%)": null, "BDMI (EUR)": null, "BDMI (%)": null, "BDMP (EUR)": null, "BDMP (%)": null, "BDS (EUR)": null, "BDS (%)": null, "TAC": null, "PA (EUR)": null, "D (EUR)": null, "TAC  C1": null, "PA C1 (EUR)": null, "D C1 (EUR)": null, "TAC C2": null, "PA C2 (EUR)": null, "D C2 (EUR)": null, "TAC  C3": null, "PA C3 (EUR)": null, "D C3 (EUR)": null, "TAC C4": null, "PA C4 (EUR)": null, "D C4 (EUR)": null, "TAC F": null, "PAF (EUR)": null, "DF (EUR)": null, "TAC A": null, "PAA (EUR)": null, "DA (EUR)": null, "TAC C": null, "PAC (EUR)": null, "DC (EUR)": null, "TAC MI": null, "PAMI (EUR)": null, "DMI (EUR)": null, " TAC MP": null, "PAMP (EUR)": null, "DMP (EUR)": null }, "geometry": null },
{ "type": "Feature", "properties": { "Année": 2028, "Mois": "Octobre", "UC": "UCR-B", "TAG": null, "NAP": null, "NAA": null, "NAC": null, "NAD": null, "TAR 1": null, "TAR 2": null, "TAR 1.1": null, "TAR 1.2": null, "TAR 2.1": null, "TAR 2.2": null, "TAA 1.1.1": null, "TAA 1.1.2": null, "TAA 1.1.3": null, "TAA 1.1.4": null, "TAA 1.2.1": null, "TAA 1.2.2": null, "TAA 1.2.3": null, "TAA 1.2.4": null, "TAA 2.1.1": null, "TAA 2.1.2": null, "TAA 2.1.3": null, "TAA 2.1.4": null, "TAA 2.2.1": null, "TAA 2.2.2": null, "TAA 2.2.3": null, "TAA 2.2.4": null, "DC": 3570353.05, "BT": 34500000, "TD": 0.10348849420289855, "BD 2024 (EUR)": 715524.94, "BD 2024 (%)": 0.020739853333333332, "BD 2025 (EUR)": 2758290.3, "BD 2025 (%)": 0.079950443478260858, "BD 2026 (EUR)": 96537.81, "BD 2026 (%)": 0.002798197391304348, "BD 2027 (EUR)": null, "BD 2027 (%)": null, "BD 2028 (EUR)": null, "BD 2028 (%)": null, "BD 2029 (EUR)": null, "BD 2029 (%)": null, "BD 2030 (EUR)": null, "BD 2030 (%)": null, "BD C1 (EUR)": null, "BD C1 (%)": null, "BD C2 (EUR)": null, "BD C2 (%)": null, "BD C3 (EUR)": null, "BD C3 (%)": null, "BD C4 (EUR)": null, "BD C4 (%)": null, "BDF (EUR)": null, "BDF (%)": null, "BDA (EUR)": null, "BDA (%)": null, "BDC (EUR)": null, "BDC (%)": null, "BDMI (EUR)": null, "BDMI (%)": null, "BDMP (EUR)": null, "BDMP (%)": null, "BDS (EUR)": null, "BDS (%)": null, "TAC": null, "PA (EUR)": null, "D (EUR)": null, "TAC  C1": null, "PA C1 (EUR)": null, "D C1 (EUR)": null, "TAC C2": null, "PA C2 (EUR)": null, "D C2 (EUR)": null, "TAC  C3": null, "PA C3 (EUR)": null, "D C3 (EUR)": null, "TAC C4": null, "PA C4 (EUR)": null, "D C4 (EUR)": null, "TAC F": null, "PAF (EUR)": null, "DF (EUR)": null, "TAC A": null, "PAA (EUR)": null, "DA (EUR)": null, "TAC C": null, "PAC (EUR)": null, "DC (EUR)": null, "TAC MI": null, "PAMI (EUR)": null, "DMI (EUR)": null, " TAC MP": null, "PAMP (EUR)": null, "DMP (EUR)": null }, "geometry": null },
{ "type": "Feature", "properties": { "Année": 2028, "Mois": "Novembre", "UC": "UCR-B", "TAG": null, "NAP": null, "NAA": null, "NAC": null, "NAD": null, "TAR 1": null, "TAR 2": null, "TAR 1.1": null, "TAR 1.2": null, "TAR 2.1": null, "TAR 2.2": null, "TAA 1.1.1": null, "TAA 1.1.2": null, "TAA 1.1.3": null, "TAA 1.1.4": null, "TAA 1.2.1": null, "TAA 1.2.2": null, "TAA 1.2.3": null, "TAA 1.2.4": null, "TAA 2.1.1": null, "TAA 2.1.2": null, "TAA 2.1.3": null, "TAA 2.1.4": null, "TAA 2.2.1": null, "TAA 2.2.2": null, "TAA 2.2.3": null, "TAA 2.2.4": null, "DC": 3570353.05, "BT": 34500000, "TD": 0.10348849420289855, "BD 2024 (EUR)": 715524.94, "BD 2024 (%)": 0.020739853333333332, "BD 2025 (EUR)": 2758290.3, "BD 2025 (%)": 0.079950443478260858, "BD 2026 (EUR)": 96537.81, "BD 2026 (%)": 0.002798197391304348, "BD 2027 (EUR)": null, "BD 2027 (%)": null, "BD 2028 (EUR)": null, "BD 2028 (%)": null, "BD 2029 (EUR)": null, "BD 2029 (%)": null, "BD 2030 (EUR)": null, "BD 2030 (%)": null, "BD C1 (EUR)": null, "BD C1 (%)": null, "BD C2 (EUR)": null, "BD C2 (%)": null, "BD C3 (EUR)": null, "BD C3 (%)": null, "BD C4 (EUR)": null, "BD C4 (%)": null, "BDF (EUR)": null, "BDF (%)": null, "BDA (EUR)": null, "BDA (%)": null, "BDC (EUR)": null, "BDC (%)": null, "BDMI (EUR)": null, "BDMI (%)": null, "BDMP (EUR)": null, "BDMP (%)": null, "BDS (EUR)": null, "BDS (%)": null, "TAC": null, "PA (EUR)": null, "D (EUR)": null, "TAC  C1": null, "PA C1 (EUR)": null, "D C1 (EUR)": null, "TAC C2": null, "PA C2 (EUR)": null, "D C2 (EUR)": null, "TAC  C3": null, "PA C3 (EUR)": null, "D C3 (EUR)": null, "TAC C4": null, "PA C4 (EUR)": null, "D C4 (EUR)": null, "TAC F": null, "PAF (EUR)": null, "DF (EUR)": null, "TAC A": null, "PAA (EUR)": null, "DA (EUR)": null, "TAC C": null, "PAC (EUR)": null, "DC (EUR)": null, "TAC MI": null, "PAMI (EUR)": null, "DMI (EUR)": null, " TAC MP": null, "PAMP (EUR)": null, "DMP (EUR)": null }, "geometry": null },
{ "type": "Feature", "properties": { "Année": 2028, "Mois": "Décembre", "UC": "UCR-B", "TAG": null, "NAP": null, "NAA": null, "NAC": null, "NAD": null, "TAR 1": null, "TAR 2": null, "TAR 1.1": null, "TAR 1.2": null, "TAR 2.1": null, "TAR 2.2": null, "TAA 1.1.1": null, "TAA 1.1.2": null, "TAA 1.1.3": null, "TAA 1.1.4": null, "TAA 1.2.1": null, "TAA 1.2.2": null, "TAA 1.2.3": null, "TAA 1.2.4": null, "TAA 2.1.1": null, "TAA 2.1.2": null, "TAA 2.1.3": null, "TAA 2.1.4": null, "TAA 2.2.1": null, "TAA 2.2.2": null, "TAA 2.2.3": null, "TAA 2.2.4": null, "DC": 3570353.05, "BT": 34500000, "TD": 0.10348849420289855, "BD 2024 (EUR)": 715524.94, "BD 2024 (%)": 0.020739853333333332, "BD 2025 (EUR)": 2758290.3, "BD 2025 (%)": 0.079950443478260858, "BD 2026 (EUR)": 96537.81, "BD 2026 (%)": 0.002798197391304348, "BD 2027 (EUR)": null, "BD 2027 (%)": null, "BD 2028 (EUR)": null, "BD 2028 (%)": null, "BD 2029 (EUR)": null, "BD 2029 (%)": null, "BD 2030 (EUR)": null, "BD 2030 (%)": null, "BD C1 (EUR)": null, "BD C1 (%)": null, "BD C2 (EUR)": null, "BD C2 (%)": null, "BD C3 (EUR)": null, "BD C3 (%)": null, "BD C4 (EUR)": null, "BD C4 (%)": null, "BDF (EUR)": null, "BDF (%)": null, "BDA (EUR)": null, "BDA (%)": null, "BDC (EUR)": null, "BDC (%)": null, "BDMI (EUR)": null, "BDMI (%)": null, "BDMP (EUR)": null, "BDMP (%)": null, "BDS (EUR)": null, "BDS (%)": null, "TAC": null, "PA (EUR)": null, "D (EUR)": null, "TAC  C1": null, "PA C1 (EUR)": null, "D C1 (EUR)": null, "TAC C2": null, "PA C2 (EUR)": null, "D C2 (EUR)": null, "TAC  C3": null, "PA C3 (EUR)": null, "D C3 (EUR)": null, "TAC C4": null, "PA C4 (EUR)": null, "D C4 (EUR)": null, "TAC F": null, "PAF (EUR)": null, "DF (EUR)": null, "TAC A": null, "PAA (EUR)": null, "DA (EUR)": null, "TAC C": null, "PAC (EUR)": null, "DC (EUR)": null, "TAC MI": null, "PAMI (EUR)": null, "DMI (EUR)": null, " TAC MP": null, "PAMP (EUR)": null, "DMP (EUR)": null }, "geometry": null },
{ "type": "Feature", "properties": { "Année": 2028, "Mois": "Janvier", "UC": "UCR-D", "TAG": null, "NAP": null, "NAA": null, "NAC": null, "NAD": null, "TAR 1": null, "TAR 2": null, "TAR 1.1": null, "TAR 1.2": null, "TAR 2.1": null, "TAR 2.2": null, "TAA 1.1.1": null, "TAA 1.1.2": null, "TAA 1.1.3": null, "TAA 1.1.4": null, "TAA 1.2.1": null, "TAA 1.2.2": null, "TAA 1.2.3": null, "TAA 1.2.4": null, "TAA 2.1.1": null, "TAA 2.1.2": null, "TAA 2.1.3": null, "TAA 2.1.4": null, "TAA 2.2.1": null, "TAA 2.2.2": null, "TAA 2.2.3": null, "TAA 2.2.4": null, "DC": 3570353.05, "BT": 34500000, "TD": 0.10348849420289855, "BD 2024 (EUR)": 715524.94, "BD 2024 (%)": 0.020739853333333332, "BD 2025 (EUR)": 2758290.3, "BD 2025 (%)": 0.079950443478260858, "BD 2026 (EUR)": 96537.81, "BD 2026 (%)": 0.002798197391304348, "BD 2027 (EUR)": null, "BD 2027 (%)": null, "BD 2028 (EUR)": null, "BD 2028 (%)": null, "BD 2029 (EUR)": null, "BD 2029 (%)": null, "BD 2030 (EUR)": null, "BD 2030 (%)": null, "BD C1 (EUR)": null, "BD C1 (%)": null, "BD C2 (EUR)": null, "BD C2 (%)": null, "BD C3 (EUR)": null, "BD C3 (%)": null, "BD C4 (EUR)": null, "BD C4 (%)": null, "BDF (EUR)": null, "BDF (%)": null, "BDA (EUR)": null, "BDA (%)": null, "BDC (EUR)": null, "BDC (%)": null, "BDMI (EUR)": null, "BDMI (%)": null, "BDMP (EUR)": null, "BDMP (%)": null, "BDS (EUR)": null, "BDS (%)": null, "TAC": null, "PA (EUR)": null, "D (EUR)": null, "TAC  C1": null, "PA C1 (EUR)": null, "D C1 (EUR)": null, "TAC C2": null, "PA C2 (EUR)": null, "D C2 (EUR)": null, "TAC  C3": null, "PA C3 (EUR)": null, "D C3 (EUR)": null, "TAC C4": null, "PA C4 (EUR)": null, "D C4 (EUR)": null, "TAC F": null, "PAF (EUR)": null, "DF (EUR)": null, "TAC A": null, "PAA (EUR)": null, "DA (EUR)": null, "TAC C": null, "PAC (EUR)": null, "DC (EUR)": null, "TAC MI": null, "PAMI (EUR)": null, "DMI (EUR)": null, " TAC MP": null, "PAMP (EUR)": null, "DMP (EUR)": null }, "geometry": null },
{ "type": "Feature", "properties": { "Année": 2028, "Mois": "Février", "UC": "UCR-D", "TAG": null, "NAP": null, "NAA": null, "NAC": null, "NAD": null, "TAR 1": null, "TAR 2": null, "TAR 1.1": null, "TAR 1.2": null, "TAR 2.1": null, "TAR 2.2": null, "TAA 1.1.1": null, "TAA 1.1.2": null, "TAA 1.1.3": null, "TAA 1.1.4": null, "TAA 1.2.1": null, "TAA 1.2.2": null, "TAA 1.2.3": null, "TAA 1.2.4": null, "TAA 2.1.1": null, "TAA 2.1.2": null, "TAA 2.1.3": null, "TAA 2.1.4": null, "TAA 2.2.1": null, "TAA 2.2.2": null, "TAA 2.2.3": null, "TAA 2.2.4": null, "DC": 3570353.05, "BT": 34500000, "TD": 0.10348849420289855, "BD 2024 (EUR)": 715524.94, "BD 2024 (%)": 0.020739853333333332, "BD 2025 (EUR)": 2758290.3, "BD 2025 (%)": 0.079950443478260858, "BD 2026 (EUR)": 96537.81, "BD 2026 (%)": 0.002798197391304348, "BD 2027 (EUR)": null, "BD 2027 (%)": null, "BD 2028 (EUR)": null, "BD 2028 (%)": null, "BD 2029 (EUR)": null, "BD 2029 (%)": null, "BD 2030 (EUR)": null, "BD 2030 (%)": null, "BD C1 (EUR)": null, "BD C1 (%)": null, "BD C2 (EUR)": null, "BD C2 (%)": null, "BD C3 (EUR)": null, "BD C3 (%)": null, "BD C4 (EUR)": null, "BD C4 (%)": null, "BDF (EUR)": null, "BDF (%)": null, "BDA (EUR)": null, "BDA (%)": null, "BDC (EUR)": null, "BDC (%)": null, "BDMI (EUR)": null, "BDMI (%)": null, "BDMP (EUR)": null, "BDMP (%)": null, "BDS (EUR)": null, "BDS (%)": null, "TAC": null, "PA (EUR)": null, "D (EUR)": null, "TAC  C1": null, "PA C1 (EUR)": null, "D C1 (EUR)": null, "TAC C2": null, "PA C2 (EUR)": null, "D C2 (EUR)": null, "TAC  C3": null, "PA C3 (EUR)": null, "D C3 (EUR)": null, "TAC C4": null, "PA C4 (EUR)": null, "D C4 (EUR)": null, "TAC F": null, "PAF (EUR)": null, "DF (EUR)": null, "TAC A": null, "PAA (EUR)": null, "DA (EUR)": null, "TAC C": null, "PAC (EUR)": null, "DC (EUR)": null, "TAC MI": null, "PAMI (EUR)": null, "DMI (EUR)": null, " TAC MP": null, "PAMP (EUR)": null, "DMP (EUR)": null }, "geometry": null },
{ "type": "Feature", "properties": { "Année": 2028, "Mois": "Mars", "UC": "UCR-D", "TAG": null, "NAP": null, "NAA": null, "NAC": null, "NAD": null, "TAR 1": null, "TAR 2": null, "TAR 1.1": null, "TAR 1.2": null, "TAR 2.1": null, "TAR 2.2": null, "TAA 1.1.1": null, "TAA 1.1.2": null, "TAA 1.1.3": null, "TAA 1.1.4": null, "TAA 1.2.1": null, "TAA 1.2.2": null, "TAA 1.2.3": null, "TAA 1.2.4": null, "TAA 2.1.1": null, "TAA 2.1.2": null, "TAA 2.1.3": null, "TAA 2.1.4": null, "TAA 2.2.1": null, "TAA 2.2.2": null, "TAA 2.2.3": null, "TAA 2.2.4": null, "DC": 3570353.05, "BT": 34500000, "TD": 0.10348849420289855, "BD 2024 (EUR)": 715524.94, "BD 2024 (%)": 0.020739853333333332, "BD 2025 (EUR)": 2758290.3, "BD 2025 (%)": 0.079950443478260858, "BD 2026 (EUR)": 96537.81, "BD 2026 (%)": 0.002798197391304348, "BD 2027 (EUR)": null, "BD 2027 (%)": null, "BD 2028 (EUR)": null, "BD 2028 (%)": null, "BD 2029 (EUR)": null, "BD 2029 (%)": null, "BD 2030 (EUR)": null, "BD 2030 (%)": null, "BD C1 (EUR)": null, "BD C1 (%)": null, "BD C2 (EUR)": null, "BD C2 (%)": null, "BD C3 (EUR)": null, "BD C3 (%)": null, "BD C4 (EUR)": null, "BD C4 (%)": null, "BDF (EUR)": null, "BDF (%)": null, "BDA (EUR)": null, "BDA (%)": null, "BDC (EUR)": null, "BDC (%)": null, "BDMI (EUR)": null, "BDMI (%)": null, "BDMP (EUR)": null, "BDMP (%)": null, "BDS (EUR)": null, "BDS (%)": null, "TAC": null, "PA (EUR)": null, "D (EUR)": null, "TAC  C1": null, "PA C1 (EUR)": null, "D C1 (EUR)": null, "TAC C2": null, "PA C2 (EUR)": null, "D C2 (EUR)": null, "TAC  C3": null, "PA C3 (EUR)": null, "D C3 (EUR)": null, "TAC C4": null, "PA C4 (EUR)": null, "D C4 (EUR)": null, "TAC F": null, "PAF (EUR)": null, "DF (EUR)": null, "TAC A": null, "PAA (EUR)": null, "DA (EUR)": null, "TAC C": null, "PAC (EUR)": null, "DC (EUR)": null, "TAC MI": null, "PAMI (EUR)": null, "DMI (EUR)": null, " TAC MP": null, "PAMP (EUR)": null, "DMP (EUR)": null }, "geometry": null },
{ "type": "Feature", "properties": { "Année": 2028, "Mois": "Avril", "UC": "UCR-D", "TAG": null, "NAP": null, "NAA": null, "NAC": null, "NAD": null, "TAR 1": null, "TAR 2": null, "TAR 1.1": null, "TAR 1.2": null, "TAR 2.1": null, "TAR 2.2": null, "TAA 1.1.1": null, "TAA 1.1.2": null, "TAA 1.1.3": null, "TAA 1.1.4": null, "TAA 1.2.1": null, "TAA 1.2.2": null, "TAA 1.2.3": null, "TAA 1.2.4": null, "TAA 2.1.1": null, "TAA 2.1.2": null, "TAA 2.1.3": null, "TAA 2.1.4": null, "TAA 2.2.1": null, "TAA 2.2.2": null, "TAA 2.2.3": null, "TAA 2.2.4": null, "DC": 3570353.05, "BT": 34500000, "TD": 0.10348849420289855, "BD 2024 (EUR)": 715524.94, "BD 2024 (%)": 0.020739853333333332, "BD 2025 (EUR)": 2758290.3, "BD 2025 (%)": 0.079950443478260858, "BD 2026 (EUR)": 96537.81, "BD 2026 (%)": 0.002798197391304348, "BD 2027 (EUR)": null, "BD 2027 (%)": null, "BD 2028 (EUR)": null, "BD 2028 (%)": null, "BD 2029 (EUR)": null, "BD 2029 (%)": null, "BD 2030 (EUR)": null, "BD 2030 (%)": null, "BD C1 (EUR)": null, "BD C1 (%)": null, "BD C2 (EUR)": null, "BD C2 (%)": null, "BD C3 (EUR)": null, "BD C3 (%)": null, "BD C4 (EUR)": null, "BD C4 (%)": null, "BDF (EUR)": null, "BDF (%)": null, "BDA (EUR)": null, "BDA (%)": null, "BDC (EUR)": null, "BDC (%)": null, "BDMI (EUR)": null, "BDMI (%)": null, "BDMP (EUR)": null, "BDMP (%)": null, "BDS (EUR)": null, "BDS (%)": null, "TAC": null, "PA (EUR)": null, "D (EUR)": null, "TAC  C1": null, "PA C1 (EUR)": null, "D C1 (EUR)": null, "TAC C2": null, "PA C2 (EUR)": null, "D C2 (EUR)": null, "TAC  C3": null, "PA C3 (EUR)": null, "D C3 (EUR)": null, "TAC C4": null, "PA C4 (EUR)": null, "D C4 (EUR)": null, "TAC F": null, "PAF (EUR)": null, "DF (EUR)": null, "TAC A": null, "PAA (EUR)": null, "DA (EUR)": null, "TAC C": null, "PAC (EUR)": null, "DC (EUR)": null, "TAC MI": null, "PAMI (EUR)": null, "DMI (EUR)": null, " TAC MP": null, "PAMP (EUR)": null, "DMP (EUR)": null }, "geometry": null },
{ "type": "Feature", "properties": { "Année": 2028, "Mois": "Mai", "UC": "UCR-D", "TAG": null, "NAP": null, "NAA": null, "NAC": null, "NAD": null, "TAR 1": null, "TAR 2": null, "TAR 1.1": null, "TAR 1.2": null, "TAR 2.1": null, "TAR 2.2": null, "TAA 1.1.1": null, "TAA 1.1.2": null, "TAA 1.1.3": null, "TAA 1.1.4": null, "TAA 1.2.1": null, "TAA 1.2.2": null, "TAA 1.2.3": null, "TAA 1.2.4": null, "TAA 2.1.1": null, "TAA 2.1.2": null, "TAA 2.1.3": null, "TAA 2.1.4": null, "TAA 2.2.1": null, "TAA 2.2.2": null, "TAA 2.2.3": null, "TAA 2.2.4": null, "DC": 3570353.05, "BT": 34500000, "TD": 0.10348849420289855, "BD 2024 (EUR)": 715524.94, "BD 2024 (%)": 0.020739853333333332, "BD 2025 (EUR)": 2758290.3, "BD 2025 (%)": 0.079950443478260858, "BD 2026 (EUR)": 96537.81, "BD 2026 (%)": 0.002798197391304348, "BD 2027 (EUR)": null, "BD 2027 (%)": null, "BD 2028 (EUR)": null, "BD 2028 (%)": null, "BD 2029 (EUR)": null, "BD 2029 (%)": null, "BD 2030 (EUR)": null, "BD 2030 (%)": null, "BD C1 (EUR)": null, "BD C1 (%)": null, "BD C2 (EUR)": null, "BD C2 (%)": null, "BD C3 (EUR)": null, "BD C3 (%)": null, "BD C4 (EUR)": null, "BD C4 (%)": null, "BDF (EUR)": null, "BDF (%)": null, "BDA (EUR)": null, "BDA (%)": null, "BDC (EUR)": null, "BDC (%)": null, "BDMI (EUR)": null, "BDMI (%)": null, "BDMP (EUR)": null, "BDMP (%)": null, "BDS (EUR)": null, "BDS (%)": null, "TAC": null, "PA (EUR)": null, "D (EUR)": null, "TAC  C1": null, "PA C1 (EUR)": null, "D C1 (EUR)": null, "TAC C2": null, "PA C2 (EUR)": null, "D C2 (EUR)": null, "TAC  C3": null, "PA C3 (EUR)": null, "D C3 (EUR)": null, "TAC C4": null, "PA C4 (EUR)": null, "D C4 (EUR)": null, "TAC F": null, "PAF (EUR)": null, "DF (EUR)": null, "TAC A": null, "PAA (EUR)": null, "DA (EUR)": null, "TAC C": null, "PAC (EUR)": null, "DC (EUR)": null, "TAC MI": null, "PAMI (EUR)": null, "DMI (EUR)": null, " TAC MP": null, "PAMP (EUR)": null, "DMP (EUR)": null }, "geometry": null },
{ "type": "Feature", "properties": { "Année": 2028, "Mois": "Juin", "UC": "UCR-D", "TAG": null, "NAP": null, "NAA": null, "NAC": null, "NAD": null, "TAR 1": null, "TAR 2": null, "TAR 1.1": null, "TAR 1.2": null, "TAR 2.1": null, "TAR 2.2": null, "TAA 1.1.1": null, "TAA 1.1.2": null, "TAA 1.1.3": null, "TAA 1.1.4": null, "TAA 1.2.1": null, "TAA 1.2.2": null, "TAA 1.2.3": null, "TAA 1.2.4": null, "TAA 2.1.1": null, "TAA 2.1.2": null, "TAA 2.1.3": null, "TAA 2.1.4": null, "TAA 2.2.1": null, "TAA 2.2.2": null, "TAA 2.2.3": null, "TAA 2.2.4": null, "DC": 3570353.05, "BT": 34500000, "TD": 0.10348849420289855, "BD 2024 (EUR)": 715524.94, "BD 2024 (%)": 0.020739853333333332, "BD 2025 (EUR)": 2758290.3, "BD 2025 (%)": 0.079950443478260858, "BD 2026 (EUR)": 96537.81, "BD 2026 (%)": 0.002798197391304348, "BD 2027 (EUR)": null, "BD 2027 (%)": null, "BD 2028 (EUR)": null, "BD 2028 (%)": null, "BD 2029 (EUR)": null, "BD 2029 (%)": null, "BD 2030 (EUR)": null, "BD 2030 (%)": null, "BD C1 (EUR)": null, "BD C1 (%)": null, "BD C2 (EUR)": null, "BD C2 (%)": null, "BD C3 (EUR)": null, "BD C3 (%)": null, "BD C4 (EUR)": null, "BD C4 (%)": null, "BDF (EUR)": null, "BDF (%)": null, "BDA (EUR)": null, "BDA (%)": null, "BDC (EUR)": null, "BDC (%)": null, "BDMI (EUR)": null, "BDMI (%)": null, "BDMP (EUR)": null, "BDMP (%)": null, "BDS (EUR)": null, "BDS (%)": null, "TAC": null, "PA (EUR)": null, "D (EUR)": null, "TAC  C1": null, "PA C1 (EUR)": null, "D C1 (EUR)": null, "TAC C2": null, "PA C2 (EUR)": null, "D C2 (EUR)": null, "TAC  C3": null, "PA C3 (EUR)": null, "D C3 (EUR)": null, "TAC C4": null, "PA C4 (EUR)": null, "D C4 (EUR)": null, "TAC F": null, "PAF (EUR)": null, "DF (EUR)": null, "TAC A": null, "PAA (EUR)": null, "DA (EUR)": null, "TAC C": null, "PAC (EUR)": null, "DC (EUR)": null, "TAC MI": null, "PAMI (EUR)": null, "DMI (EUR)": null, " TAC MP": null, "PAMP (EUR)": null, "DMP (EUR)": null }, "geometry": null },
{ "type": "Feature", "properties": { "Année": 2028, "Mois": "Juillet", "UC": "UCR-D", "TAG": null, "NAP": null, "NAA": null, "NAC": null, "NAD": null, "TAR 1": null, "TAR 2": null, "TAR 1.1": null, "TAR 1.2": null, "TAR 2.1": null, "TAR 2.2": null, "TAA 1.1.1": null, "TAA 1.1.2": null, "TAA 1.1.3": null, "TAA 1.1.4": null, "TAA 1.2.1": null, "TAA 1.2.2": null, "TAA 1.2.3": null, "TAA 1.2.4": null, "TAA 2.1.1": null, "TAA 2.1.2": null, "TAA 2.1.3": null, "TAA 2.1.4": null, "TAA 2.2.1": null, "TAA 2.2.2": null, "TAA 2.2.3": null, "TAA 2.2.4": null, "DC": 3570353.05, "BT": 34500000, "TD": 0.10348849420289855, "BD 2024 (EUR)": 715524.94, "BD 2024 (%)": 0.020739853333333332, "BD 2025 (EUR)": 2758290.3, "BD 2025 (%)": 0.079950443478260858, "BD 2026 (EUR)": 96537.81, "BD 2026 (%)": 0.002798197391304348, "BD 2027 (EUR)": null, "BD 2027 (%)": null, "BD 2028 (EUR)": null, "BD 2028 (%)": null, "BD 2029 (EUR)": null, "BD 2029 (%)": null, "BD 2030 (EUR)": null, "BD 2030 (%)": null, "BD C1 (EUR)": null, "BD C1 (%)": null, "BD C2 (EUR)": null, "BD C2 (%)": null, "BD C3 (EUR)": null, "BD C3 (%)": null, "BD C4 (EUR)": null, "BD C4 (%)": null, "BDF (EUR)": null, "BDF (%)": null, "BDA (EUR)": null, "BDA (%)": null, "BDC (EUR)": null, "BDC (%)": null, "BDMI (EUR)": null, "BDMI (%)": null, "BDMP (EUR)": null, "BDMP (%)": null, "BDS (EUR)": null, "BDS (%)": null, "TAC": null, "PA (EUR)": null, "D (EUR)": null, "TAC  C1": null, "PA C1 (EUR)": null, "D C1 (EUR)": null, "TAC C2": null, "PA C2 (EUR)": null, "D C2 (EUR)": null, "TAC  C3": null, "PA C3 (EUR)": null, "D C3 (EUR)": null, "TAC C4": null, "PA C4 (EUR)": null, "D C4 (EUR)": null, "TAC F": null, "PAF (EUR)": null, "DF (EUR)": null, "TAC A": null, "PAA (EUR)": null, "DA (EUR)": null, "TAC C": null, "PAC (EUR)": null, "DC (EUR)": null, "TAC MI": null, "PAMI (EUR)": null, "DMI (EUR)": null, " TAC MP": null, "PAMP (EUR)": null, "DMP (EUR)": null }, "geometry": null },
{ "type": "Feature", "properties": { "Année": 2028, "Mois": "Août", "UC": "UCR-D", "TAG": null, "NAP": null, "NAA": null, "NAC": null, "NAD": null, "TAR 1": null, "TAR 2": null, "TAR 1.1": null, "TAR 1.2": null, "TAR 2.1": null, "TAR 2.2": null, "TAA 1.1.1": null, "TAA 1.1.2": null, "TAA 1.1.3": null, "TAA 1.1.4": null, "TAA 1.2.1": null, "TAA 1.2.2": null, "TAA 1.2.3": null, "TAA 1.2.4": null, "TAA 2.1.1": null, "TAA 2.1.2": null, "TAA 2.1.3": null, "TAA 2.1.4": null, "TAA 2.2.1": null, "TAA 2.2.2": null, "TAA 2.2.3": null, "TAA 2.2.4": null, "DC": 3570353.05, "BT": 34500000, "TD": 0.10348849420289855, "BD 2024 (EUR)": 715524.94, "BD 2024 (%)": 0.020739853333333332, "BD 2025 (EUR)": 2758290.3, "BD 2025 (%)": 0.079950443478260858, "BD 2026 (EUR)": 96537.81, "BD 2026 (%)": 0.002798197391304348, "BD 2027 (EUR)": null, "BD 2027 (%)": null, "BD 2028 (EUR)": null, "BD 2028 (%)": null, "BD 2029 (EUR)": null, "BD 2029 (%)": null, "BD 2030 (EUR)": null, "BD 2030 (%)": null, "BD C1 (EUR)": null, "BD C1 (%)": null, "BD C2 (EUR)": null, "BD C2 (%)": null, "BD C3 (EUR)": null, "BD C3 (%)": null, "BD C4 (EUR)": null, "BD C4 (%)": null, "BDF (EUR)": null, "BDF (%)": null, "BDA (EUR)": null, "BDA (%)": null, "BDC (EUR)": null, "BDC (%)": null, "BDMI (EUR)": null, "BDMI (%)": null, "BDMP (EUR)": null, "BDMP (%)": null, "BDS (EUR)": null, "BDS (%)": null, "TAC": null, "PA (EUR)": null, "D (EUR)": null, "TAC  C1": null, "PA C1 (EUR)": null, "D C1 (EUR)": null, "TAC C2": null, "PA C2 (EUR)": null, "D C2 (EUR)": null, "TAC  C3": null, "PA C3 (EUR)": null, "D C3 (EUR)": null, "TAC C4": null, "PA C4 (EUR)": null, "D C4 (EUR)": null, "TAC F": null, "PAF (EUR)": null, "DF (EUR)": null, "TAC A": null, "PAA (EUR)": null, "DA (EUR)": null, "TAC C": null, "PAC (EUR)": null, "DC (EUR)": null, "TAC MI": null, "PAMI (EUR)": null, "DMI (EUR)": null, " TAC MP": null, "PAMP (EUR)": null, "DMP (EUR)": null }, "geometry": null },
{ "type": "Feature", "properties": { "Année": 2028, "Mois": "Septembre", "UC": "UCR-D", "TAG": null, "NAP": null, "NAA": null, "NAC": null, "NAD": null, "TAR 1": null, "TAR 2": null, "TAR 1.1": null, "TAR 1.2": null, "TAR 2.1": null, "TAR 2.2": null, "TAA 1.1.1": null, "TAA 1.1.2": null, "TAA 1.1.3": null, "TAA 1.1.4": null, "TAA 1.2.1": null, "TAA 1.2.2": null, "TAA 1.2.3": null, "TAA 1.2.4": null, "TAA 2.1.1": null, "TAA 2.1.2": null, "TAA 2.1.3": null, "TAA 2.1.4": null, "TAA 2.2.1": null, "TAA 2.2.2": null, "TAA 2.2.3": null, "TAA 2.2.4": null, "DC": 3570353.05, "BT": 34500000, "TD": 0.10348849420289855, "BD 2024 (EUR)": 715524.94, "BD 2024 (%)": 0.020739853333333332, "BD 2025 (EUR)": 2758290.3, "BD 2025 (%)": 0.079950443478260858, "BD 2026 (EUR)": 96537.81, "BD 2026 (%)": 0.002798197391304348, "BD 2027 (EUR)": null, "BD 2027 (%)": null, "BD 2028 (EUR)": null, "BD 2028 (%)": null, "BD 2029 (EUR)": null, "BD 2029 (%)": null, "BD 2030 (EUR)": null, "BD 2030 (%)": null, "BD C1 (EUR)": null, "BD C1 (%)": null, "BD C2 (EUR)": null, "BD C2 (%)": null, "BD C3 (EUR)": null, "BD C3 (%)": null, "BD C4 (EUR)": null, "BD C4 (%)": null, "BDF (EUR)": null, "BDF (%)": null, "BDA (EUR)": null, "BDA (%)": null, "BDC (EUR)": null, "BDC (%)": null, "BDMI (EUR)": null, "BDMI (%)": null, "BDMP (EUR)": null, "BDMP (%)": null, "BDS (EUR)": null, "BDS (%)": null, "TAC": null, "PA (EUR)": null, "D (EUR)": null, "TAC  C1": null, "PA C1 (EUR)": null, "D C1 (EUR)": null, "TAC C2": null, "PA C2 (EUR)": null, "D C2 (EUR)": null, "TAC  C3": null, "PA C3 (EUR)": null, "D C3 (EUR)": null, "TAC C4": null, "PA C4 (EUR)": null, "D C4 (EUR)": null, "TAC F": null, "PAF (EUR)": null, "DF (EUR)": null, "TAC A": null, "PAA (EUR)": null, "DA (EUR)": null, "TAC C": null, "PAC (EUR)": null, "DC (EUR)": null, "TAC MI": null, "PAMI (EUR)": null, "DMI (EUR)": null, " TAC MP": null, "PAMP (EUR)": null, "DMP (EUR)": null }, "geometry": null },
{ "type": "Feature", "properties": { "Année": 2028, "Mois": "Octobre", "UC": "UCR-D", "TAG": null, "NAP": null, "NAA": null, "NAC": null, "NAD": null, "TAR 1": null, "TAR 2": null, "TAR 1.1": null, "TAR 1.2": null, "TAR 2.1": null, "TAR 2.2": null, "TAA 1.1.1": null, "TAA 1.1.2": null, "TAA 1.1.3": null, "TAA 1.1.4": null, "TAA 1.2.1": null, "TAA 1.2.2": null, "TAA 1.2.3": null, "TAA 1.2.4": null, "TAA 2.1.1": null, "TAA 2.1.2": null, "TAA 2.1.3": null, "TAA 2.1.4": null, "TAA 2.2.1": null, "TAA 2.2.2": null, "TAA 2.2.3": null, "TAA 2.2.4": null, "DC": 3570353.05, "BT": 34500000, "TD": 0.10348849420289855, "BD 2024 (EUR)": 715524.94, "BD 2024 (%)": 0.020739853333333332, "BD 2025 (EUR)": 2758290.3, "BD 2025 (%)": 0.079950443478260858, "BD 2026 (EUR)": 96537.81, "BD 2026 (%)": 0.002798197391304348, "BD 2027 (EUR)": null, "BD 2027 (%)": null, "BD 2028 (EUR)": null, "BD 2028 (%)": null, "BD 2029 (EUR)": null, "BD 2029 (%)": null, "BD 2030 (EUR)": null, "BD 2030 (%)": null, "BD C1 (EUR)": null, "BD C1 (%)": null, "BD C2 (EUR)": null, "BD C2 (%)": null, "BD C3 (EUR)": null, "BD C3 (%)": null, "BD C4 (EUR)": null, "BD C4 (%)": null, "BDF (EUR)": null, "BDF (%)": null, "BDA (EUR)": null, "BDA (%)": null, "BDC (EUR)": null, "BDC (%)": null, "BDMI (EUR)": null, "BDMI (%)": null, "BDMP (EUR)": null, "BDMP (%)": null, "BDS (EUR)": null, "BDS (%)": null, "TAC": null, "PA (EUR)": null, "D (EUR)": null, "TAC  C1": null, "PA C1 (EUR)": null, "D C1 (EUR)": null, "TAC C2": null, "PA C2 (EUR)": null, "D C2 (EUR)": null, "TAC  C3": null, "PA C3 (EUR)": null, "D C3 (EUR)": null, "TAC C4": null, "PA C4 (EUR)": null, "D C4 (EUR)": null, "TAC F": null, "PAF (EUR)": null, "DF (EUR)": null, "TAC A": null, "PAA (EUR)": null, "DA (EUR)": null, "TAC C": null, "PAC (EUR)": null, "DC (EUR)": null, "TAC MI": null, "PAMI (EUR)": null, "DMI (EUR)": null, " TAC MP": null, "PAMP (EUR)": null, "DMP (EUR)": null }, "geometry": null },
{ "type": "Feature", "properties": { "Année": 2028, "Mois": "Novembre", "UC": "UCR-D", "TAG": null, "NAP": null, "NAA": null, "NAC": null, "NAD": null, "TAR 1": null, "TAR 2": null, "TAR 1.1": null, "TAR 1.2": null, "TAR 2.1": null, "TAR 2.2": null, "TAA 1.1.1": null, "TAA 1.1.2": null, "TAA 1.1.3": null, "TAA 1.1.4": null, "TAA 1.2.1": null, "TAA 1.2.2": null, "TAA 1.2.3": null, "TAA 1.2.4": null, "TAA 2.1.1": null, "TAA 2.1.2": null, "TAA 2.1.3": null, "TAA 2.1.4": null, "TAA 2.2.1": null, "TAA 2.2.2": null, "TAA 2.2.3": null, "TAA 2.2.4": null, "DC": 3570353.05, "BT": 34500000, "TD": 0.10348849420289855, "BD 2024 (EUR)": 715524.94, "BD 2024 (%)": 0.020739853333333332, "BD 2025 (EUR)": 2758290.3, "BD 2025 (%)": 0.079950443478260858, "BD 2026 (EUR)": 96537.81, "BD 2026 (%)": 0.002798197391304348, "BD 2027 (EUR)": null, "BD 2027 (%)": null, "BD 2028 (EUR)": null, "BD 2028 (%)": null, "BD 2029 (EUR)": null, "BD 2029 (%)": null, "BD 2030 (EUR)": null, "BD 2030 (%)": null, "BD C1 (EUR)": null, "BD C1 (%)": null, "BD C2 (EUR)": null, "BD C2 (%)": null, "BD C3 (EUR)": null, "BD C3 (%)": null, "BD C4 (EUR)": null, "BD C4 (%)": null, "BDF (EUR)": null, "BDF (%)": null, "BDA (EUR)": null, "BDA (%)": null, "BDC (EUR)": null, "BDC (%)": null, "BDMI (EUR)": null, "BDMI (%)": null, "BDMP (EUR)": null, "BDMP (%)": null, "BDS (EUR)": null, "BDS (%)": null, "TAC": null, "PA (EUR)": null, "D (EUR)": null, "TAC  C1": null, "PA C1 (EUR)": null, "D C1 (EUR)": null, "TAC C2": null, "PA C2 (EUR)": null, "D C2 (EUR)": null, "TAC  C3": null, "PA C3 (EUR)": null, "D C3 (EUR)": null, "TAC C4": null, "PA C4 (EUR)": null, "D C4 (EUR)": null, "TAC F": null, "PAF (EUR)": null, "DF (EUR)": null, "TAC A": null, "PAA (EUR)": null, "DA (EUR)": null, "TAC C": null, "PAC (EUR)": null, "DC (EUR)": null, "TAC MI": null, "PAMI (EUR)": null, "DMI (EUR)": null, " TAC MP": null, "PAMP (EUR)": null, "DMP (EUR)": null }, "geometry": null },
{ "type": "Feature", "properties": { "Année": 2028, "Mois": "Décembre", "UC": "UCR-D", "TAG": null, "NAP": null, "NAA": null, "NAC": null, "NAD": null, "TAR 1": null, "TAR 2": null, "TAR 1.1": null, "TAR 1.2": null, "TAR 2.1": null, "TAR 2.2": null, "TAA 1.1.1": null, "TAA 1.1.2": null, "TAA 1.1.3": null, "TAA 1.1.4": null, "TAA 1.2.1": null, "TAA 1.2.2": null, "TAA 1.2.3": null, "TAA 1.2.4": null, "TAA 2.1.1": null, "TAA 2.1.2": null, "TAA 2.1.3": null, "TAA 2.1.4": null, "TAA 2.2.1": null, "TAA 2.2.2": null, "TAA 2.2.3": null, "TAA 2.2.4": null, "DC": 3570353.05, "BT": 34500000, "TD": 0.10348849420289855, "BD 2024 (EUR)": 715524.94, "BD 2024 (%)": 0.020739853333333332, "BD 2025 (EUR)": 2758290.3, "BD 2025 (%)": 0.079950443478260858, "BD 2026 (EUR)": 96537.81, "BD 2026 (%)": 0.002798197391304348, "BD 2027 (EUR)": null, "BD 2027 (%)": null, "BD 2028 (EUR)": null, "BD 2028 (%)": null, "BD 2029 (EUR)": null, "BD 2029 (%)": null, "BD 2030 (EUR)": null, "BD 2030 (%)": null, "BD C1 (EUR)": null, "BD C1 (%)": null, "BD C2 (EUR)": null, "BD C2 (%)": null, "BD C3 (EUR)": null, "BD C3 (%)": null, "BD C4 (EUR)": null, "BD C4 (%)": null, "BDF (EUR)": null, "BDF (%)": null, "BDA (EUR)": null, "BDA (%)": null, "BDC (EUR)": null, "BDC (%)": null, "BDMI (EUR)": null, "BDMI (%)": null, "BDMP (EUR)": null, "BDMP (%)": null, "BDS (EUR)": null, "BDS (%)": null, "TAC": null, "PA (EUR)": null, "D (EUR)": null, "TAC  C1": null, "PA C1 (EUR)": null, "D C1 (EUR)": null, "TAC C2": null, "PA C2 (EUR)": null, "D C2 (EUR)": null, "TAC  C3": null, "PA C3 (EUR)": null, "D C3 (EUR)": null, "TAC C4": null, "PA C4 (EUR)": null, "D C4 (EUR)": null, "TAC F": null, "PAF (EUR)": null, "DF (EUR)": null, "TAC A": null, "PAA (EUR)": null, "DA (EUR)": null, "TAC C": null, "PAC (EUR)": null, "DC (EUR)": null, "TAC MI": null, "PAMI (EUR)": null, "DMI (EUR)": null, " TAC MP": null, "PAMP (EUR)": null, "DMP (EUR)": null }, "geometry": null },
{ "type": "Feature", "properties": { "Année": 2028, "Mois": "Janvier", "UC": "UCR-A", "TAG": null, "NAP": null, "NAA": null, "NAC": null, "NAD": null, "TAR 1": null, "TAR 2": null, "TAR 1.1": null, "TAR 1.2": null, "TAR 2.1": null, "TAR 2.2": null, "TAA 1.1.1": null, "TAA 1.1.2": null, "TAA 1.1.3": null, "TAA 1.1.4": null, "TAA 1.2.1": null, "TAA 1.2.2": null, "TAA 1.2.3": null, "TAA 1.2.4": null, "TAA 2.1.1": null, "TAA 2.1.2": null, "TAA 2.1.3": null, "TAA 2.1.4": null, "TAA 2.2.1": null, "TAA 2.2.2": null, "TAA 2.2.3": null, "TAA 2.2.4": null, "DC": 3570353.05, "BT": 34500000, "TD": 0.10348849420289855, "BD 2024 (EUR)": 715524.94, "BD 2024 (%)": 0.020739853333333332, "BD 2025 (EUR)": 2758290.3, "BD 2025 (%)": 0.079950443478260858, "BD 2026 (EUR)": 96537.81, "BD 2026 (%)": 0.002798197391304348, "BD 2027 (EUR)": null, "BD 2027 (%)": null, "BD 2028 (EUR)": null, "BD 2028 (%)": null, "BD 2029 (EUR)": null, "BD 2029 (%)": null, "BD 2030 (EUR)": null, "BD 2030 (%)": null, "BD C1 (EUR)": null, "BD C1 (%)": null, "BD C2 (EUR)": null, "BD C2 (%)": null, "BD C3 (EUR)": null, "BD C3 (%)": null, "BD C4 (EUR)": null, "BD C4 (%)": null, "BDF (EUR)": null, "BDF (%)": null, "BDA (EUR)": null, "BDA (%)": null, "BDC (EUR)": null, "BDC (%)": null, "BDMI (EUR)": null, "BDMI (%)": null, "BDMP (EUR)": null, "BDMP (%)": null, "BDS (EUR)": null, "BDS (%)": null, "TAC": null, "PA (EUR)": null, "D (EUR)": null, "TAC  C1": null, "PA C1 (EUR)": null, "D C1 (EUR)": null, "TAC C2": null, "PA C2 (EUR)": null, "D C2 (EUR)": null, "TAC  C3": null, "PA C3 (EUR)": null, "D C3 (EUR)": null, "TAC C4": null, "PA C4 (EUR)": null, "D C4 (EUR)": null, "TAC F": null, "PAF (EUR)": null, "DF (EUR)": null, "TAC A": null, "PAA (EUR)": null, "DA (EUR)": null, "TAC C": null, "PAC (EUR)": null, "DC (EUR)": null, "TAC MI": null, "PAMI (EUR)": null, "DMI (EUR)": null, " TAC MP": null, "PAMP (EUR)": null, "DMP (EUR)": null }, "geometry": null },
{ "type": "Feature", "properties": { "Année": 2028, "Mois": "Février", "UC": "UCR-A", "TAG": null, "NAP": null, "NAA": null, "NAC": null, "NAD": null, "TAR 1": null, "TAR 2": null, "TAR 1.1": null, "TAR 1.2": null, "TAR 2.1": null, "TAR 2.2": null, "TAA 1.1.1": null, "TAA 1.1.2": null, "TAA 1.1.3": null, "TAA 1.1.4": null, "TAA 1.2.1": null, "TAA 1.2.2": null, "TAA 1.2.3": null, "TAA 1.2.4": null, "TAA 2.1.1": null, "TAA 2.1.2": null, "TAA 2.1.3": null, "TAA 2.1.4": null, "TAA 2.2.1": null, "TAA 2.2.2": null, "TAA 2.2.3": null, "TAA 2.2.4": null, "DC": 3570353.05, "BT": 34500000, "TD": 0.10348849420289855, "BD 2024 (EUR)": 715524.94, "BD 2024 (%)": 0.020739853333333332, "BD 2025 (EUR)": 2758290.3, "BD 2025 (%)": 0.079950443478260858, "BD 2026 (EUR)": 96537.81, "BD 2026 (%)": 0.002798197391304348, "BD 2027 (EUR)": null, "BD 2027 (%)": null, "BD 2028 (EUR)": null, "BD 2028 (%)": null, "BD 2029 (EUR)": null, "BD 2029 (%)": null, "BD 2030 (EUR)": null, "BD 2030 (%)": null, "BD C1 (EUR)": null, "BD C1 (%)": null, "BD C2 (EUR)": null, "BD C2 (%)": null, "BD C3 (EUR)": null, "BD C3 (%)": null, "BD C4 (EUR)": null, "BD C4 (%)": null, "BDF (EUR)": null, "BDF (%)": null, "BDA (EUR)": null, "BDA (%)": null, "BDC (EUR)": null, "BDC (%)": null, "BDMI (EUR)": null, "BDMI (%)": null, "BDMP (EUR)": null, "BDMP (%)": null, "BDS (EUR)": null, "BDS (%)": null, "TAC": null, "PA (EUR)": null, "D (EUR)": null, "TAC  C1": null, "PA C1 (EUR)": null, "D C1 (EUR)": null, "TAC C2": null, "PA C2 (EUR)": null, "D C2 (EUR)": null, "TAC  C3": null, "PA C3 (EUR)": null, "D C3 (EUR)": null, "TAC C4": null, "PA C4 (EUR)": null, "D C4 (EUR)": null, "TAC F": null, "PAF (EUR)": null, "DF (EUR)": null, "TAC A": null, "PAA (EUR)": null, "DA (EUR)": null, "TAC C": null, "PAC (EUR)": null, "DC (EUR)": null, "TAC MI": null, "PAMI (EUR)": null, "DMI (EUR)": null, " TAC MP": null, "PAMP (EUR)": null, "DMP (EUR)": null }, "geometry": null },
{ "type": "Feature", "properties": { "Année": 2028, "Mois": "Mars", "UC": "UCR-A", "TAG": null, "NAP": null, "NAA": null, "NAC": null, "NAD": null, "TAR 1": null, "TAR 2": null, "TAR 1.1": null, "TAR 1.2": null, "TAR 2.1": null, "TAR 2.2": null, "TAA 1.1.1": null, "TAA 1.1.2": null, "TAA 1.1.3": null, "TAA 1.1.4": null, "TAA 1.2.1": null, "TAA 1.2.2": null, "TAA 1.2.3": null, "TAA 1.2.4": null, "TAA 2.1.1": null, "TAA 2.1.2": null, "TAA 2.1.3": null, "TAA 2.1.4": null, "TAA 2.2.1": null, "TAA 2.2.2": null, "TAA 2.2.3": null, "TAA 2.2.4": null, "DC": 3570353.05, "BT": 34500000, "TD": 0.10348849420289855, "BD 2024 (EUR)": 715524.94, "BD 2024 (%)": 0.020739853333333332, "BD 2025 (EUR)": 2758290.3, "BD 2025 (%)": 0.079950443478260858, "BD 2026 (EUR)": 96537.81, "BD 2026 (%)": 0.002798197391304348, "BD 2027 (EUR)": null, "BD 2027 (%)": null, "BD 2028 (EUR)": null, "BD 2028 (%)": null, "BD 2029 (EUR)": null, "BD 2029 (%)": null, "BD 2030 (EUR)": null, "BD 2030 (%)": null, "BD C1 (EUR)": null, "BD C1 (%)": null, "BD C2 (EUR)": null, "BD C2 (%)": null, "BD C3 (EUR)": null, "BD C3 (%)": null, "BD C4 (EUR)": null, "BD C4 (%)": null, "BDF (EUR)": null, "BDF (%)": null, "BDA (EUR)": null, "BDA (%)": null, "BDC (EUR)": null, "BDC (%)": null, "BDMI (EUR)": null, "BDMI (%)": null, "BDMP (EUR)": null, "BDMP (%)": null, "BDS (EUR)": null, "BDS (%)": null, "TAC": null, "PA (EUR)": null, "D (EUR)": null, "TAC  C1": null, "PA C1 (EUR)": null, "D C1 (EUR)": null, "TAC C2": null, "PA C2 (EUR)": null, "D C2 (EUR)": null, "TAC  C3": null, "PA C3 (EUR)": null, "D C3 (EUR)": null, "TAC C4": null, "PA C4 (EUR)": null, "D C4 (EUR)": null, "TAC F": null, "PAF (EUR)": null, "DF (EUR)": null, "TAC A": null, "PAA (EUR)": null, "DA (EUR)": null, "TAC C": null, "PAC (EUR)": null, "DC (EUR)": null, "TAC MI": null, "PAMI (EUR)": null, "DMI (EUR)": null, " TAC MP": null, "PAMP (EUR)": null, "DMP (EUR)": null }, "geometry": null },
{ "type": "Feature", "properties": { "Année": 2028, "Mois": "Avril", "UC": "UCR-A", "TAG": null, "NAP": null, "NAA": null, "NAC": null, "NAD": null, "TAR 1": null, "TAR 2": null, "TAR 1.1": null, "TAR 1.2": null, "TAR 2.1": null, "TAR 2.2": null, "TAA 1.1.1": null, "TAA 1.1.2": null, "TAA 1.1.3": null, "TAA 1.1.4": null, "TAA 1.2.1": null, "TAA 1.2.2": null, "TAA 1.2.3": null, "TAA 1.2.4": null, "TAA 2.1.1": null, "TAA 2.1.2": null, "TAA 2.1.3": null, "TAA 2.1.4": null, "TAA 2.2.1": null, "TAA 2.2.2": null, "TAA 2.2.3": null, "TAA 2.2.4": null, "DC": 3570353.05, "BT": 34500000, "TD": 0.10348849420289855, "BD 2024 (EUR)": 715524.94, "BD 2024 (%)": 0.020739853333333332, "BD 2025 (EUR)": 2758290.3, "BD 2025 (%)": 0.079950443478260858, "BD 2026 (EUR)": 96537.81, "BD 2026 (%)": 0.002798197391304348, "BD 2027 (EUR)": null, "BD 2027 (%)": null, "BD 2028 (EUR)": null, "BD 2028 (%)": null, "BD 2029 (EUR)": null, "BD 2029 (%)": null, "BD 2030 (EUR)": null, "BD 2030 (%)": null, "BD C1 (EUR)": null, "BD C1 (%)": null, "BD C2 (EUR)": null, "BD C2 (%)": null, "BD C3 (EUR)": null, "BD C3 (%)": null, "BD C4 (EUR)": null, "BD C4 (%)": null, "BDF (EUR)": null, "BDF (%)": null, "BDA (EUR)": null, "BDA (%)": null, "BDC (EUR)": null, "BDC (%)": null, "BDMI (EUR)": null, "BDMI (%)": null, "BDMP (EUR)": null, "BDMP (%)": null, "BDS (EUR)": null, "BDS (%)": null, "TAC": null, "PA (EUR)": null, "D (EUR)": null, "TAC  C1": null, "PA C1 (EUR)": null, "D C1 (EUR)": null, "TAC C2": null, "PA C2 (EUR)": null, "D C2 (EUR)": null, "TAC  C3": null, "PA C3 (EUR)": null, "D C3 (EUR)": null, "TAC C4": null, "PA C4 (EUR)": null, "D C4 (EUR)": null, "TAC F": null, "PAF (EUR)": null, "DF (EUR)": null, "TAC A": null, "PAA (EUR)": null, "DA (EUR)": null, "TAC C": null, "PAC (EUR)": null, "DC (EUR)": null, "TAC MI": null, "PAMI (EUR)": null, "DMI (EUR)": null, " TAC MP": null, "PAMP (EUR)": null, "DMP (EUR)": null }, "geometry": null },
{ "type": "Feature", "properties": { "Année": 2028, "Mois": "Mai", "UC": "UCR-A", "TAG": null, "NAP": null, "NAA": null, "NAC": null, "NAD": null, "TAR 1": null, "TAR 2": null, "TAR 1.1": null, "TAR 1.2": null, "TAR 2.1": null, "TAR 2.2": null, "TAA 1.1.1": null, "TAA 1.1.2": null, "TAA 1.1.3": null, "TAA 1.1.4": null, "TAA 1.2.1": null, "TAA 1.2.2": null, "TAA 1.2.3": null, "TAA 1.2.4": null, "TAA 2.1.1": null, "TAA 2.1.2": null, "TAA 2.1.3": null, "TAA 2.1.4": null, "TAA 2.2.1": null, "TAA 2.2.2": null, "TAA 2.2.3": null, "TAA 2.2.4": null, "DC": 3570353.05, "BT": 34500000, "TD": 0.10348849420289855, "BD 2024 (EUR)": 715524.94, "BD 2024 (%)": 0.020739853333333332, "BD 2025 (EUR)": 2758290.3, "BD 2025 (%)": 0.079950443478260858, "BD 2026 (EUR)": 96537.81, "BD 2026 (%)": 0.002798197391304348, "BD 2027 (EUR)": null, "BD 2027 (%)": null, "BD 2028 (EUR)": null, "BD 2028 (%)": null, "BD 2029 (EUR)": null, "BD 2029 (%)": null, "BD 2030 (EUR)": null, "BD 2030 (%)": null, "BD C1 (EUR)": null, "BD C1 (%)": null, "BD C2 (EUR)": null, "BD C2 (%)": null, "BD C3 (EUR)": null, "BD C3 (%)": null, "BD C4 (EUR)": null, "BD C4 (%)": null, "BDF (EUR)": null, "BDF (%)": null, "BDA (EUR)": null, "BDA (%)": null, "BDC (EUR)": null, "BDC (%)": null, "BDMI (EUR)": null, "BDMI (%)": null, "BDMP (EUR)": null, "BDMP (%)": null, "BDS (EUR)": null, "BDS (%)": null, "TAC": null, "PA (EUR)": null, "D (EUR)": null, "TAC  C1": null, "PA C1 (EUR)": null, "D C1 (EUR)": null, "TAC C2": null, "PA C2 (EUR)": null, "D C2 (EUR)": null, "TAC  C3": null, "PA C3 (EUR)": null, "D C3 (EUR)": null, "TAC C4": null, "PA C4 (EUR)": null, "D C4 (EUR)": null, "TAC F": null, "PAF (EUR)": null, "DF (EUR)": null, "TAC A": null, "PAA (EUR)": null, "DA (EUR)": null, "TAC C": null, "PAC (EUR)": null, "DC (EUR)": null, "TAC MI": null, "PAMI (EUR)": null, "DMI (EUR)": null, " TAC MP": null, "PAMP (EUR)": null, "DMP (EUR)": null }, "geometry": null },
{ "type": "Feature", "properties": { "Année": 2028, "Mois": "Juin", "UC": "UCR-A", "TAG": null, "NAP": null, "NAA": null, "NAC": null, "NAD": null, "TAR 1": null, "TAR 2": null, "TAR 1.1": null, "TAR 1.2": null, "TAR 2.1": null, "TAR 2.2": null, "TAA 1.1.1": null, "TAA 1.1.2": null, "TAA 1.1.3": null, "TAA 1.1.4": null, "TAA 1.2.1": null, "TAA 1.2.2": null, "TAA 1.2.3": null, "TAA 1.2.4": null, "TAA 2.1.1": null, "TAA 2.1.2": null, "TAA 2.1.3": null, "TAA 2.1.4": null, "TAA 2.2.1": null, "TAA 2.2.2": null, "TAA 2.2.3": null, "TAA 2.2.4": null, "DC": 3570353.05, "BT": 34500000, "TD": 0.10348849420289855, "BD 2024 (EUR)": 715524.94, "BD 2024 (%)": 0.020739853333333332, "BD 2025 (EUR)": 2758290.3, "BD 2025 (%)": 0.079950443478260858, "BD 2026 (EUR)": 96537.81, "BD 2026 (%)": 0.002798197391304348, "BD 2027 (EUR)": null, "BD 2027 (%)": null, "BD 2028 (EUR)": null, "BD 2028 (%)": null, "BD 2029 (EUR)": null, "BD 2029 (%)": null, "BD 2030 (EUR)": null, "BD 2030 (%)": null, "BD C1 (EUR)": null, "BD C1 (%)": null, "BD C2 (EUR)": null, "BD C2 (%)": null, "BD C3 (EUR)": null, "BD C3 (%)": null, "BD C4 (EUR)": null, "BD C4 (%)": null, "BDF (EUR)": null, "BDF (%)": null, "BDA (EUR)": null, "BDA (%)": null, "BDC (EUR)": null, "BDC (%)": null, "BDMI (EUR)": null, "BDMI (%)": null, "BDMP (EUR)": null, "BDMP (%)": null, "BDS (EUR)": null, "BDS (%)": null, "TAC": null, "PA (EUR)": null, "D (EUR)": null, "TAC  C1": null, "PA C1 (EUR)": null, "D C1 (EUR)": null, "TAC C2": null, "PA C2 (EUR)": null, "D C2 (EUR)": null, "TAC  C3": null, "PA C3 (EUR)": null, "D C3 (EUR)": null, "TAC C4": null, "PA C4 (EUR)": null, "D C4 (EUR)": null, "TAC F": null, "PAF (EUR)": null, "DF (EUR)": null, "TAC A": null, "PAA (EUR)": null, "DA (EUR)": null, "TAC C": null, "PAC (EUR)": null, "DC (EUR)": null, "TAC MI": null, "PAMI (EUR)": null, "DMI (EUR)": null, " TAC MP": null, "PAMP (EUR)": null, "DMP (EUR)": null }, "geometry": null },
{ "type": "Feature", "properties": { "Année": 2028, "Mois": "Juillet", "UC": "UCR-A", "TAG": null, "NAP": null, "NAA": null, "NAC": null, "NAD": null, "TAR 1": null, "TAR 2": null, "TAR 1.1": null, "TAR 1.2": null, "TAR 2.1": null, "TAR 2.2": null, "TAA 1.1.1": null, "TAA 1.1.2": null, "TAA 1.1.3": null, "TAA 1.1.4": null, "TAA 1.2.1": null, "TAA 1.2.2": null, "TAA 1.2.3": null, "TAA 1.2.4": null, "TAA 2.1.1": null, "TAA 2.1.2": null, "TAA 2.1.3": null, "TAA 2.1.4": null, "TAA 2.2.1": null, "TAA 2.2.2": null, "TAA 2.2.3": null, "TAA 2.2.4": null, "DC": 3570353.05, "BT": 34500000, "TD": 0.10348849420289855, "BD 2024 (EUR)": 715524.94, "BD 2024 (%)": 0.020739853333333332, "BD 2025 (EUR)": 2758290.3, "BD 2025 (%)": 0.079950443478260858, "BD 2026 (EUR)": 96537.81, "BD 2026 (%)": 0.002798197391304348, "BD 2027 (EUR)": null, "BD 2027 (%)": null, "BD 2028 (EUR)": null, "BD 2028 (%)": null, "BD 2029 (EUR)": null, "BD 2029 (%)": null, "BD 2030 (EUR)": null, "BD 2030 (%)": null, "BD C1 (EUR)": null, "BD C1 (%)": null, "BD C2 (EUR)": null, "BD C2 (%)": null, "BD C3 (EUR)": null, "BD C3 (%)": null, "BD C4 (EUR)": null, "BD C4 (%)": null, "BDF (EUR)": null, "BDF (%)": null, "BDA (EUR)": null, "BDA (%)": null, "BDC (EUR)": null, "BDC (%)": null, "BDMI (EUR)": null, "BDMI (%)": null, "BDMP (EUR)": null, "BDMP (%)": null, "BDS (EUR)": null, "BDS (%)": null, "TAC": null, "PA (EUR)": null, "D (EUR)": null, "TAC  C1": null, "PA C1 (EUR)": null, "D C1 (EUR)": null, "TAC C2": null, "PA C2 (EUR)": null, "D C2 (EUR)": null, "TAC  C3": null, "PA C3 (EUR)": null, "D C3 (EUR)": null, "TAC C4": null, "PA C4 (EUR)": null, "D C4 (EUR)": null, "TAC F": null, "PAF (EUR)": null, "DF (EUR)": null, "TAC A": null, "PAA (EUR)": null, "DA (EUR)": null, "TAC C": null, "PAC (EUR)": null, "DC (EUR)": null, "TAC MI": null, "PAMI (EUR)": null, "DMI (EUR)": null, " TAC MP": null, "PAMP (EUR)": null, "DMP (EUR)": null }, "geometry": null },
{ "type": "Feature", "properties": { "Année": 2028, "Mois": "Août", "UC": "UCR-A", "TAG": null, "NAP": null, "NAA": null, "NAC": null, "NAD": null, "TAR 1": null, "TAR 2": null, "TAR 1.1": null, "TAR 1.2": null, "TAR 2.1": null, "TAR 2.2": null, "TAA 1.1.1": null, "TAA 1.1.2": null, "TAA 1.1.3": null, "TAA 1.1.4": null, "TAA 1.2.1": null, "TAA 1.2.2": null, "TAA 1.2.3": null, "TAA 1.2.4": null, "TAA 2.1.1": null, "TAA 2.1.2": null, "TAA 2.1.3": null, "TAA 2.1.4": null, "TAA 2.2.1": null, "TAA 2.2.2": null, "TAA 2.2.3": null, "TAA 2.2.4": null, "DC": 3570353.05, "BT": 34500000, "TD": 0.10348849420289855, "BD 2024 (EUR)": 715524.94, "BD 2024 (%)": 0.020739853333333332, "BD 2025 (EUR)": 2758290.3, "BD 2025 (%)": 0.079950443478260858, "BD 2026 (EUR)": 96537.81, "BD 2026 (%)": 0.002798197391304348, "BD 2027 (EUR)": null, "BD 2027 (%)": null, "BD 2028 (EUR)": null, "BD 2028 (%)": null, "BD 2029 (EUR)": null, "BD 2029 (%)": null, "BD 2030 (EUR)": null, "BD 2030 (%)": null, "BD C1 (EUR)": null, "BD C1 (%)": null, "BD C2 (EUR)": null, "BD C2 (%)": null, "BD C3 (EUR)": null, "BD C3 (%)": null, "BD C4 (EUR)": null, "BD C4 (%)": null, "BDF (EUR)": null, "BDF (%)": null, "BDA (EUR)": null, "BDA (%)": null, "BDC (EUR)": null, "BDC (%)": null, "BDMI (EUR)": null, "BDMI (%)": null, "BDMP (EUR)": null, "BDMP (%)": null, "BDS (EUR)": null, "BDS (%)": null, "TAC": null, "PA (EUR)": null, "D (EUR)": null, "TAC  C1": null, "PA C1 (EUR)": null, "D C1 (EUR)": null, "TAC C2": null, "PA C2 (EUR)": null, "D C2 (EUR)": null, "TAC  C3": null, "PA C3 (EUR)": null, "D C3 (EUR)": null, "TAC C4": null, "PA C4 (EUR)": null, "D C4 (EUR)": null, "TAC F": null, "PAF (EUR)": null, "DF (EUR)": null, "TAC A": null, "PAA (EUR)": null, "DA (EUR)": null, "TAC C": null, "PAC (EUR)": null, "DC (EUR)": null, "TAC MI": null, "PAMI (EUR)": null, "DMI (EUR)": null, " TAC MP": null, "PAMP (EUR)": null, "DMP (EUR)": null }, "geometry": null },
{ "type": "Feature", "properties": { "Année": 2028, "Mois": "Septembre", "UC": "UCR-A", "TAG": null, "NAP": null, "NAA": null, "NAC": null, "NAD": null, "TAR 1": null, "TAR 2": null, "TAR 1.1": null, "TAR 1.2": null, "TAR 2.1": null, "TAR 2.2": null, "TAA 1.1.1": null, "TAA 1.1.2": null, "TAA 1.1.3": null, "TAA 1.1.4": null, "TAA 1.2.1": null, "TAA 1.2.2": null, "TAA 1.2.3": null, "TAA 1.2.4": null, "TAA 2.1.1": null, "TAA 2.1.2": null, "TAA 2.1.3": null, "TAA 2.1.4": null, "TAA 2.2.1": null, "TAA 2.2.2": null, "TAA 2.2.3": null, "TAA 2.2.4": null, "DC": 3570353.05, "BT": 34500000, "TD": 0.10348849420289855, "BD 2024 (EUR)": 715524.94, "BD 2024 (%)": 0.020739853333333332, "BD 2025 (EUR)": 2758290.3, "BD 2025 (%)": 0.079950443478260858, "BD 2026 (EUR)": 96537.81, "BD 2026 (%)": 0.002798197391304348, "BD 2027 (EUR)": null, "BD 2027 (%)": null, "BD 2028 (EUR)": null, "BD 2028 (%)": null, "BD 2029 (EUR)": null, "BD 2029 (%)": null, "BD 2030 (EUR)": null, "BD 2030 (%)": null, "BD C1 (EUR)": null, "BD C1 (%)": null, "BD C2 (EUR)": null, "BD C2 (%)": null, "BD C3 (EUR)": null, "BD C3 (%)": null, "BD C4 (EUR)": null, "BD C4 (%)": null, "BDF (EUR)": null, "BDF (%)": null, "BDA (EUR)": null, "BDA (%)": null, "BDC (EUR)": null, "BDC (%)": null, "BDMI (EUR)": null, "BDMI (%)": null, "BDMP (EUR)": null, "BDMP (%)": null, "BDS (EUR)": null, "BDS (%)": null, "TAC": null, "PA (EUR)": null, "D (EUR)": null, "TAC  C1": null, "PA C1 (EUR)": null, "D C1 (EUR)": null, "TAC C2": null, "PA C2 (EUR)": null, "D C2 (EUR)": null, "TAC  C3": null, "PA C3 (EUR)": null, "D C3 (EUR)": null, "TAC C4": null, "PA C4 (EUR)": null, "D C4 (EUR)": null, "TAC F": null, "PAF (EUR)": null, "DF (EUR)": null, "TAC A": null, "PAA (EUR)": null, "DA (EUR)": null, "TAC C": null, "PAC (EUR)": null, "DC (EUR)": null, "TAC MI": null, "PAMI (EUR)": null, "DMI (EUR)": null, " TAC MP": null, "PAMP (EUR)": null, "DMP (EUR)": null }, "geometry": null },
{ "type": "Feature", "properties": { "Année": 2028, "Mois": "Octobre", "UC": "UCR-A", "TAG": null, "NAP": null, "NAA": null, "NAC": null, "NAD": null, "TAR 1": null, "TAR 2": null, "TAR 1.1": null, "TAR 1.2": null, "TAR 2.1": null, "TAR 2.2": null, "TAA 1.1.1": null, "TAA 1.1.2": null, "TAA 1.1.3": null, "TAA 1.1.4": null, "TAA 1.2.1": null, "TAA 1.2.2": null, "TAA 1.2.3": null, "TAA 1.2.4": null, "TAA 2.1.1": null, "TAA 2.1.2": null, "TAA 2.1.3": null, "TAA 2.1.4": null, "TAA 2.2.1": null, "TAA 2.2.2": null, "TAA 2.2.3": null, "TAA 2.2.4": null, "DC": 3570353.05, "BT": 34500000, "TD": 0.10348849420289855, "BD 2024 (EUR)": 715524.94, "BD 2024 (%)": 0.020739853333333332, "BD 2025 (EUR)": 2758290.3, "BD 2025 (%)": 0.079950443478260858, "BD 2026 (EUR)": 96537.81, "BD 2026 (%)": 0.002798197391304348, "BD 2027 (EUR)": null, "BD 2027 (%)": null, "BD 2028 (EUR)": null, "BD 2028 (%)": null, "BD 2029 (EUR)": null, "BD 2029 (%)": null, "BD 2030 (EUR)": null, "BD 2030 (%)": null, "BD C1 (EUR)": null, "BD C1 (%)": null, "BD C2 (EUR)": null, "BD C2 (%)": null, "BD C3 (EUR)": null, "BD C3 (%)": null, "BD C4 (EUR)": null, "BD C4 (%)": null, "BDF (EUR)": null, "BDF (%)": null, "BDA (EUR)": null, "BDA (%)": null, "BDC (EUR)": null, "BDC (%)": null, "BDMI (EUR)": null, "BDMI (%)": null, "BDMP (EUR)": null, "BDMP (%)": null, "BDS (EUR)": null, "BDS (%)": null, "TAC": null, "PA (EUR)": null, "D (EUR)": null, "TAC  C1": null, "PA C1 (EUR)": null, "D C1 (EUR)": null, "TAC C2": null, "PA C2 (EUR)": null, "D C2 (EUR)": null, "TAC  C3": null, "PA C3 (EUR)": null, "D C3 (EUR)": null, "TAC C4": null, "PA C4 (EUR)": null, "D C4 (EUR)": null, "TAC F": null, "PAF (EUR)": null, "DF (EUR)": null, "TAC A": null, "PAA (EUR)": null, "DA (EUR)": null, "TAC C": null, "PAC (EUR)": null, "DC (EUR)": null, "TAC MI": null, "PAMI (EUR)": null, "DMI (EUR)": null, " TAC MP": null, "PAMP (EUR)": null, "DMP (EUR)": null }, "geometry": null },
{ "type": "Feature", "properties": { "Année": 2028, "Mois": "Novembre", "UC": "UCR-A", "TAG": null, "NAP": null, "NAA": null, "NAC": null, "NAD": null, "TAR 1": null, "TAR 2": null, "TAR 1.1": null, "TAR 1.2": null, "TAR 2.1": null, "TAR 2.2": null, "TAA 1.1.1": null, "TAA 1.1.2": null, "TAA 1.1.3": null, "TAA 1.1.4": null, "TAA 1.2.1": null, "TAA 1.2.2": null, "TAA 1.2.3": null, "TAA 1.2.4": null, "TAA 2.1.1": null, "TAA 2.1.2": null, "TAA 2.1.3": null, "TAA 2.1.4": null, "TAA 2.2.1": null, "TAA 2.2.2": null, "TAA 2.2.3": null, "TAA 2.2.4": null, "DC": 3570353.05, "BT": 34500000, "TD": 0.10348849420289855, "BD 2024 (EUR)": 715524.94, "BD 2024 (%)": 0.020739853333333332, "BD 2025 (EUR)": 2758290.3, "BD 2025 (%)": 0.079950443478260858, "BD 2026 (EUR)": 96537.81, "BD 2026 (%)": 0.002798197391304348, "BD 2027 (EUR)": null, "BD 2027 (%)": null, "BD 2028 (EUR)": null, "BD 2028 (%)": null, "BD 2029 (EUR)": null, "BD 2029 (%)": null, "BD 2030 (EUR)": null, "BD 2030 (%)": null, "BD C1 (EUR)": null, "BD C1 (%)": null, "BD C2 (EUR)": null, "BD C2 (%)": null, "BD C3 (EUR)": null, "BD C3 (%)": null, "BD C4 (EUR)": null, "BD C4 (%)": null, "BDF (EUR)": null, "BDF (%)": null, "BDA (EUR)": null, "BDA (%)": null, "BDC (EUR)": null, "BDC (%)": null, "BDMI (EUR)": null, "BDMI (%)": null, "BDMP (EUR)": null, "BDMP (%)": null, "BDS (EUR)": null, "BDS (%)": null, "TAC": null, "PA (EUR)": null, "D (EUR)": null, "TAC  C1": null, "PA C1 (EUR)": null, "D C1 (EUR)": null, "TAC C2": null, "PA C2 (EUR)": null, "D C2 (EUR)": null, "TAC  C3": null, "PA C3 (EUR)": null, "D C3 (EUR)": null, "TAC C4": null, "PA C4 (EUR)": null, "D C4 (EUR)": null, "TAC F": null, "PAF (EUR)": null, "DF (EUR)": null, "TAC A": null, "PAA (EUR)": null, "DA (EUR)": null, "TAC C": null, "PAC (EUR)": null, "DC (EUR)": null, "TAC MI": null, "PAMI (EUR)": null, "DMI (EUR)": null, " TAC MP": null, "PAMP (EUR)": null, "DMP (EUR)": null }, "geometry": null },
{ "type": "Feature", "properties": { "Année": 2028, "Mois": "Décembre", "UC": "UCR-A", "TAG": null, "NAP": null, "NAA": null, "NAC": null, "NAD": null, "TAR 1": null, "TAR 2": null, "TAR 1.1": null, "TAR 1.2": null, "TAR 2.1": null, "TAR 2.2": null, "TAA 1.1.1": null, "TAA 1.1.2": null, "TAA 1.1.3": null, "TAA 1.1.4": null, "TAA 1.2.1": null, "TAA 1.2.2": null, "TAA 1.2.3": null, "TAA 1.2.4": null, "TAA 2.1.1": null, "TAA 2.1.2": null, "TAA 2.1.3": null, "TAA 2.1.4": null, "TAA 2.2.1": null, "TAA 2.2.2": null, "TAA 2.2.3": null, "TAA 2.2.4": null, "DC": 3570353.05, "BT": 34500000, "TD": 0.10348849420289855, "BD 2024 (EUR)": 715524.94, "BD 2024 (%)": 0.020739853333333332, "BD 2025 (EUR)": 2758290.3, "BD 2025 (%)": 0.079950443478260858, "BD 2026 (EUR)": 96537.81, "BD 2026 (%)": 0.002798197391304348, "BD 2027 (EUR)": null, "BD 2027 (%)": null, "BD 2028 (EUR)": null, "BD 2028 (%)": null, "BD 2029 (EUR)": null, "BD 2029 (%)": null, "BD 2030 (EUR)": null, "BD 2030 (%)": null, "BD C1 (EUR)": null, "BD C1 (%)": null, "BD C2 (EUR)": null, "BD C2 (%)": null, "BD C3 (EUR)": null, "BD C3 (%)": null, "BD C4 (EUR)": null, "BD C4 (%)": null, "BDF (EUR)": null, "BDF (%)": null, "BDA (EUR)": null, "BDA (%)": null, "BDC (EUR)": null, "BDC (%)": null, "BDMI (EUR)": null, "BDMI (%)": null, "BDMP (EUR)": null, "BDMP (%)": null, "BDS (EUR)": null, "BDS (%)": null, "TAC": null, "PA (EUR)": null, "D (EUR)": null, "TAC  C1": null, "PA C1 (EUR)": null, "D C1 (EUR)": null, "TAC C2": null, "PA C2 (EUR)": null, "D C2 (EUR)": null, "TAC  C3": null, "PA C3 (EUR)": null, "D C3 (EUR)": null, "TAC C4": null, "PA C4 (EUR)": null, "D C4 (EUR)": null, "TAC F": null, "PAF (EUR)": null, "DF (EUR)": null, "TAC A": null, "PAA (EUR)": null, "DA (EUR)": null, "TAC C": null, "PAC (EUR)": null, "DC (EUR)": null, "TAC MI": null, "PAMI (EUR)": null, "DMI (EUR)": null, " TAC MP": null, "PAMP (EUR)": null, "DMP (EUR)": null }, "geometry": null },
{ "type": "Feature", "properties": { "Année": 2028, "Mois": "Janvier", "UC": "UCR-F", "TAG": null, "NAP": null, "NAA": null, "NAC": null, "NAD": null, "TAR 1": null, "TAR 2": null, "TAR 1.1": null, "TAR 1.2": null, "TAR 2.1": null, "TAR 2.2": null, "TAA 1.1.1": null, "TAA 1.1.2": null, "TAA 1.1.3": null, "TAA 1.1.4": null, "TAA 1.2.1": null, "TAA 1.2.2": null, "TAA 1.2.3": null, "TAA 1.2.4": null, "TAA 2.1.1": null, "TAA 2.1.2": null, "TAA 2.1.3": null, "TAA 2.1.4": null, "TAA 2.2.1": null, "TAA 2.2.2": null, "TAA 2.2.3": null, "TAA 2.2.4": null, "DC": 3570353.05, "BT": 34500000, "TD": 0.10348849420289855, "BD 2024 (EUR)": 715524.94, "BD 2024 (%)": 0.020739853333333332, "BD 2025 (EUR)": 2758290.3, "BD 2025 (%)": 0.079950443478260858, "BD 2026 (EUR)": 96537.81, "BD 2026 (%)": 0.002798197391304348, "BD 2027 (EUR)": null, "BD 2027 (%)": null, "BD 2028 (EUR)": null, "BD 2028 (%)": null, "BD 2029 (EUR)": null, "BD 2029 (%)": null, "BD 2030 (EUR)": null, "BD 2030 (%)": null, "BD C1 (EUR)": null, "BD C1 (%)": null, "BD C2 (EUR)": null, "BD C2 (%)": null, "BD C3 (EUR)": null, "BD C3 (%)": null, "BD C4 (EUR)": null, "BD C4 (%)": null, "BDF (EUR)": null, "BDF (%)": null, "BDA (EUR)": null, "BDA (%)": null, "BDC (EUR)": null, "BDC (%)": null, "BDMI (EUR)": null, "BDMI (%)": null, "BDMP (EUR)": null, "BDMP (%)": null, "BDS (EUR)": null, "BDS (%)": null, "TAC": null, "PA (EUR)": null, "D (EUR)": null, "TAC  C1": null, "PA C1 (EUR)": null, "D C1 (EUR)": null, "TAC C2": null, "PA C2 (EUR)": null, "D C2 (EUR)": null, "TAC  C3": null, "PA C3 (EUR)": null, "D C3 (EUR)": null, "TAC C4": null, "PA C4 (EUR)": null, "D C4 (EUR)": null, "TAC F": null, "PAF (EUR)": null, "DF (EUR)": null, "TAC A": null, "PAA (EUR)": null, "DA (EUR)": null, "TAC C": null, "PAC (EUR)": null, "DC (EUR)": null, "TAC MI": null, "PAMI (EUR)": null, "DMI (EUR)": null, " TAC MP": null, "PAMP (EUR)": null, "DMP (EUR)": null }, "geometry": null },
{ "type": "Feature", "properties": { "Année": 2028, "Mois": "Février", "UC": "UCR-F", "TAG": null, "NAP": null, "NAA": null, "NAC": null, "NAD": null, "TAR 1": null, "TAR 2": null, "TAR 1.1": null, "TAR 1.2": null, "TAR 2.1": null, "TAR 2.2": null, "TAA 1.1.1": null, "TAA 1.1.2": null, "TAA 1.1.3": null, "TAA 1.1.4": null, "TAA 1.2.1": null, "TAA 1.2.2": null, "TAA 1.2.3": null, "TAA 1.2.4": null, "TAA 2.1.1": null, "TAA 2.1.2": null, "TAA 2.1.3": null, "TAA 2.1.4": null, "TAA 2.2.1": null, "TAA 2.2.2": null, "TAA 2.2.3": null, "TAA 2.2.4": null, "DC": 3570353.05, "BT": 34500000, "TD": 0.10348849420289855, "BD 2024 (EUR)": 715524.94, "BD 2024 (%)": 0.020739853333333332, "BD 2025 (EUR)": 2758290.3, "BD 2025 (%)": 0.079950443478260858, "BD 2026 (EUR)": 96537.81, "BD 2026 (%)": 0.002798197391304348, "BD 2027 (EUR)": null, "BD 2027 (%)": null, "BD 2028 (EUR)": null, "BD 2028 (%)": null, "BD 2029 (EUR)": null, "BD 2029 (%)": null, "BD 2030 (EUR)": null, "BD 2030 (%)": null, "BD C1 (EUR)": null, "BD C1 (%)": null, "BD C2 (EUR)": null, "BD C2 (%)": null, "BD C3 (EUR)": null, "BD C3 (%)": null, "BD C4 (EUR)": null, "BD C4 (%)": null, "BDF (EUR)": null, "BDF (%)": null, "BDA (EUR)": null, "BDA (%)": null, "BDC (EUR)": null, "BDC (%)": null, "BDMI (EUR)": null, "BDMI (%)": null, "BDMP (EUR)": null, "BDMP (%)": null, "BDS (EUR)": null, "BDS (%)": null, "TAC": null, "PA (EUR)": null, "D (EUR)": null, "TAC  C1": null, "PA C1 (EUR)": null, "D C1 (EUR)": null, "TAC C2": null, "PA C2 (EUR)": null, "D C2 (EUR)": null, "TAC  C3": null, "PA C3 (EUR)": null, "D C3 (EUR)": null, "TAC C4": null, "PA C4 (EUR)": null, "D C4 (EUR)": null, "TAC F": null, "PAF (EUR)": null, "DF (EUR)": null, "TAC A": null, "PAA (EUR)": null, "DA (EUR)": null, "TAC C": null, "PAC (EUR)": null, "DC (EUR)": null, "TAC MI": null, "PAMI (EUR)": null, "DMI (EUR)": null, " TAC MP": null, "PAMP (EUR)": null, "DMP (EUR)": null }, "geometry": null },
{ "type": "Feature", "properties": { "Année": 2028, "Mois": "Mars", "UC": "UCR-F", "TAG": null, "NAP": null, "NAA": null, "NAC": null, "NAD": null, "TAR 1": null, "TAR 2": null, "TAR 1.1": null, "TAR 1.2": null, "TAR 2.1": null, "TAR 2.2": null, "TAA 1.1.1": null, "TAA 1.1.2": null, "TAA 1.1.3": null, "TAA 1.1.4": null, "TAA 1.2.1": null, "TAA 1.2.2": null, "TAA 1.2.3": null, "TAA 1.2.4": null, "TAA 2.1.1": null, "TAA 2.1.2": null, "TAA 2.1.3": null, "TAA 2.1.4": null, "TAA 2.2.1": null, "TAA 2.2.2": null, "TAA 2.2.3": null, "TAA 2.2.4": null, "DC": 3570353.05, "BT": 34500000, "TD": 0.10348849420289855, "BD 2024 (EUR)": 715524.94, "BD 2024 (%)": 0.020739853333333332, "BD 2025 (EUR)": 2758290.3, "BD 2025 (%)": 0.079950443478260858, "BD 2026 (EUR)": 96537.81, "BD 2026 (%)": 0.002798197391304348, "BD 2027 (EUR)": null, "BD 2027 (%)": null, "BD 2028 (EUR)": null, "BD 2028 (%)": null, "BD 2029 (EUR)": null, "BD 2029 (%)": null, "BD 2030 (EUR)": null, "BD 2030 (%)": null, "BD C1 (EUR)": null, "BD C1 (%)": null, "BD C2 (EUR)": null, "BD C2 (%)": null, "BD C3 (EUR)": null, "BD C3 (%)": null, "BD C4 (EUR)": null, "BD C4 (%)": null, "BDF (EUR)": null, "BDF (%)": null, "BDA (EUR)": null, "BDA (%)": null, "BDC (EUR)": null, "BDC (%)": null, "BDMI (EUR)": null, "BDMI (%)": null, "BDMP (EUR)": null, "BDMP (%)": null, "BDS (EUR)": null, "BDS (%)": null, "TAC": null, "PA (EUR)": null, "D (EUR)": null, "TAC  C1": null, "PA C1 (EUR)": null, "D C1 (EUR)": null, "TAC C2": null, "PA C2 (EUR)": null, "D C2 (EUR)": null, "TAC  C3": null, "PA C3 (EUR)": null, "D C3 (EUR)": null, "TAC C4": null, "PA C4 (EUR)": null, "D C4 (EUR)": null, "TAC F": null, "PAF (EUR)": null, "DF (EUR)": null, "TAC A": null, "PAA (EUR)": null, "DA (EUR)": null, "TAC C": null, "PAC (EUR)": null, "DC (EUR)": null, "TAC MI": null, "PAMI (EUR)": null, "DMI (EUR)": null, " TAC MP": null, "PAMP (EUR)": null, "DMP (EUR)": null }, "geometry": null },
{ "type": "Feature", "properties": { "Année": 2028, "Mois": "Avril", "UC": "UCR-F", "TAG": null, "NAP": null, "NAA": null, "NAC": null, "NAD": null, "TAR 1": null, "TAR 2": null, "TAR 1.1": null, "TAR 1.2": null, "TAR 2.1": null, "TAR 2.2": null, "TAA 1.1.1": null, "TAA 1.1.2": null, "TAA 1.1.3": null, "TAA 1.1.4": null, "TAA 1.2.1": null, "TAA 1.2.2": null, "TAA 1.2.3": null, "TAA 1.2.4": null, "TAA 2.1.1": null, "TAA 2.1.2": null, "TAA 2.1.3": null, "TAA 2.1.4": null, "TAA 2.2.1": null, "TAA 2.2.2": null, "TAA 2.2.3": null, "TAA 2.2.4": null, "DC": 3570353.05, "BT": 34500000, "TD": 0.10348849420289855, "BD 2024 (EUR)": 715524.94, "BD 2024 (%)": 0.020739853333333332, "BD 2025 (EUR)": 2758290.3, "BD 2025 (%)": 0.079950443478260858, "BD 2026 (EUR)": 96537.81, "BD 2026 (%)": 0.002798197391304348, "BD 2027 (EUR)": null, "BD 2027 (%)": null, "BD 2028 (EUR)": null, "BD 2028 (%)": null, "BD 2029 (EUR)": null, "BD 2029 (%)": null, "BD 2030 (EUR)": null, "BD 2030 (%)": null, "BD C1 (EUR)": null, "BD C1 (%)": null, "BD C2 (EUR)": null, "BD C2 (%)": null, "BD C3 (EUR)": null, "BD C3 (%)": null, "BD C4 (EUR)": null, "BD C4 (%)": null, "BDF (EUR)": null, "BDF (%)": null, "BDA (EUR)": null, "BDA (%)": null, "BDC (EUR)": null, "BDC (%)": null, "BDMI (EUR)": null, "BDMI (%)": null, "BDMP (EUR)": null, "BDMP (%)": null, "BDS (EUR)": null, "BDS (%)": null, "TAC": null, "PA (EUR)": null, "D (EUR)": null, "TAC  C1": null, "PA C1 (EUR)": null, "D C1 (EUR)": null, "TAC C2": null, "PA C2 (EUR)": null, "D C2 (EUR)": null, "TAC  C3": null, "PA C3 (EUR)": null, "D C3 (EUR)": null, "TAC C4": null, "PA C4 (EUR)": null, "D C4 (EUR)": null, "TAC F": null, "PAF (EUR)": null, "DF (EUR)": null, "TAC A": null, "PAA (EUR)": null, "DA (EUR)": null, "TAC C": null, "PAC (EUR)": null, "DC (EUR)": null, "TAC MI": null, "PAMI (EUR)": null, "DMI (EUR)": null, " TAC MP": null, "PAMP (EUR)": null, "DMP (EUR)": null }, "geometry": null },
{ "type": "Feature", "properties": { "Année": 2028, "Mois": "Mai", "UC": "UCR-F", "TAG": null, "NAP": null, "NAA": null, "NAC": null, "NAD": null, "TAR 1": null, "TAR 2": null, "TAR 1.1": null, "TAR 1.2": null, "TAR 2.1": null, "TAR 2.2": null, "TAA 1.1.1": null, "TAA 1.1.2": null, "TAA 1.1.3": null, "TAA 1.1.4": null, "TAA 1.2.1": null, "TAA 1.2.2": null, "TAA 1.2.3": null, "TAA 1.2.4": null, "TAA 2.1.1": null, "TAA 2.1.2": null, "TAA 2.1.3": null, "TAA 2.1.4": null, "TAA 2.2.1": null, "TAA 2.2.2": null, "TAA 2.2.3": null, "TAA 2.2.4": null, "DC": 3570353.05, "BT": 34500000, "TD": 0.10348849420289855, "BD 2024 (EUR)": 715524.94, "BD 2024 (%)": 0.020739853333333332, "BD 2025 (EUR)": 2758290.3, "BD 2025 (%)": 0.079950443478260858, "BD 2026 (EUR)": 96537.81, "BD 2026 (%)": 0.002798197391304348, "BD 2027 (EUR)": null, "BD 2027 (%)": null, "BD 2028 (EUR)": null, "BD 2028 (%)": null, "BD 2029 (EUR)": null, "BD 2029 (%)": null, "BD 2030 (EUR)": null, "BD 2030 (%)": null, "BD C1 (EUR)": null, "BD C1 (%)": null, "BD C2 (EUR)": null, "BD C2 (%)": null, "BD C3 (EUR)": null, "BD C3 (%)": null, "BD C4 (EUR)": null, "BD C4 (%)": null, "BDF (EUR)": null, "BDF (%)": null, "BDA (EUR)": null, "BDA (%)": null, "BDC (EUR)": null, "BDC (%)": null, "BDMI (EUR)": null, "BDMI (%)": null, "BDMP (EUR)": null, "BDMP (%)": null, "BDS (EUR)": null, "BDS (%)": null, "TAC": null, "PA (EUR)": null, "D (EUR)": null, "TAC  C1": null, "PA C1 (EUR)": null, "D C1 (EUR)": null, "TAC C2": null, "PA C2 (EUR)": null, "D C2 (EUR)": null, "TAC  C3": null, "PA C3 (EUR)": null, "D C3 (EUR)": null, "TAC C4": null, "PA C4 (EUR)": null, "D C4 (EUR)": null, "TAC F": null, "PAF (EUR)": null, "DF (EUR)": null, "TAC A": null, "PAA (EUR)": null, "DA (EUR)": null, "TAC C": null, "PAC (EUR)": null, "DC (EUR)": null, "TAC MI": null, "PAMI (EUR)": null, "DMI (EUR)": null, " TAC MP": null, "PAMP (EUR)": null, "DMP (EUR)": null }, "geometry": null },
{ "type": "Feature", "properties": { "Année": 2028, "Mois": "Juin", "UC": "UCR-F", "TAG": null, "NAP": null, "NAA": null, "NAC": null, "NAD": null, "TAR 1": null, "TAR 2": null, "TAR 1.1": null, "TAR 1.2": null, "TAR 2.1": null, "TAR 2.2": null, "TAA 1.1.1": null, "TAA 1.1.2": null, "TAA 1.1.3": null, "TAA 1.1.4": null, "TAA 1.2.1": null, "TAA 1.2.2": null, "TAA 1.2.3": null, "TAA 1.2.4": null, "TAA 2.1.1": null, "TAA 2.1.2": null, "TAA 2.1.3": null, "TAA 2.1.4": null, "TAA 2.2.1": null, "TAA 2.2.2": null, "TAA 2.2.3": null, "TAA 2.2.4": null, "DC": 3570353.05, "BT": 34500000, "TD": 0.10348849420289855, "BD 2024 (EUR)": 715524.94, "BD 2024 (%)": 0.020739853333333332, "BD 2025 (EUR)": 2758290.3, "BD 2025 (%)": 0.079950443478260858, "BD 2026 (EUR)": 96537.81, "BD 2026 (%)": 0.002798197391304348, "BD 2027 (EUR)": null, "BD 2027 (%)": null, "BD 2028 (EUR)": null, "BD 2028 (%)": null, "BD 2029 (EUR)": null, "BD 2029 (%)": null, "BD 2030 (EUR)": null, "BD 2030 (%)": null, "BD C1 (EUR)": null, "BD C1 (%)": null, "BD C2 (EUR)": null, "BD C2 (%)": null, "BD C3 (EUR)": null, "BD C3 (%)": null, "BD C4 (EUR)": null, "BD C4 (%)": null, "BDF (EUR)": null, "BDF (%)": null, "BDA (EUR)": null, "BDA (%)": null, "BDC (EUR)": null, "BDC (%)": null, "BDMI (EUR)": null, "BDMI (%)": null, "BDMP (EUR)": null, "BDMP (%)": null, "BDS (EUR)": null, "BDS (%)": null, "TAC": null, "PA (EUR)": null, "D (EUR)": null, "TAC  C1": null, "PA C1 (EUR)": null, "D C1 (EUR)": null, "TAC C2": null, "PA C2 (EUR)": null, "D C2 (EUR)": null, "TAC  C3": null, "PA C3 (EUR)": null, "D C3 (EUR)": null, "TAC C4": null, "PA C4 (EUR)": null, "D C4 (EUR)": null, "TAC F": null, "PAF (EUR)": null, "DF (EUR)": null, "TAC A": null, "PAA (EUR)": null, "DA (EUR)": null, "TAC C": null, "PAC (EUR)": null, "DC (EUR)": null, "TAC MI": null, "PAMI (EUR)": null, "DMI (EUR)": null, " TAC MP": null, "PAMP (EUR)": null, "DMP (EUR)": null }, "geometry": null },
{ "type": "Feature", "properties": { "Année": 2028, "Mois": "Juillet", "UC": "UCR-F", "TAG": null, "NAP": null, "NAA": null, "NAC": null, "NAD": null, "TAR 1": null, "TAR 2": null, "TAR 1.1": null, "TAR 1.2": null, "TAR 2.1": null, "TAR 2.2": null, "TAA 1.1.1": null, "TAA 1.1.2": null, "TAA 1.1.3": null, "TAA 1.1.4": null, "TAA 1.2.1": null, "TAA 1.2.2": null, "TAA 1.2.3": null, "TAA 1.2.4": null, "TAA 2.1.1": null, "TAA 2.1.2": null, "TAA 2.1.3": null, "TAA 2.1.4": null, "TAA 2.2.1": null, "TAA 2.2.2": null, "TAA 2.2.3": null, "TAA 2.2.4": null, "DC": 3570353.05, "BT": 34500000, "TD": 0.10348849420289855, "BD 2024 (EUR)": 715524.94, "BD 2024 (%)": 0.020739853333333332, "BD 2025 (EUR)": 2758290.3, "BD 2025 (%)": 0.079950443478260858, "BD 2026 (EUR)": 96537.81, "BD 2026 (%)": 0.002798197391304348, "BD 2027 (EUR)": null, "BD 2027 (%)": null, "BD 2028 (EUR)": null, "BD 2028 (%)": null, "BD 2029 (EUR)": null, "BD 2029 (%)": null, "BD 2030 (EUR)": null, "BD 2030 (%)": null, "BD C1 (EUR)": null, "BD C1 (%)": null, "BD C2 (EUR)": null, "BD C2 (%)": null, "BD C3 (EUR)": null, "BD C3 (%)": null, "BD C4 (EUR)": null, "BD C4 (%)": null, "BDF (EUR)": null, "BDF (%)": null, "BDA (EUR)": null, "BDA (%)": null, "BDC (EUR)": null, "BDC (%)": null, "BDMI (EUR)": null, "BDMI (%)": null, "BDMP (EUR)": null, "BDMP (%)": null, "BDS (EUR)": null, "BDS (%)": null, "TAC": null, "PA (EUR)": null, "D (EUR)": null, "TAC  C1": null, "PA C1 (EUR)": null, "D C1 (EUR)": null, "TAC C2": null, "PA C2 (EUR)": null, "D C2 (EUR)": null, "TAC  C3": null, "PA C3 (EUR)": null, "D C3 (EUR)": null, "TAC C4": null, "PA C4 (EUR)": null, "D C4 (EUR)": null, "TAC F": null, "PAF (EUR)": null, "DF (EUR)": null, "TAC A": null, "PAA (EUR)": null, "DA (EUR)": null, "TAC C": null, "PAC (EUR)": null, "DC (EUR)": null, "TAC MI": null, "PAMI (EUR)": null, "DMI (EUR)": null, " TAC MP": null, "PAMP (EUR)": null, "DMP (EUR)": null }, "geometry": null },
{ "type": "Feature", "properties": { "Année": 2028, "Mois": "Août", "UC": "UCR-F", "TAG": null, "NAP": null, "NAA": null, "NAC": null, "NAD": null, "TAR 1": null, "TAR 2": null, "TAR 1.1": null, "TAR 1.2": null, "TAR 2.1": null, "TAR 2.2": null, "TAA 1.1.1": null, "TAA 1.1.2": null, "TAA 1.1.3": null, "TAA 1.1.4": null, "TAA 1.2.1": null, "TAA 1.2.2": null, "TAA 1.2.3": null, "TAA 1.2.4": null, "TAA 2.1.1": null, "TAA 2.1.2": null, "TAA 2.1.3": null, "TAA 2.1.4": null, "TAA 2.2.1": null, "TAA 2.2.2": null, "TAA 2.2.3": null, "TAA 2.2.4": null, "DC": 3570353.05, "BT": 34500000, "TD": 0.10348849420289855, "BD 2024 (EUR)": 715524.94, "BD 2024 (%)": 0.020739853333333332, "BD 2025 (EUR)": 2758290.3, "BD 2025 (%)": 0.079950443478260858, "BD 2026 (EUR)": 96537.81, "BD 2026 (%)": 0.002798197391304348, "BD 2027 (EUR)": null, "BD 2027 (%)": null, "BD 2028 (EUR)": null, "BD 2028 (%)": null, "BD 2029 (EUR)": null, "BD 2029 (%)": null, "BD 2030 (EUR)": null, "BD 2030 (%)": null, "BD C1 (EUR)": null, "BD C1 (%)": null, "BD C2 (EUR)": null, "BD C2 (%)": null, "BD C3 (EUR)": null, "BD C3 (%)": null, "BD C4 (EUR)": null, "BD C4 (%)": null, "BDF (EUR)": null, "BDF (%)": null, "BDA (EUR)": null, "BDA (%)": null, "BDC (EUR)": null, "BDC (%)": null, "BDMI (EUR)": null, "BDMI (%)": null, "BDMP (EUR)": null, "BDMP (%)": null, "BDS (EUR)": null, "BDS (%)": null, "TAC": null, "PA (EUR)": null, "D (EUR)": null, "TAC  C1": null, "PA C1 (EUR)": null, "D C1 (EUR)": null, "TAC C2": null, "PA C2 (EUR)": null, "D C2 (EUR)": null, "TAC  C3": null, "PA C3 (EUR)": null, "D C3 (EUR)": null, "TAC C4": null, "PA C4 (EUR)": null, "D C4 (EUR)": null, "TAC F": null, "PAF (EUR)": null, "DF (EUR)": null, "TAC A": null, "PAA (EUR)": null, "DA (EUR)": null, "TAC C": null, "PAC (EUR)": null, "DC (EUR)": null, "TAC MI": null, "PAMI (EUR)": null, "DMI (EUR)": null, " TAC MP": null, "PAMP (EUR)": null, "DMP (EUR)": null }, "geometry": null },
{ "type": "Feature", "properties": { "Année": 2028, "Mois": "Septembre", "UC": "UCR-F", "TAG": null, "NAP": null, "NAA": null, "NAC": null, "NAD": null, "TAR 1": null, "TAR 2": null, "TAR 1.1": null, "TAR 1.2": null, "TAR 2.1": null, "TAR 2.2": null, "TAA 1.1.1": null, "TAA 1.1.2": null, "TAA 1.1.3": null, "TAA 1.1.4": null, "TAA 1.2.1": null, "TAA 1.2.2": null, "TAA 1.2.3": null, "TAA 1.2.4": null, "TAA 2.1.1": null, "TAA 2.1.2": null, "TAA 2.1.3": null, "TAA 2.1.4": null, "TAA 2.2.1": null, "TAA 2.2.2": null, "TAA 2.2.3": null, "TAA 2.2.4": null, "DC": 3570353.05, "BT": 34500000, "TD": 0.10348849420289855, "BD 2024 (EUR)": 715524.94, "BD 2024 (%)": 0.020739853333333332, "BD 2025 (EUR)": 2758290.3, "BD 2025 (%)": 0.079950443478260858, "BD 2026 (EUR)": 96537.81, "BD 2026 (%)": 0.002798197391304348, "BD 2027 (EUR)": null, "BD 2027 (%)": null, "BD 2028 (EUR)": null, "BD 2028 (%)": null, "BD 2029 (EUR)": null, "BD 2029 (%)": null, "BD 2030 (EUR)": null, "BD 2030 (%)": null, "BD C1 (EUR)": null, "BD C1 (%)": null, "BD C2 (EUR)": null, "BD C2 (%)": null, "BD C3 (EUR)": null, "BD C3 (%)": null, "BD C4 (EUR)": null, "BD C4 (%)": null, "BDF (EUR)": null, "BDF (%)": null, "BDA (EUR)": null, "BDA (%)": null, "BDC (EUR)": null, "BDC (%)": null, "BDMI (EUR)": null, "BDMI (%)": null, "BDMP (EUR)": null, "BDMP (%)": null, "BDS (EUR)": null, "BDS (%)": null, "TAC": null, "PA (EUR)": null, "D (EUR)": null, "TAC  C1": null, "PA C1 (EUR)": null, "D C1 (EUR)": null, "TAC C2": null, "PA C2 (EUR)": null, "D C2 (EUR)": null, "TAC  C3": null, "PA C3 (EUR)": null, "D C3 (EUR)": null, "TAC C4": null, "PA C4 (EUR)": null, "D C4 (EUR)": null, "TAC F": null, "PAF (EUR)": null, "DF (EUR)": null, "TAC A": null, "PAA (EUR)": null, "DA (EUR)": null, "TAC C": null, "PAC (EUR)": null, "DC (EUR)": null, "TAC MI": null, "PAMI (EUR)": null, "DMI (EUR)": null, " TAC MP": null, "PAMP (EUR)": null, "DMP (EUR)": null }, "geometry": null },
{ "type": "Feature", "properties": { "Année": 2028, "Mois": "Octobre", "UC": "UCR-F", "TAG": null, "NAP": null, "NAA": null, "NAC": null, "NAD": null, "TAR 1": null, "TAR 2": null, "TAR 1.1": null, "TAR 1.2": null, "TAR 2.1": null, "TAR 2.2": null, "TAA 1.1.1": null, "TAA 1.1.2": null, "TAA 1.1.3": null, "TAA 1.1.4": null, "TAA 1.2.1": null, "TAA 1.2.2": null, "TAA 1.2.3": null, "TAA 1.2.4": null, "TAA 2.1.1": null, "TAA 2.1.2": null, "TAA 2.1.3": null, "TAA 2.1.4": null, "TAA 2.2.1": null, "TAA 2.2.2": null, "TAA 2.2.3": null, "TAA 2.2.4": null, "DC": 3570353.05, "BT": 34500000, "TD": 0.10348849420289855, "BD 2024 (EUR)": 715524.94, "BD 2024 (%)": 0.020739853333333332, "BD 2025 (EUR)": 2758290.3, "BD 2025 (%)": 0.079950443478260858, "BD 2026 (EUR)": 96537.81, "BD 2026 (%)": 0.002798197391304348, "BD 2027 (EUR)": null, "BD 2027 (%)": null, "BD 2028 (EUR)": null, "BD 2028 (%)": null, "BD 2029 (EUR)": null, "BD 2029 (%)": null, "BD 2030 (EUR)": null, "BD 2030 (%)": null, "BD C1 (EUR)": null, "BD C1 (%)": null, "BD C2 (EUR)": null, "BD C2 (%)": null, "BD C3 (EUR)": null, "BD C3 (%)": null, "BD C4 (EUR)": null, "BD C4 (%)": null, "BDF (EUR)": null, "BDF (%)": null, "BDA (EUR)": null, "BDA (%)": null, "BDC (EUR)": null, "BDC (%)": null, "BDMI (EUR)": null, "BDMI (%)": null, "BDMP (EUR)": null, "BDMP (%)": null, "BDS (EUR)": null, "BDS (%)": null, "TAC": null, "PA (EUR)": null, "D (EUR)": null, "TAC  C1": null, "PA C1 (EUR)": null, "D C1 (EUR)": null, "TAC C2": null, "PA C2 (EUR)": null, "D C2 (EUR)": null, "TAC  C3": null, "PA C3 (EUR)": null, "D C3 (EUR)": null, "TAC C4": null, "PA C4 (EUR)": null, "D C4 (EUR)": null, "TAC F": null, "PAF (EUR)": null, "DF (EUR)": null, "TAC A": null, "PAA (EUR)": null, "DA (EUR)": null, "TAC C": null, "PAC (EUR)": null, "DC (EUR)": null, "TAC MI": null, "PAMI (EUR)": null, "DMI (EUR)": null, " TAC MP": null, "PAMP (EUR)": null, "DMP (EUR)": null }, "geometry": null },
{ "type": "Feature", "properties": { "Année": 2028, "Mois": "Novembre", "UC": "UCR-F", "TAG": null, "NAP": null, "NAA": null, "NAC": null, "NAD": null, "TAR 1": null, "TAR 2": null, "TAR 1.1": null, "TAR 1.2": null, "TAR 2.1": null, "TAR 2.2": null, "TAA 1.1.1": null, "TAA 1.1.2": null, "TAA 1.1.3": null, "TAA 1.1.4": null, "TAA 1.2.1": null, "TAA 1.2.2": null, "TAA 1.2.3": null, "TAA 1.2.4": null, "TAA 2.1.1": null, "TAA 2.1.2": null, "TAA 2.1.3": null, "TAA 2.1.4": null, "TAA 2.2.1": null, "TAA 2.2.2": null, "TAA 2.2.3": null, "TAA 2.2.4": null, "DC": 3570353.05, "BT": 34500000, "TD": 0.10348849420289855, "BD 2024 (EUR)": 715524.94, "BD 2024 (%)": 0.020739853333333332, "BD 2025 (EUR)": 2758290.3, "BD 2025 (%)": 0.079950443478260858, "BD 2026 (EUR)": 96537.81, "BD 2026 (%)": 0.002798197391304348, "BD 2027 (EUR)": null, "BD 2027 (%)": null, "BD 2028 (EUR)": null, "BD 2028 (%)": null, "BD 2029 (EUR)": null, "BD 2029 (%)": null, "BD 2030 (EUR)": null, "BD 2030 (%)": null, "BD C1 (EUR)": null, "BD C1 (%)": null, "BD C2 (EUR)": null, "BD C2 (%)": null, "BD C3 (EUR)": null, "BD C3 (%)": null, "BD C4 (EUR)": null, "BD C4 (%)": null, "BDF (EUR)": null, "BDF (%)": null, "BDA (EUR)": null, "BDA (%)": null, "BDC (EUR)": null, "BDC (%)": null, "BDMI (EUR)": null, "BDMI (%)": null, "BDMP (EUR)": null, "BDMP (%)": null, "BDS (EUR)": null, "BDS (%)": null, "TAC": null, "PA (EUR)": null, "D (EUR)": null, "TAC  C1": null, "PA C1 (EUR)": null, "D C1 (EUR)": null, "TAC C2": null, "PA C2 (EUR)": null, "D C2 (EUR)": null, "TAC  C3": null, "PA C3 (EUR)": null, "D C3 (EUR)": null, "TAC C4": null, "PA C4 (EUR)": null, "D C4 (EUR)": null, "TAC F": null, "PAF (EUR)": null, "DF (EUR)": null, "TAC A": null, "PAA (EUR)": null, "DA (EUR)": null, "TAC C": null, "PAC (EUR)": null, "DC (EUR)": null, "TAC MI": null, "PAMI (EUR)": null, "DMI (EUR)": null, " TAC MP": null, "PAMP (EUR)": null, "DMP (EUR)": null }, "geometry": null },
{ "type": "Feature", "properties": { "Année": 2028, "Mois": "Décembre", "UC": "UCR-F", "TAG": null, "NAP": null, "NAA": null, "NAC": null, "NAD": null, "TAR 1": null, "TAR 2": null, "TAR 1.1": null, "TAR 1.2": null, "TAR 2.1": null, "TAR 2.2": null, "TAA 1.1.1": null, "TAA 1.1.2": null, "TAA 1.1.3": null, "TAA 1.1.4": null, "TAA 1.2.1": null, "TAA 1.2.2": null, "TAA 1.2.3": null, "TAA 1.2.4": null, "TAA 2.1.1": null, "TAA 2.1.2": null, "TAA 2.1.3": null, "TAA 2.1.4": null, "TAA 2.2.1": null, "TAA 2.2.2": null, "TAA 2.2.3": null, "TAA 2.2.4": null, "DC": 3570353.05, "BT": 34500000, "TD": 0.10348849420289855, "BD 2024 (EUR)": 715524.94, "BD 2024 (%)": 0.020739853333333332, "BD 2025 (EUR)": 2758290.3, "BD 2025 (%)": 0.079950443478260858, "BD 2026 (EUR)": 96537.81, "BD 2026 (%)": 0.002798197391304348, "BD 2027 (EUR)": null, "BD 2027 (%)": null, "BD 2028 (EUR)": null, "BD 2028 (%)": null, "BD 2029 (EUR)": null, "BD 2029 (%)": null, "BD 2030 (EUR)": null, "BD 2030 (%)": null, "BD C1 (EUR)": null, "BD C1 (%)": null, "BD C2 (EUR)": null, "BD C2 (%)": null, "BD C3 (EUR)": null, "BD C3 (%)": null, "BD C4 (EUR)": null, "BD C4 (%)": null, "BDF (EUR)": null, "BDF (%)": null, "BDA (EUR)": null, "BDA (%)": null, "BDC (EUR)": null, "BDC (%)": null, "BDMI (EUR)": null, "BDMI (%)": null, "BDMP (EUR)": null, "BDMP (%)": null, "BDS (EUR)": null, "BDS (%)": null, "TAC": null, "PA (EUR)": null, "D (EUR)": null, "TAC  C1": null, "PA C1 (EUR)": null, "D C1 (EUR)": null, "TAC C2": null, "PA C2 (EUR)": null, "D C2 (EUR)": null, "TAC  C3": null, "PA C3 (EUR)": null, "D C3 (EUR)": null, "TAC C4": null, "PA C4 (EUR)": null, "D C4 (EUR)": null, "TAC F": null, "PAF (EUR)": null, "DF (EUR)": null, "TAC A": null, "PAA (EUR)": null, "DA (EUR)": null, "TAC C": null, "PAC (EUR)": null, "DC (EUR)": null, "TAC MI": null, "PAMI (EUR)": null, "DMI (EUR)": null, " TAC MP": null, "PAMP (EUR)": null, "DMP (EUR)": null }, "geometry": null },
{ "type": "Feature", "properties": { "Année": 2028, "Mois": "Janvier", "UC": "UCR-FD", "TAG": null, "NAP": null, "NAA": null, "NAC": null, "NAD": null, "TAR 1": null, "TAR 2": null, "TAR 1.1": null, "TAR 1.2": null, "TAR 2.1": null, "TAR 2.2": null, "TAA 1.1.1": null, "TAA 1.1.2": null, "TAA 1.1.3": null, "TAA 1.1.4": null, "TAA 1.2.1": null, "TAA 1.2.2": null, "TAA 1.2.3": null, "TAA 1.2.4": null, "TAA 2.1.1": null, "TAA 2.1.2": null, "TAA 2.1.3": null, "TAA 2.1.4": null, "TAA 2.2.1": null, "TAA 2.2.2": null, "TAA 2.2.3": null, "TAA 2.2.4": null, "DC": 3570353.05, "BT": 34500000, "TD": 0.10348849420289855, "BD 2024 (EUR)": 715524.94, "BD 2024 (%)": 0.020739853333333332, "BD 2025 (EUR)": 2758290.3, "BD 2025 (%)": 0.079950443478260858, "BD 2026 (EUR)": 96537.81, "BD 2026 (%)": 0.002798197391304348, "BD 2027 (EUR)": null, "BD 2027 (%)": null, "BD 2028 (EUR)": null, "BD 2028 (%)": null, "BD 2029 (EUR)": null, "BD 2029 (%)": null, "BD 2030 (EUR)": null, "BD 2030 (%)": null, "BD C1 (EUR)": null, "BD C1 (%)": null, "BD C2 (EUR)": null, "BD C2 (%)": null, "BD C3 (EUR)": null, "BD C3 (%)": null, "BD C4 (EUR)": null, "BD C4 (%)": null, "BDF (EUR)": null, "BDF (%)": null, "BDA (EUR)": null, "BDA (%)": null, "BDC (EUR)": null, "BDC (%)": null, "BDMI (EUR)": null, "BDMI (%)": null, "BDMP (EUR)": null, "BDMP (%)": null, "BDS (EUR)": null, "BDS (%)": null, "TAC": null, "PA (EUR)": null, "D (EUR)": null, "TAC  C1": null, "PA C1 (EUR)": null, "D C1 (EUR)": null, "TAC C2": null, "PA C2 (EUR)": null, "D C2 (EUR)": null, "TAC  C3": null, "PA C3 (EUR)": null, "D C3 (EUR)": null, "TAC C4": null, "PA C4 (EUR)": null, "D C4 (EUR)": null, "TAC F": null, "PAF (EUR)": null, "DF (EUR)": null, "TAC A": null, "PAA (EUR)": null, "DA (EUR)": null, "TAC C": null, "PAC (EUR)": null, "DC (EUR)": null, "TAC MI": null, "PAMI (EUR)": null, "DMI (EUR)": null, " TAC MP": null, "PAMP (EUR)": null, "DMP (EUR)": null }, "geometry": null },
{ "type": "Feature", "properties": { "Année": 2028, "Mois": "Février", "UC": "UCR-FD", "TAG": null, "NAP": null, "NAA": null, "NAC": null, "NAD": null, "TAR 1": null, "TAR 2": null, "TAR 1.1": null, "TAR 1.2": null, "TAR 2.1": null, "TAR 2.2": null, "TAA 1.1.1": null, "TAA 1.1.2": null, "TAA 1.1.3": null, "TAA 1.1.4": null, "TAA 1.2.1": null, "TAA 1.2.2": null, "TAA 1.2.3": null, "TAA 1.2.4": null, "TAA 2.1.1": null, "TAA 2.1.2": null, "TAA 2.1.3": null, "TAA 2.1.4": null, "TAA 2.2.1": null, "TAA 2.2.2": null, "TAA 2.2.3": null, "TAA 2.2.4": null, "DC": 3570353.05, "BT": 34500000, "TD": 0.10348849420289855, "BD 2024 (EUR)": 715524.94, "BD 2024 (%)": 0.020739853333333332, "BD 2025 (EUR)": 2758290.3, "BD 2025 (%)": 0.079950443478260858, "BD 2026 (EUR)": 96537.81, "BD 2026 (%)": 0.002798197391304348, "BD 2027 (EUR)": null, "BD 2027 (%)": null, "BD 2028 (EUR)": null, "BD 2028 (%)": null, "BD 2029 (EUR)": null, "BD 2029 (%)": null, "BD 2030 (EUR)": null, "BD 2030 (%)": null, "BD C1 (EUR)": null, "BD C1 (%)": null, "BD C2 (EUR)": null, "BD C2 (%)": null, "BD C3 (EUR)": null, "BD C3 (%)": null, "BD C4 (EUR)": null, "BD C4 (%)": null, "BDF (EUR)": null, "BDF (%)": null, "BDA (EUR)": null, "BDA (%)": null, "BDC (EUR)": null, "BDC (%)": null, "BDMI (EUR)": null, "BDMI (%)": null, "BDMP (EUR)": null, "BDMP (%)": null, "BDS (EUR)": null, "BDS (%)": null, "TAC": null, "PA (EUR)": null, "D (EUR)": null, "TAC  C1": null, "PA C1 (EUR)": null, "D C1 (EUR)": null, "TAC C2": null, "PA C2 (EUR)": null, "D C2 (EUR)": null, "TAC  C3": null, "PA C3 (EUR)": null, "D C3 (EUR)": null, "TAC C4": null, "PA C4 (EUR)": null, "D C4 (EUR)": null, "TAC F": null, "PAF (EUR)": null, "DF (EUR)": null, "TAC A": null, "PAA (EUR)": null, "DA (EUR)": null, "TAC C": null, "PAC (EUR)": null, "DC (EUR)": null, "TAC MI": null, "PAMI (EUR)": null, "DMI (EUR)": null, " TAC MP": null, "PAMP (EUR)": null, "DMP (EUR)": null }, "geometry": null },
{ "type": "Feature", "properties": { "Année": 2028, "Mois": "Mars", "UC": "UCR-FD", "TAG": null, "NAP": null, "NAA": null, "NAC": null, "NAD": null, "TAR 1": null, "TAR 2": null, "TAR 1.1": null, "TAR 1.2": null, "TAR 2.1": null, "TAR 2.2": null, "TAA 1.1.1": null, "TAA 1.1.2": null, "TAA 1.1.3": null, "TAA 1.1.4": null, "TAA 1.2.1": null, "TAA 1.2.2": null, "TAA 1.2.3": null, "TAA 1.2.4": null, "TAA 2.1.1": null, "TAA 2.1.2": null, "TAA 2.1.3": null, "TAA 2.1.4": null, "TAA 2.2.1": null, "TAA 2.2.2": null, "TAA 2.2.3": null, "TAA 2.2.4": null, "DC": 3570353.05, "BT": 34500000, "TD": 0.10348849420289855, "BD 2024 (EUR)": 715524.94, "BD 2024 (%)": 0.020739853333333332, "BD 2025 (EUR)": 2758290.3, "BD 2025 (%)": 0.079950443478260858, "BD 2026 (EUR)": 96537.81, "BD 2026 (%)": 0.002798197391304348, "BD 2027 (EUR)": null, "BD 2027 (%)": null, "BD 2028 (EUR)": null, "BD 2028 (%)": null, "BD 2029 (EUR)": null, "BD 2029 (%)": null, "BD 2030 (EUR)": null, "BD 2030 (%)": null, "BD C1 (EUR)": null, "BD C1 (%)": null, "BD C2 (EUR)": null, "BD C2 (%)": null, "BD C3 (EUR)": null, "BD C3 (%)": null, "BD C4 (EUR)": null, "BD C4 (%)": null, "BDF (EUR)": null, "BDF (%)": null, "BDA (EUR)": null, "BDA (%)": null, "BDC (EUR)": null, "BDC (%)": null, "BDMI (EUR)": null, "BDMI (%)": null, "BDMP (EUR)": null, "BDMP (%)": null, "BDS (EUR)": null, "BDS (%)": null, "TAC": null, "PA (EUR)": null, "D (EUR)": null, "TAC  C1": null, "PA C1 (EUR)": null, "D C1 (EUR)": null, "TAC C2": null, "PA C2 (EUR)": null, "D C2 (EUR)": null, "TAC  C3": null, "PA C3 (EUR)": null, "D C3 (EUR)": null, "TAC C4": null, "PA C4 (EUR)": null, "D C4 (EUR)": null, "TAC F": null, "PAF (EUR)": null, "DF (EUR)": null, "TAC A": null, "PAA (EUR)": null, "DA (EUR)": null, "TAC C": null, "PAC (EUR)": null, "DC (EUR)": null, "TAC MI": null, "PAMI (EUR)": null, "DMI (EUR)": null, " TAC MP": null, "PAMP (EUR)": null, "DMP (EUR)": null }, "geometry": null },
{ "type": "Feature", "properties": { "Année": 2028, "Mois": "Avril", "UC": "UCR-FD", "TAG": null, "NAP": null, "NAA": null, "NAC": null, "NAD": null, "TAR 1": null, "TAR 2": null, "TAR 1.1": null, "TAR 1.2": null, "TAR 2.1": null, "TAR 2.2": null, "TAA 1.1.1": null, "TAA 1.1.2": null, "TAA 1.1.3": null, "TAA 1.1.4": null, "TAA 1.2.1": null, "TAA 1.2.2": null, "TAA 1.2.3": null, "TAA 1.2.4": null, "TAA 2.1.1": null, "TAA 2.1.2": null, "TAA 2.1.3": null, "TAA 2.1.4": null, "TAA 2.2.1": null, "TAA 2.2.2": null, "TAA 2.2.3": null, "TAA 2.2.4": null, "DC": 3570353.05, "BT": 34500000, "TD": 0.10348849420289855, "BD 2024 (EUR)": 715524.94, "BD 2024 (%)": 0.020739853333333332, "BD 2025 (EUR)": 2758290.3, "BD 2025 (%)": 0.079950443478260858, "BD 2026 (EUR)": 96537.81, "BD 2026 (%)": 0.002798197391304348, "BD 2027 (EUR)": null, "BD 2027 (%)": null, "BD 2028 (EUR)": null, "BD 2028 (%)": null, "BD 2029 (EUR)": null, "BD 2029 (%)": null, "BD 2030 (EUR)": null, "BD 2030 (%)": null, "BD C1 (EUR)": null, "BD C1 (%)": null, "BD C2 (EUR)": null, "BD C2 (%)": null, "BD C3 (EUR)": null, "BD C3 (%)": null, "BD C4 (EUR)": null, "BD C4 (%)": null, "BDF (EUR)": null, "BDF (%)": null, "BDA (EUR)": null, "BDA (%)": null, "BDC (EUR)": null, "BDC (%)": null, "BDMI (EUR)": null, "BDMI (%)": null, "BDMP (EUR)": null, "BDMP (%)": null, "BDS (EUR)": null, "BDS (%)": null, "TAC": null, "PA (EUR)": null, "D (EUR)": null, "TAC  C1": null, "PA C1 (EUR)": null, "D C1 (EUR)": null, "TAC C2": null, "PA C2 (EUR)": null, "D C2 (EUR)": null, "TAC  C3": null, "PA C3 (EUR)": null, "D C3 (EUR)": null, "TAC C4": null, "PA C4 (EUR)": null, "D C4 (EUR)": null, "TAC F": null, "PAF (EUR)": null, "DF (EUR)": null, "TAC A": null, "PAA (EUR)": null, "DA (EUR)": null, "TAC C": null, "PAC (EUR)": null, "DC (EUR)": null, "TAC MI": null, "PAMI (EUR)": null, "DMI (EUR)": null, " TAC MP": null, "PAMP (EUR)": null, "DMP (EUR)": null }, "geometry": null },
{ "type": "Feature", "properties": { "Année": 2028, "Mois": "Mai", "UC": "UCR-FD", "TAG": null, "NAP": null, "NAA": null, "NAC": null, "NAD": null, "TAR 1": null, "TAR 2": null, "TAR 1.1": null, "TAR 1.2": null, "TAR 2.1": null, "TAR 2.2": null, "TAA 1.1.1": null, "TAA 1.1.2": null, "TAA 1.1.3": null, "TAA 1.1.4": null, "TAA 1.2.1": null, "TAA 1.2.2": null, "TAA 1.2.3": null, "TAA 1.2.4": null, "TAA 2.1.1": null, "TAA 2.1.2": null, "TAA 2.1.3": null, "TAA 2.1.4": null, "TAA 2.2.1": null, "TAA 2.2.2": null, "TAA 2.2.3": null, "TAA 2.2.4": null, "DC": 3570353.05, "BT": 34500000, "TD": 0.10348849420289855, "BD 2024 (EUR)": 715524.94, "BD 2024 (%)": 0.020739853333333332, "BD 2025 (EUR)": 2758290.3, "BD 2025 (%)": 0.079950443478260858, "BD 2026 (EUR)": 96537.81, "BD 2026 (%)": 0.002798197391304348, "BD 2027 (EUR)": null, "BD 2027 (%)": null, "BD 2028 (EUR)": null, "BD 2028 (%)": null, "BD 2029 (EUR)": null, "BD 2029 (%)": null, "BD 2030 (EUR)": null, "BD 2030 (%)": null, "BD C1 (EUR)": null, "BD C1 (%)": null, "BD C2 (EUR)": null, "BD C2 (%)": null, "BD C3 (EUR)": null, "BD C3 (%)": null, "BD C4 (EUR)": null, "BD C4 (%)": null, "BDF (EUR)": null, "BDF (%)": null, "BDA (EUR)": null, "BDA (%)": null, "BDC (EUR)": null, "BDC (%)": null, "BDMI (EUR)": null, "BDMI (%)": null, "BDMP (EUR)": null, "BDMP (%)": null, "BDS (EUR)": null, "BDS (%)": null, "TAC": null, "PA (EUR)": null, "D (EUR)": null, "TAC  C1": null, "PA C1 (EUR)": null, "D C1 (EUR)": null, "TAC C2": null, "PA C2 (EUR)": null, "D C2 (EUR)": null, "TAC  C3": null, "PA C3 (EUR)": null, "D C3 (EUR)": null, "TAC C4": null, "PA C4 (EUR)": null, "D C4 (EUR)": null, "TAC F": null, "PAF (EUR)": null, "DF (EUR)": null, "TAC A": null, "PAA (EUR)": null, "DA (EUR)": null, "TAC C": null, "PAC (EUR)": null, "DC (EUR)": null, "TAC MI": null, "PAMI (EUR)": null, "DMI (EUR)": null, " TAC MP": null, "PAMP (EUR)": null, "DMP (EUR)": null }, "geometry": null },
{ "type": "Feature", "properties": { "Année": 2028, "Mois": "Juin", "UC": "UCR-FD", "TAG": null, "NAP": null, "NAA": null, "NAC": null, "NAD": null, "TAR 1": null, "TAR 2": null, "TAR 1.1": null, "TAR 1.2": null, "TAR 2.1": null, "TAR 2.2": null, "TAA 1.1.1": null, "TAA 1.1.2": null, "TAA 1.1.3": null, "TAA 1.1.4": null, "TAA 1.2.1": null, "TAA 1.2.2": null, "TAA 1.2.3": null, "TAA 1.2.4": null, "TAA 2.1.1": null, "TAA 2.1.2": null, "TAA 2.1.3": null, "TAA 2.1.4": null, "TAA 2.2.1": null, "TAA 2.2.2": null, "TAA 2.2.3": null, "TAA 2.2.4": null, "DC": 3570353.05, "BT": 34500000, "TD": 0.10348849420289855, "BD 2024 (EUR)": 715524.94, "BD 2024 (%)": 0.020739853333333332, "BD 2025 (EUR)": 2758290.3, "BD 2025 (%)": 0.079950443478260858, "BD 2026 (EUR)": 96537.81, "BD 2026 (%)": 0.002798197391304348, "BD 2027 (EUR)": null, "BD 2027 (%)": null, "BD 2028 (EUR)": null, "BD 2028 (%)": null, "BD 2029 (EUR)": null, "BD 2029 (%)": null, "BD 2030 (EUR)": null, "BD 2030 (%)": null, "BD C1 (EUR)": null, "BD C1 (%)": null, "BD C2 (EUR)": null, "BD C2 (%)": null, "BD C3 (EUR)": null, "BD C3 (%)": null, "BD C4 (EUR)": null, "BD C4 (%)": null, "BDF (EUR)": null, "BDF (%)": null, "BDA (EUR)": null, "BDA (%)": null, "BDC (EUR)": null, "BDC (%)": null, "BDMI (EUR)": null, "BDMI (%)": null, "BDMP (EUR)": null, "BDMP (%)": null, "BDS (EUR)": null, "BDS (%)": null, "TAC": null, "PA (EUR)": null, "D (EUR)": null, "TAC  C1": null, "PA C1 (EUR)": null, "D C1 (EUR)": null, "TAC C2": null, "PA C2 (EUR)": null, "D C2 (EUR)": null, "TAC  C3": null, "PA C3 (EUR)": null, "D C3 (EUR)": null, "TAC C4": null, "PA C4 (EUR)": null, "D C4 (EUR)": null, "TAC F": null, "PAF (EUR)": null, "DF (EUR)": null, "TAC A": null, "PAA (EUR)": null, "DA (EUR)": null, "TAC C": null, "PAC (EUR)": null, "DC (EUR)": null, "TAC MI": null, "PAMI (EUR)": null, "DMI (EUR)": null, " TAC MP": null, "PAMP (EUR)": null, "DMP (EUR)": null }, "geometry": null },
{ "type": "Feature", "properties": { "Année": 2028, "Mois": "Juillet", "UC": "UCR-FD", "TAG": null, "NAP": null, "NAA": null, "NAC": null, "NAD": null, "TAR 1": null, "TAR 2": null, "TAR 1.1": null, "TAR 1.2": null, "TAR 2.1": null, "TAR 2.2": null, "TAA 1.1.1": null, "TAA 1.1.2": null, "TAA 1.1.3": null, "TAA 1.1.4": null, "TAA 1.2.1": null, "TAA 1.2.2": null, "TAA 1.2.3": null, "TAA 1.2.4": null, "TAA 2.1.1": null, "TAA 2.1.2": null, "TAA 2.1.3": null, "TAA 2.1.4": null, "TAA 2.2.1": null, "TAA 2.2.2": null, "TAA 2.2.3": null, "TAA 2.2.4": null, "DC": 3570353.05, "BT": 34500000, "TD": 0.10348849420289855, "BD 2024 (EUR)": 715524.94, "BD 2024 (%)": 0.020739853333333332, "BD 2025 (EUR)": 2758290.3, "BD 2025 (%)": 0.079950443478260858, "BD 2026 (EUR)": 96537.81, "BD 2026 (%)": 0.002798197391304348, "BD 2027 (EUR)": null, "BD 2027 (%)": null, "BD 2028 (EUR)": null, "BD 2028 (%)": null, "BD 2029 (EUR)": null, "BD 2029 (%)": null, "BD 2030 (EUR)": null, "BD 2030 (%)": null, "BD C1 (EUR)": null, "BD C1 (%)": null, "BD C2 (EUR)": null, "BD C2 (%)": null, "BD C3 (EUR)": null, "BD C3 (%)": null, "BD C4 (EUR)": null, "BD C4 (%)": null, "BDF (EUR)": null, "BDF (%)": null, "BDA (EUR)": null, "BDA (%)": null, "BDC (EUR)": null, "BDC (%)": null, "BDMI (EUR)": null, "BDMI (%)": null, "BDMP (EUR)": null, "BDMP (%)": null, "BDS (EUR)": null, "BDS (%)": null, "TAC": null, "PA (EUR)": null, "D (EUR)": null, "TAC  C1": null, "PA C1 (EUR)": null, "D C1 (EUR)": null, "TAC C2": null, "PA C2 (EUR)": null, "D C2 (EUR)": null, "TAC  C3": null, "PA C3 (EUR)": null, "D C3 (EUR)": null, "TAC C4": null, "PA C4 (EUR)": null, "D C4 (EUR)": null, "TAC F": null, "PAF (EUR)": null, "DF (EUR)": null, "TAC A": null, "PAA (EUR)": null, "DA (EUR)": null, "TAC C": null, "PAC (EUR)": null, "DC (EUR)": null, "TAC MI": null, "PAMI (EUR)": null, "DMI (EUR)": null, " TAC MP": null, "PAMP (EUR)": null, "DMP (EUR)": null }, "geometry": null },
{ "type": "Feature", "properties": { "Année": 2028, "Mois": "Août", "UC": "UCR-FD", "TAG": null, "NAP": null, "NAA": null, "NAC": null, "NAD": null, "TAR 1": null, "TAR 2": null, "TAR 1.1": null, "TAR 1.2": null, "TAR 2.1": null, "TAR 2.2": null, "TAA 1.1.1": null, "TAA 1.1.2": null, "TAA 1.1.3": null, "TAA 1.1.4": null, "TAA 1.2.1": null, "TAA 1.2.2": null, "TAA 1.2.3": null, "TAA 1.2.4": null, "TAA 2.1.1": null, "TAA 2.1.2": null, "TAA 2.1.3": null, "TAA 2.1.4": null, "TAA 2.2.1": null, "TAA 2.2.2": null, "TAA 2.2.3": null, "TAA 2.2.4": null, "DC": 3570353.05, "BT": 34500000, "TD": 0.10348849420289855, "BD 2024 (EUR)": 715524.94, "BD 2024 (%)": 0.020739853333333332, "BD 2025 (EUR)": 2758290.3, "BD 2025 (%)": 0.079950443478260858, "BD 2026 (EUR)": 96537.81, "BD 2026 (%)": 0.002798197391304348, "BD 2027 (EUR)": null, "BD 2027 (%)": null, "BD 2028 (EUR)": null, "BD 2028 (%)": null, "BD 2029 (EUR)": null, "BD 2029 (%)": null, "BD 2030 (EUR)": null, "BD 2030 (%)": null, "BD C1 (EUR)": null, "BD C1 (%)": null, "BD C2 (EUR)": null, "BD C2 (%)": null, "BD C3 (EUR)": null, "BD C3 (%)": null, "BD C4 (EUR)": null, "BD C4 (%)": null, "BDF (EUR)": null, "BDF (%)": null, "BDA (EUR)": null, "BDA (%)": null, "BDC (EUR)": null, "BDC (%)": null, "BDMI (EUR)": null, "BDMI (%)": null, "BDMP (EUR)": null, "BDMP (%)": null, "BDS (EUR)": null, "BDS (%)": null, "TAC": null, "PA (EUR)": null, "D (EUR)": null, "TAC  C1": null, "PA C1 (EUR)": null, "D C1 (EUR)": null, "TAC C2": null, "PA C2 (EUR)": null, "D C2 (EUR)": null, "TAC  C3": null, "PA C3 (EUR)": null, "D C3 (EUR)": null, "TAC C4": null, "PA C4 (EUR)": null, "D C4 (EUR)": null, "TAC F": null, "PAF (EUR)": null, "DF (EUR)": null, "TAC A": null, "PAA (EUR)": null, "DA (EUR)": null, "TAC C": null, "PAC (EUR)": null, "DC (EUR)": null, "TAC MI": null, "PAMI (EUR)": null, "DMI (EUR)": null, " TAC MP": null, "PAMP (EUR)": null, "DMP (EUR)": null }, "geometry": null },
{ "type": "Feature", "properties": { "Année": 2028, "Mois": "Septembre", "UC": "UCR-FD", "TAG": null, "NAP": null, "NAA": null, "NAC": null, "NAD": null, "TAR 1": null, "TAR 2": null, "TAR 1.1": null, "TAR 1.2": null, "TAR 2.1": null, "TAR 2.2": null, "TAA 1.1.1": null, "TAA 1.1.2": null, "TAA 1.1.3": null, "TAA 1.1.4": null, "TAA 1.2.1": null, "TAA 1.2.2": null, "TAA 1.2.3": null, "TAA 1.2.4": null, "TAA 2.1.1": null, "TAA 2.1.2": null, "TAA 2.1.3": null, "TAA 2.1.4": null, "TAA 2.2.1": null, "TAA 2.2.2": null, "TAA 2.2.3": null, "TAA 2.2.4": null, "DC": 3570353.05, "BT": 34500000, "TD": 0.10348849420289855, "BD 2024 (EUR)": 715524.94, "BD 2024 (%)": 0.020739853333333332, "BD 2025 (EUR)": 2758290.3, "BD 2025 (%)": 0.079950443478260858, "BD 2026 (EUR)": 96537.81, "BD 2026 (%)": 0.002798197391304348, "BD 2027 (EUR)": null, "BD 2027 (%)": null, "BD 2028 (EUR)": null, "BD 2028 (%)": null, "BD 2029 (EUR)": null, "BD 2029 (%)": null, "BD 2030 (EUR)": null, "BD 2030 (%)": null, "BD C1 (EUR)": null, "BD C1 (%)": null, "BD C2 (EUR)": null, "BD C2 (%)": null, "BD C3 (EUR)": null, "BD C3 (%)": null, "BD C4 (EUR)": null, "BD C4 (%)": null, "BDF (EUR)": null, "BDF (%)": null, "BDA (EUR)": null, "BDA (%)": null, "BDC (EUR)": null, "BDC (%)": null, "BDMI (EUR)": null, "BDMI (%)": null, "BDMP (EUR)": null, "BDMP (%)": null, "BDS (EUR)": null, "BDS (%)": null, "TAC": null, "PA (EUR)": null, "D (EUR)": null, "TAC  C1": null, "PA C1 (EUR)": null, "D C1 (EUR)": null, "TAC C2": null, "PA C2 (EUR)": null, "D C2 (EUR)": null, "TAC  C3": null, "PA C3 (EUR)": null, "D C3 (EUR)": null, "TAC C4": null, "PA C4 (EUR)": null, "D C4 (EUR)": null, "TAC F": null, "PAF (EUR)": null, "DF (EUR)": null, "TAC A": null, "PAA (EUR)": null, "DA (EUR)": null, "TAC C": null, "PAC (EUR)": null, "DC (EUR)": null, "TAC MI": null, "PAMI (EUR)": null, "DMI (EUR)": null, " TAC MP": null, "PAMP (EUR)": null, "DMP (EUR)": null }, "geometry": null },
{ "type": "Feature", "properties": { "Année": 2028, "Mois": "Octobre", "UC": "UCR-FD", "TAG": null, "NAP": null, "NAA": null, "NAC": null, "NAD": null, "TAR 1": null, "TAR 2": null, "TAR 1.1": null, "TAR 1.2": null, "TAR 2.1": null, "TAR 2.2": null, "TAA 1.1.1": null, "TAA 1.1.2": null, "TAA 1.1.3": null, "TAA 1.1.4": null, "TAA 1.2.1": null, "TAA 1.2.2": null, "TAA 1.2.3": null, "TAA 1.2.4": null, "TAA 2.1.1": null, "TAA 2.1.2": null, "TAA 2.1.3": null, "TAA 2.1.4": null, "TAA 2.2.1": null, "TAA 2.2.2": null, "TAA 2.2.3": null, "TAA 2.2.4": null, "DC": 3570353.05, "BT": 34500000, "TD": 0.10348849420289855, "BD 2024 (EUR)": 715524.94, "BD 2024 (%)": 0.020739853333333332, "BD 2025 (EUR)": 2758290.3, "BD 2025 (%)": 0.079950443478260858, "BD 2026 (EUR)": 96537.81, "BD 2026 (%)": 0.002798197391304348, "BD 2027 (EUR)": null, "BD 2027 (%)": null, "BD 2028 (EUR)": null, "BD 2028 (%)": null, "BD 2029 (EUR)": null, "BD 2029 (%)": null, "BD 2030 (EUR)": null, "BD 2030 (%)": null, "BD C1 (EUR)": null, "BD C1 (%)": null, "BD C2 (EUR)": null, "BD C2 (%)": null, "BD C3 (EUR)": null, "BD C3 (%)": null, "BD C4 (EUR)": null, "BD C4 (%)": null, "BDF (EUR)": null, "BDF (%)": null, "BDA (EUR)": null, "BDA (%)": null, "BDC (EUR)": null, "BDC (%)": null, "BDMI (EUR)": null, "BDMI (%)": null, "BDMP (EUR)": null, "BDMP (%)": null, "BDS (EUR)": null, "BDS (%)": null, "TAC": null, "PA (EUR)": null, "D (EUR)": null, "TAC  C1": null, "PA C1 (EUR)": null, "D C1 (EUR)": null, "TAC C2": null, "PA C2 (EUR)": null, "D C2 (EUR)": null, "TAC  C3": null, "PA C3 (EUR)": null, "D C3 (EUR)": null, "TAC C4": null, "PA C4 (EUR)": null, "D C4 (EUR)": null, "TAC F": null, "PAF (EUR)": null, "DF (EUR)": null, "TAC A": null, "PAA (EUR)": null, "DA (EUR)": null, "TAC C": null, "PAC (EUR)": null, "DC (EUR)": null, "TAC MI": null, "PAMI (EUR)": null, "DMI (EUR)": null, " TAC MP": null, "PAMP (EUR)": null, "DMP (EUR)": null }, "geometry": null },
{ "type": "Feature", "properties": { "Année": 2028, "Mois": "Novembre", "UC": "UCR-FD", "TAG": null, "NAP": null, "NAA": null, "NAC": null, "NAD": null, "TAR 1": null, "TAR 2": null, "TAR 1.1": null, "TAR 1.2": null, "TAR 2.1": null, "TAR 2.2": null, "TAA 1.1.1": null, "TAA 1.1.2": null, "TAA 1.1.3": null, "TAA 1.1.4": null, "TAA 1.2.1": null, "TAA 1.2.2": null, "TAA 1.2.3": null, "TAA 1.2.4": null, "TAA 2.1.1": null, "TAA 2.1.2": null, "TAA 2.1.3": null, "TAA 2.1.4": null, "TAA 2.2.1": null, "TAA 2.2.2": null, "TAA 2.2.3": null, "TAA 2.2.4": null, "DC": 3570353.05, "BT": 34500000, "TD": 0.10348849420289855, "BD 2024 (EUR)": 715524.94, "BD 2024 (%)": 0.020739853333333332, "BD 2025 (EUR)": 2758290.3, "BD 2025 (%)": 0.079950443478260858, "BD 2026 (EUR)": 96537.81, "BD 2026 (%)": 0.002798197391304348, "BD 2027 (EUR)": null, "BD 2027 (%)": null, "BD 2028 (EUR)": null, "BD 2028 (%)": null, "BD 2029 (EUR)": null, "BD 2029 (%)": null, "BD 2030 (EUR)": null, "BD 2030 (%)": null, "BD C1 (EUR)": null, "BD C1 (%)": null, "BD C2 (EUR)": null, "BD C2 (%)": null, "BD C3 (EUR)": null, "BD C3 (%)": null, "BD C4 (EUR)": null, "BD C4 (%)": null, "BDF (EUR)": null, "BDF (%)": null, "BDA (EUR)": null, "BDA (%)": null, "BDC (EUR)": null, "BDC (%)": null, "BDMI (EUR)": null, "BDMI (%)": null, "BDMP (EUR)": null, "BDMP (%)": null, "BDS (EUR)": null, "BDS (%)": null, "TAC": null, "PA (EUR)": null, "D (EUR)": null, "TAC  C1": null, "PA C1 (EUR)": null, "D C1 (EUR)": null, "TAC C2": null, "PA C2 (EUR)": null, "D C2 (EUR)": null, "TAC  C3": null, "PA C3 (EUR)": null, "D C3 (EUR)": null, "TAC C4": null, "PA C4 (EUR)": null, "D C4 (EUR)": null, "TAC F": null, "PAF (EUR)": null, "DF (EUR)": null, "TAC A": null, "PAA (EUR)": null, "DA (EUR)": null, "TAC C": null, "PAC (EUR)": null, "DC (EUR)": null, "TAC MI": null, "PAMI (EUR)": null, "DMI (EUR)": null, " TAC MP": null, "PAMP (EUR)": null, "DMP (EUR)": null }, "geometry": null },
{ "type": "Feature", "properties": { "Année": 2028, "Mois": "Décembre", "UC": "UCR-FD", "TAG": null, "NAP": null, "NAA": null, "NAC": null, "NAD": null, "TAR 1": null, "TAR 2": null, "TAR 1.1": null, "TAR 1.2": null, "TAR 2.1": null, "TAR 2.2": null, "TAA 1.1.1": null, "TAA 1.1.2": null, "TAA 1.1.3": null, "TAA 1.1.4": null, "TAA 1.2.1": null, "TAA 1.2.2": null, "TAA 1.2.3": null, "TAA 1.2.4": null, "TAA 2.1.1": null, "TAA 2.1.2": null, "TAA 2.1.3": null, "TAA 2.1.4": null, "TAA 2.2.1": null, "TAA 2.2.2": null, "TAA 2.2.3": null, "TAA 2.2.4": null, "DC": 3570353.05, "BT": 34500000, "TD": 0.10348849420289855, "BD 2024 (EUR)": 715524.94, "BD 2024 (%)": 0.020739853333333332, "BD 2025 (EUR)": 2758290.3, "BD 2025 (%)": 0.079950443478260858, "BD 2026 (EUR)": 96537.81, "BD 2026 (%)": 0.002798197391304348, "BD 2027 (EUR)": null, "BD 2027 (%)": null, "BD 2028 (EUR)": null, "BD 2028 (%)": null, "BD 2029 (EUR)": null, "BD 2029 (%)": null, "BD 2030 (EUR)": null, "BD 2030 (%)": null, "BD C1 (EUR)": null, "BD C1 (%)": null, "BD C2 (EUR)": null, "BD C2 (%)": null, "BD C3 (EUR)": null, "BD C3 (%)": null, "BD C4 (EUR)": null, "BD C4 (%)": null, "BDF (EUR)": null, "BDF (%)": null, "BDA (EUR)": null, "BDA (%)": null, "BDC (EUR)": null, "BDC (%)": null, "BDMI (EUR)": null, "BDMI (%)": null, "BDMP (EUR)": null, "BDMP (%)": null, "BDS (EUR)": null, "BDS (%)": null, "TAC": null, "PA (EUR)": null, "D (EUR)": null, "TAC  C1": null, "PA C1 (EUR)": null, "D C1 (EUR)": null, "TAC C2": null, "PA C2 (EUR)": null, "D C2 (EUR)": null, "TAC  C3": null, "PA C3 (EUR)": null, "D C3 (EUR)": null, "TAC C4": null, "PA C4 (EUR)": null, "D C4 (EUR)": null, "TAC F": null, "PAF (EUR)": null, "DF (EUR)": null, "TAC A": null, "PAA (EUR)": null, "DA (EUR)": null, "TAC C": null, "PAC (EUR)": null, "DC (EUR)": null, "TAC MI": null, "PAMI (EUR)": null, "DMI (EUR)": null, " TAC MP": null, "PAMP (EUR)": null, "DMP (EUR)": null }, "geometry": null },
{ "type": "Feature", "properties": { "Année": 2029, "Mois": "Janvier", "UC": "Tous", "TAG": null, "NAP": null, "NAA": null, "NAC": null, "NAD": null, "TAR 1": null, "TAR 2": null, "TAR 1.1": null, "TAR 1.2": null, "TAR 2.1": null, "TAR 2.2": null, "TAA 1.1.1": null, "TAA 1.1.2": null, "TAA 1.1.3": null, "TAA 1.1.4": null, "TAA 1.2.1": null, "TAA 1.2.2": null, "TAA 1.2.3": null, "TAA 1.2.4": null, "TAA 2.1.1": null, "TAA 2.1.2": null, "TAA 2.1.3": null, "TAA 2.1.4": null, "TAA 2.2.1": null, "TAA 2.2.2": null, "TAA 2.2.3": null, "TAA 2.2.4": null, "DC": 3570353.05, "BT": 34500000, "TD": 0.10348849420289855, "BD 2024 (EUR)": 715524.94, "BD 2024 (%)": 0.020739853333333332, "BD 2025 (EUR)": 2758290.3, "BD 2025 (%)": 0.079950443478260858, "BD 2026 (EUR)": 96537.81, "BD 2026 (%)": 0.002798197391304348, "BD 2027 (EUR)": null, "BD 2027 (%)": null, "BD 2028 (EUR)": null, "BD 2028 (%)": null, "BD 2029 (EUR)": null, "BD 2029 (%)": null, "BD 2030 (EUR)": null, "BD 2030 (%)": null, "BD C1 (EUR)": null, "BD C1 (%)": null, "BD C2 (EUR)": null, "BD C2 (%)": null, "BD C3 (EUR)": null, "BD C3 (%)": null, "BD C4 (EUR)": null, "BD C4 (%)": null, "BDF (EUR)": null, "BDF (%)": null, "BDA (EUR)": null, "BDA (%)": null, "BDC (EUR)": null, "BDC (%)": null, "BDMI (EUR)": null, "BDMI (%)": null, "BDMP (EUR)": null, "BDMP (%)": null, "BDS (EUR)": null, "BDS (%)": null, "TAC": null, "PA (EUR)": null, "D (EUR)": null, "TAC  C1": null, "PA C1 (EUR)": null, "D C1 (EUR)": null, "TAC C2": null, "PA C2 (EUR)": null, "D C2 (EUR)": null, "TAC  C3": null, "PA C3 (EUR)": null, "D C3 (EUR)": null, "TAC C4": null, "PA C4 (EUR)": null, "D C4 (EUR)": null, "TAC F": null, "PAF (EUR)": null, "DF (EUR)": null, "TAC A": null, "PAA (EUR)": null, "DA (EUR)": null, "TAC C": null, "PAC (EUR)": null, "DC (EUR)": null, "TAC MI": null, "PAMI (EUR)": null, "DMI (EUR)": null, " TAC MP": null, "PAMP (EUR)": null, "DMP (EUR)": null }, "geometry": null },
{ "type": "Feature", "properties": { "Année": 2029, "Mois": "Février", "UC": "Tous", "TAG": null, "NAP": null, "NAA": null, "NAC": null, "NAD": null, "TAR 1": null, "TAR 2": null, "TAR 1.1": null, "TAR 1.2": null, "TAR 2.1": null, "TAR 2.2": null, "TAA 1.1.1": null, "TAA 1.1.2": null, "TAA 1.1.3": null, "TAA 1.1.4": null, "TAA 1.2.1": null, "TAA 1.2.2": null, "TAA 1.2.3": null, "TAA 1.2.4": null, "TAA 2.1.1": null, "TAA 2.1.2": null, "TAA 2.1.3": null, "TAA 2.1.4": null, "TAA 2.2.1": null, "TAA 2.2.2": null, "TAA 2.2.3": null, "TAA 2.2.4": null, "DC": 3570353.05, "BT": 34500000, "TD": 0.10348849420289855, "BD 2024 (EUR)": 715524.94, "BD 2024 (%)": 0.020739853333333332, "BD 2025 (EUR)": 2758290.3, "BD 2025 (%)": 0.079950443478260858, "BD 2026 (EUR)": 96537.81, "BD 2026 (%)": 0.002798197391304348, "BD 2027 (EUR)": null, "BD 2027 (%)": null, "BD 2028 (EUR)": null, "BD 2028 (%)": null, "BD 2029 (EUR)": null, "BD 2029 (%)": null, "BD 2030 (EUR)": null, "BD 2030 (%)": null, "BD C1 (EUR)": null, "BD C1 (%)": null, "BD C2 (EUR)": null, "BD C2 (%)": null, "BD C3 (EUR)": null, "BD C3 (%)": null, "BD C4 (EUR)": null, "BD C4 (%)": null, "BDF (EUR)": null, "BDF (%)": null, "BDA (EUR)": null, "BDA (%)": null, "BDC (EUR)": null, "BDC (%)": null, "BDMI (EUR)": null, "BDMI (%)": null, "BDMP (EUR)": null, "BDMP (%)": null, "BDS (EUR)": null, "BDS (%)": null, "TAC": null, "PA (EUR)": null, "D (EUR)": null, "TAC  C1": null, "PA C1 (EUR)": null, "D C1 (EUR)": null, "TAC C2": null, "PA C2 (EUR)": null, "D C2 (EUR)": null, "TAC  C3": null, "PA C3 (EUR)": null, "D C3 (EUR)": null, "TAC C4": null, "PA C4 (EUR)": null, "D C4 (EUR)": null, "TAC F": null, "PAF (EUR)": null, "DF (EUR)": null, "TAC A": null, "PAA (EUR)": null, "DA (EUR)": null, "TAC C": null, "PAC (EUR)": null, "DC (EUR)": null, "TAC MI": null, "PAMI (EUR)": null, "DMI (EUR)": null, " TAC MP": null, "PAMP (EUR)": null, "DMP (EUR)": null }, "geometry": null },
{ "type": "Feature", "properties": { "Année": 2029, "Mois": "Mars", "UC": "Tous", "TAG": null, "NAP": null, "NAA": null, "NAC": null, "NAD": null, "TAR 1": null, "TAR 2": null, "TAR 1.1": null, "TAR 1.2": null, "TAR 2.1": null, "TAR 2.2": null, "TAA 1.1.1": null, "TAA 1.1.2": null, "TAA 1.1.3": null, "TAA 1.1.4": null, "TAA 1.2.1": null, "TAA 1.2.2": null, "TAA 1.2.3": null, "TAA 1.2.4": null, "TAA 2.1.1": null, "TAA 2.1.2": null, "TAA 2.1.3": null, "TAA 2.1.4": null, "TAA 2.2.1": null, "TAA 2.2.2": null, "TAA 2.2.3": null, "TAA 2.2.4": null, "DC": 3570353.05, "BT": 34500000, "TD": 0.10348849420289855, "BD 2024 (EUR)": 715524.94, "BD 2024 (%)": 0.020739853333333332, "BD 2025 (EUR)": 2758290.3, "BD 2025 (%)": 0.079950443478260858, "BD 2026 (EUR)": 96537.81, "BD 2026 (%)": 0.002798197391304348, "BD 2027 (EUR)": null, "BD 2027 (%)": null, "BD 2028 (EUR)": null, "BD 2028 (%)": null, "BD 2029 (EUR)": null, "BD 2029 (%)": null, "BD 2030 (EUR)": null, "BD 2030 (%)": null, "BD C1 (EUR)": null, "BD C1 (%)": null, "BD C2 (EUR)": null, "BD C2 (%)": null, "BD C3 (EUR)": null, "BD C3 (%)": null, "BD C4 (EUR)": null, "BD C4 (%)": null, "BDF (EUR)": null, "BDF (%)": null, "BDA (EUR)": null, "BDA (%)": null, "BDC (EUR)": null, "BDC (%)": null, "BDMI (EUR)": null, "BDMI (%)": null, "BDMP (EUR)": null, "BDMP (%)": null, "BDS (EUR)": null, "BDS (%)": null, "TAC": null, "PA (EUR)": null, "D (EUR)": null, "TAC  C1": null, "PA C1 (EUR)": null, "D C1 (EUR)": null, "TAC C2": null, "PA C2 (EUR)": null, "D C2 (EUR)": null, "TAC  C3": null, "PA C3 (EUR)": null, "D C3 (EUR)": null, "TAC C4": null, "PA C4 (EUR)": null, "D C4 (EUR)": null, "TAC F": null, "PAF (EUR)": null, "DF (EUR)": null, "TAC A": null, "PAA (EUR)": null, "DA (EUR)": null, "TAC C": null, "PAC (EUR)": null, "DC (EUR)": null, "TAC MI": null, "PAMI (EUR)": null, "DMI (EUR)": null, " TAC MP": null, "PAMP (EUR)": null, "DMP (EUR)": null }, "geometry": null },
{ "type": "Feature", "properties": { "Année": 2029, "Mois": "Avril", "UC": "Tous", "TAG": null, "NAP": null, "NAA": null, "NAC": null, "NAD": null, "TAR 1": null, "TAR 2": null, "TAR 1.1": null, "TAR 1.2": null, "TAR 2.1": null, "TAR 2.2": null, "TAA 1.1.1": null, "TAA 1.1.2": null, "TAA 1.1.3": null, "TAA 1.1.4": null, "TAA 1.2.1": null, "TAA 1.2.2": null, "TAA 1.2.3": null, "TAA 1.2.4": null, "TAA 2.1.1": null, "TAA 2.1.2": null, "TAA 2.1.3": null, "TAA 2.1.4": null, "TAA 2.2.1": null, "TAA 2.2.2": null, "TAA 2.2.3": null, "TAA 2.2.4": null, "DC": 3570353.05, "BT": 34500000, "TD": 0.10348849420289855, "BD 2024 (EUR)": 715524.94, "BD 2024 (%)": 0.020739853333333332, "BD 2025 (EUR)": 2758290.3, "BD 2025 (%)": 0.079950443478260858, "BD 2026 (EUR)": 96537.81, "BD 2026 (%)": 0.002798197391304348, "BD 2027 (EUR)": null, "BD 2027 (%)": null, "BD 2028 (EUR)": null, "BD 2028 (%)": null, "BD 2029 (EUR)": null, "BD 2029 (%)": null, "BD 2030 (EUR)": null, "BD 2030 (%)": null, "BD C1 (EUR)": null, "BD C1 (%)": null, "BD C2 (EUR)": null, "BD C2 (%)": null, "BD C3 (EUR)": null, "BD C3 (%)": null, "BD C4 (EUR)": null, "BD C4 (%)": null, "BDF (EUR)": null, "BDF (%)": null, "BDA (EUR)": null, "BDA (%)": null, "BDC (EUR)": null, "BDC (%)": null, "BDMI (EUR)": null, "BDMI (%)": null, "BDMP (EUR)": null, "BDMP (%)": null, "BDS (EUR)": null, "BDS (%)": null, "TAC": null, "PA (EUR)": null, "D (EUR)": null, "TAC  C1": null, "PA C1 (EUR)": null, "D C1 (EUR)": null, "TAC C2": null, "PA C2 (EUR)": null, "D C2 (EUR)": null, "TAC  C3": null, "PA C3 (EUR)": null, "D C3 (EUR)": null, "TAC C4": null, "PA C4 (EUR)": null, "D C4 (EUR)": null, "TAC F": null, "PAF (EUR)": null, "DF (EUR)": null, "TAC A": null, "PAA (EUR)": null, "DA (EUR)": null, "TAC C": null, "PAC (EUR)": null, "DC (EUR)": null, "TAC MI": null, "PAMI (EUR)": null, "DMI (EUR)": null, " TAC MP": null, "PAMP (EUR)": null, "DMP (EUR)": null }, "geometry": null },
{ "type": "Feature", "properties": { "Année": 2029, "Mois": "Mai", "UC": "Tous", "TAG": null, "NAP": null, "NAA": null, "NAC": null, "NAD": null, "TAR 1": null, "TAR 2": null, "TAR 1.1": null, "TAR 1.2": null, "TAR 2.1": null, "TAR 2.2": null, "TAA 1.1.1": null, "TAA 1.1.2": null, "TAA 1.1.3": null, "TAA 1.1.4": null, "TAA 1.2.1": null, "TAA 1.2.2": null, "TAA 1.2.3": null, "TAA 1.2.4": null, "TAA 2.1.1": null, "TAA 2.1.2": null, "TAA 2.1.3": null, "TAA 2.1.4": null, "TAA 2.2.1": null, "TAA 2.2.2": null, "TAA 2.2.3": null, "TAA 2.2.4": null, "DC": 3570353.05, "BT": 34500000, "TD": 0.10348849420289855, "BD 2024 (EUR)": 715524.94, "BD 2024 (%)": 0.020739853333333332, "BD 2025 (EUR)": 2758290.3, "BD 2025 (%)": 0.079950443478260858, "BD 2026 (EUR)": 96537.81, "BD 2026 (%)": 0.002798197391304348, "BD 2027 (EUR)": null, "BD 2027 (%)": null, "BD 2028 (EUR)": null, "BD 2028 (%)": null, "BD 2029 (EUR)": null, "BD 2029 (%)": null, "BD 2030 (EUR)": null, "BD 2030 (%)": null, "BD C1 (EUR)": null, "BD C1 (%)": null, "BD C2 (EUR)": null, "BD C2 (%)": null, "BD C3 (EUR)": null, "BD C3 (%)": null, "BD C4 (EUR)": null, "BD C4 (%)": null, "BDF (EUR)": null, "BDF (%)": null, "BDA (EUR)": null, "BDA (%)": null, "BDC (EUR)": null, "BDC (%)": null, "BDMI (EUR)": null, "BDMI (%)": null, "BDMP (EUR)": null, "BDMP (%)": null, "BDS (EUR)": null, "BDS (%)": null, "TAC": null, "PA (EUR)": null, "D (EUR)": null, "TAC  C1": null, "PA C1 (EUR)": null, "D C1 (EUR)": null, "TAC C2": null, "PA C2 (EUR)": null, "D C2 (EUR)": null, "TAC  C3": null, "PA C3 (EUR)": null, "D C3 (EUR)": null, "TAC C4": null, "PA C4 (EUR)": null, "D C4 (EUR)": null, "TAC F": null, "PAF (EUR)": null, "DF (EUR)": null, "TAC A": null, "PAA (EUR)": null, "DA (EUR)": null, "TAC C": null, "PAC (EUR)": null, "DC (EUR)": null, "TAC MI": null, "PAMI (EUR)": null, "DMI (EUR)": null, " TAC MP": null, "PAMP (EUR)": null, "DMP (EUR)": null }, "geometry": null },
{ "type": "Feature", "properties": { "Année": 2029, "Mois": "Juin", "UC": "Tous", "TAG": null, "NAP": null, "NAA": null, "NAC": null, "NAD": null, "TAR 1": null, "TAR 2": null, "TAR 1.1": null, "TAR 1.2": null, "TAR 2.1": null, "TAR 2.2": null, "TAA 1.1.1": null, "TAA 1.1.2": null, "TAA 1.1.3": null, "TAA 1.1.4": null, "TAA 1.2.1": null, "TAA 1.2.2": null, "TAA 1.2.3": null, "TAA 1.2.4": null, "TAA 2.1.1": null, "TAA 2.1.2": null, "TAA 2.1.3": null, "TAA 2.1.4": null, "TAA 2.2.1": null, "TAA 2.2.2": null, "TAA 2.2.3": null, "TAA 2.2.4": null, "DC": 3570353.05, "BT": 34500000, "TD": 0.10348849420289855, "BD 2024 (EUR)": 715524.94, "BD 2024 (%)": 0.020739853333333332, "BD 2025 (EUR)": 2758290.3, "BD 2025 (%)": 0.079950443478260858, "BD 2026 (EUR)": 96537.81, "BD 2026 (%)": 0.002798197391304348, "BD 2027 (EUR)": null, "BD 2027 (%)": null, "BD 2028 (EUR)": null, "BD 2028 (%)": null, "BD 2029 (EUR)": null, "BD 2029 (%)": null, "BD 2030 (EUR)": null, "BD 2030 (%)": null, "BD C1 (EUR)": null, "BD C1 (%)": null, "BD C2 (EUR)": null, "BD C2 (%)": null, "BD C3 (EUR)": null, "BD C3 (%)": null, "BD C4 (EUR)": null, "BD C4 (%)": null, "BDF (EUR)": null, "BDF (%)": null, "BDA (EUR)": null, "BDA (%)": null, "BDC (EUR)": null, "BDC (%)": null, "BDMI (EUR)": null, "BDMI (%)": null, "BDMP (EUR)": null, "BDMP (%)": null, "BDS (EUR)": null, "BDS (%)": null, "TAC": null, "PA (EUR)": null, "D (EUR)": null, "TAC  C1": null, "PA C1 (EUR)": null, "D C1 (EUR)": null, "TAC C2": null, "PA C2 (EUR)": null, "D C2 (EUR)": null, "TAC  C3": null, "PA C3 (EUR)": null, "D C3 (EUR)": null, "TAC C4": null, "PA C4 (EUR)": null, "D C4 (EUR)": null, "TAC F": null, "PAF (EUR)": null, "DF (EUR)": null, "TAC A": null, "PAA (EUR)": null, "DA (EUR)": null, "TAC C": null, "PAC (EUR)": null, "DC (EUR)": null, "TAC MI": null, "PAMI (EUR)": null, "DMI (EUR)": null, " TAC MP": null, "PAMP (EUR)": null, "DMP (EUR)": null }, "geometry": null },
{ "type": "Feature", "properties": { "Année": 2029, "Mois": "Juillet", "UC": "Tous", "TAG": null, "NAP": null, "NAA": null, "NAC": null, "NAD": null, "TAR 1": null, "TAR 2": null, "TAR 1.1": null, "TAR 1.2": null, "TAR 2.1": null, "TAR 2.2": null, "TAA 1.1.1": null, "TAA 1.1.2": null, "TAA 1.1.3": null, "TAA 1.1.4": null, "TAA 1.2.1": null, "TAA 1.2.2": null, "TAA 1.2.3": null, "TAA 1.2.4": null, "TAA 2.1.1": null, "TAA 2.1.2": null, "TAA 2.1.3": null, "TAA 2.1.4": null, "TAA 2.2.1": null, "TAA 2.2.2": null, "TAA 2.2.3": null, "TAA 2.2.4": null, "DC": 3570353.05, "BT": 34500000, "TD": 0.10348849420289855, "BD 2024 (EUR)": 715524.94, "BD 2024 (%)": 0.020739853333333332, "BD 2025 (EUR)": 2758290.3, "BD 2025 (%)": 0.079950443478260858, "BD 2026 (EUR)": 96537.81, "BD 2026 (%)": 0.002798197391304348, "BD 2027 (EUR)": null, "BD 2027 (%)": null, "BD 2028 (EUR)": null, "BD 2028 (%)": null, "BD 2029 (EUR)": null, "BD 2029 (%)": null, "BD 2030 (EUR)": null, "BD 2030 (%)": null, "BD C1 (EUR)": null, "BD C1 (%)": null, "BD C2 (EUR)": null, "BD C2 (%)": null, "BD C3 (EUR)": null, "BD C3 (%)": null, "BD C4 (EUR)": null, "BD C4 (%)": null, "BDF (EUR)": null, "BDF (%)": null, "BDA (EUR)": null, "BDA (%)": null, "BDC (EUR)": null, "BDC (%)": null, "BDMI (EUR)": null, "BDMI (%)": null, "BDMP (EUR)": null, "BDMP (%)": null, "BDS (EUR)": null, "BDS (%)": null, "TAC": null, "PA (EUR)": null, "D (EUR)": null, "TAC  C1": null, "PA C1 (EUR)": null, "D C1 (EUR)": null, "TAC C2": null, "PA C2 (EUR)": null, "D C2 (EUR)": null, "TAC  C3": null, "PA C3 (EUR)": null, "D C3 (EUR)": null, "TAC C4": null, "PA C4 (EUR)": null, "D C4 (EUR)": null, "TAC F": null, "PAF (EUR)": null, "DF (EUR)": null, "TAC A": null, "PAA (EUR)": null, "DA (EUR)": null, "TAC C": null, "PAC (EUR)": null, "DC (EUR)": null, "TAC MI": null, "PAMI (EUR)": null, "DMI (EUR)": null, " TAC MP": null, "PAMP (EUR)": null, "DMP (EUR)": null }, "geometry": null },
{ "type": "Feature", "properties": { "Année": 2029, "Mois": "Août", "UC": "Tous", "TAG": null, "NAP": null, "NAA": null, "NAC": null, "NAD": null, "TAR 1": null, "TAR 2": null, "TAR 1.1": null, "TAR 1.2": null, "TAR 2.1": null, "TAR 2.2": null, "TAA 1.1.1": null, "TAA 1.1.2": null, "TAA 1.1.3": null, "TAA 1.1.4": null, "TAA 1.2.1": null, "TAA 1.2.2": null, "TAA 1.2.3": null, "TAA 1.2.4": null, "TAA 2.1.1": null, "TAA 2.1.2": null, "TAA 2.1.3": null, "TAA 2.1.4": null, "TAA 2.2.1": null, "TAA 2.2.2": null, "TAA 2.2.3": null, "TAA 2.2.4": null, "DC": 3570353.05, "BT": 34500000, "TD": 0.10348849420289855, "BD 2024 (EUR)": 715524.94, "BD 2024 (%)": 0.020739853333333332, "BD 2025 (EUR)": 2758290.3, "BD 2025 (%)": 0.079950443478260858, "BD 2026 (EUR)": 96537.81, "BD 2026 (%)": 0.002798197391304348, "BD 2027 (EUR)": null, "BD 2027 (%)": null, "BD 2028 (EUR)": null, "BD 2028 (%)": null, "BD 2029 (EUR)": null, "BD 2029 (%)": null, "BD 2030 (EUR)": null, "BD 2030 (%)": null, "BD C1 (EUR)": null, "BD C1 (%)": null, "BD C2 (EUR)": null, "BD C2 (%)": null, "BD C3 (EUR)": null, "BD C3 (%)": null, "BD C4 (EUR)": null, "BD C4 (%)": null, "BDF (EUR)": null, "BDF (%)": null, "BDA (EUR)": null, "BDA (%)": null, "BDC (EUR)": null, "BDC (%)": null, "BDMI (EUR)": null, "BDMI (%)": null, "BDMP (EUR)": null, "BDMP (%)": null, "BDS (EUR)": null, "BDS (%)": null, "TAC": null, "PA (EUR)": null, "D (EUR)": null, "TAC  C1": null, "PA C1 (EUR)": null, "D C1 (EUR)": null, "TAC C2": null, "PA C2 (EUR)": null, "D C2 (EUR)": null, "TAC  C3": null, "PA C3 (EUR)": null, "D C3 (EUR)": null, "TAC C4": null, "PA C4 (EUR)": null, "D C4 (EUR)": null, "TAC F": null, "PAF (EUR)": null, "DF (EUR)": null, "TAC A": null, "PAA (EUR)": null, "DA (EUR)": null, "TAC C": null, "PAC (EUR)": null, "DC (EUR)": null, "TAC MI": null, "PAMI (EUR)": null, "DMI (EUR)": null, " TAC MP": null, "PAMP (EUR)": null, "DMP (EUR)": null }, "geometry": null },
{ "type": "Feature", "properties": { "Année": 2029, "Mois": "Septembre", "UC": "Tous", "TAG": null, "NAP": null, "NAA": null, "NAC": null, "NAD": null, "TAR 1": null, "TAR 2": null, "TAR 1.1": null, "TAR 1.2": null, "TAR 2.1": null, "TAR 2.2": null, "TAA 1.1.1": null, "TAA 1.1.2": null, "TAA 1.1.3": null, "TAA 1.1.4": null, "TAA 1.2.1": null, "TAA 1.2.2": null, "TAA 1.2.3": null, "TAA 1.2.4": null, "TAA 2.1.1": null, "TAA 2.1.2": null, "TAA 2.1.3": null, "TAA 2.1.4": null, "TAA 2.2.1": null, "TAA 2.2.2": null, "TAA 2.2.3": null, "TAA 2.2.4": null, "DC": 3570353.05, "BT": 34500000, "TD": 0.10348849420289855, "BD 2024 (EUR)": 715524.94, "BD 2024 (%)": 0.020739853333333332, "BD 2025 (EUR)": 2758290.3, "BD 2025 (%)": 0.079950443478260858, "BD 2026 (EUR)": 96537.81, "BD 2026 (%)": 0.002798197391304348, "BD 2027 (EUR)": null, "BD 2027 (%)": null, "BD 2028 (EUR)": null, "BD 2028 (%)": null, "BD 2029 (EUR)": null, "BD 2029 (%)": null, "BD 2030 (EUR)": null, "BD 2030 (%)": null, "BD C1 (EUR)": null, "BD C1 (%)": null, "BD C2 (EUR)": null, "BD C2 (%)": null, "BD C3 (EUR)": null, "BD C3 (%)": null, "BD C4 (EUR)": null, "BD C4 (%)": null, "BDF (EUR)": null, "BDF (%)": null, "BDA (EUR)": null, "BDA (%)": null, "BDC (EUR)": null, "BDC (%)": null, "BDMI (EUR)": null, "BDMI (%)": null, "BDMP (EUR)": null, "BDMP (%)": null, "BDS (EUR)": null, "BDS (%)": null, "TAC": null, "PA (EUR)": null, "D (EUR)": null, "TAC  C1": null, "PA C1 (EUR)": null, "D C1 (EUR)": null, "TAC C2": null, "PA C2 (EUR)": null, "D C2 (EUR)": null, "TAC  C3": null, "PA C3 (EUR)": null, "D C3 (EUR)": null, "TAC C4": null, "PA C4 (EUR)": null, "D C4 (EUR)": null, "TAC F": null, "PAF (EUR)": null, "DF (EUR)": null, "TAC A": null, "PAA (EUR)": null, "DA (EUR)": null, "TAC C": null, "PAC (EUR)": null, "DC (EUR)": null, "TAC MI": null, "PAMI (EUR)": null, "DMI (EUR)": null, " TAC MP": null, "PAMP (EUR)": null, "DMP (EUR)": null }, "geometry": null },
{ "type": "Feature", "properties": { "Année": 2029, "Mois": "Octobre", "UC": "Tous", "TAG": null, "NAP": null, "NAA": null, "NAC": null, "NAD": null, "TAR 1": null, "TAR 2": null, "TAR 1.1": null, "TAR 1.2": null, "TAR 2.1": null, "TAR 2.2": null, "TAA 1.1.1": null, "TAA 1.1.2": null, "TAA 1.1.3": null, "TAA 1.1.4": null, "TAA 1.2.1": null, "TAA 1.2.2": null, "TAA 1.2.3": null, "TAA 1.2.4": null, "TAA 2.1.1": null, "TAA 2.1.2": null, "TAA 2.1.3": null, "TAA 2.1.4": null, "TAA 2.2.1": null, "TAA 2.2.2": null, "TAA 2.2.3": null, "TAA 2.2.4": null, "DC": 3570353.05, "BT": 34500000, "TD": 0.10348849420289855, "BD 2024 (EUR)": 715524.94, "BD 2024 (%)": 0.020739853333333332, "BD 2025 (EUR)": 2758290.3, "BD 2025 (%)": 0.079950443478260858, "BD 2026 (EUR)": 96537.81, "BD 2026 (%)": 0.002798197391304348, "BD 2027 (EUR)": null, "BD 2027 (%)": null, "BD 2028 (EUR)": null, "BD 2028 (%)": null, "BD 2029 (EUR)": null, "BD 2029 (%)": null, "BD 2030 (EUR)": null, "BD 2030 (%)": null, "BD C1 (EUR)": null, "BD C1 (%)": null, "BD C2 (EUR)": null, "BD C2 (%)": null, "BD C3 (EUR)": null, "BD C3 (%)": null, "BD C4 (EUR)": null, "BD C4 (%)": null, "BDF (EUR)": null, "BDF (%)": null, "BDA (EUR)": null, "BDA (%)": null, "BDC (EUR)": null, "BDC (%)": null, "BDMI (EUR)": null, "BDMI (%)": null, "BDMP (EUR)": null, "BDMP (%)": null, "BDS (EUR)": null, "BDS (%)": null, "TAC": null, "PA (EUR)": null, "D (EUR)": null, "TAC  C1": null, "PA C1 (EUR)": null, "D C1 (EUR)": null, "TAC C2": null, "PA C2 (EUR)": null, "D C2 (EUR)": null, "TAC  C3": null, "PA C3 (EUR)": null, "D C3 (EUR)": null, "TAC C4": null, "PA C4 (EUR)": null, "D C4 (EUR)": null, "TAC F": null, "PAF (EUR)": null, "DF (EUR)": null, "TAC A": null, "PAA (EUR)": null, "DA (EUR)": null, "TAC C": null, "PAC (EUR)": null, "DC (EUR)": null, "TAC MI": null, "PAMI (EUR)": null, "DMI (EUR)": null, " TAC MP": null, "PAMP (EUR)": null, "DMP (EUR)": null }, "geometry": null },
{ "type": "Feature", "properties": { "Année": 2029, "Mois": "Novembre", "UC": "Tous", "TAG": null, "NAP": null, "NAA": null, "NAC": null, "NAD": null, "TAR 1": null, "TAR 2": null, "TAR 1.1": null, "TAR 1.2": null, "TAR 2.1": null, "TAR 2.2": null, "TAA 1.1.1": null, "TAA 1.1.2": null, "TAA 1.1.3": null, "TAA 1.1.4": null, "TAA 1.2.1": null, "TAA 1.2.2": null, "TAA 1.2.3": null, "TAA 1.2.4": null, "TAA 2.1.1": null, "TAA 2.1.2": null, "TAA 2.1.3": null, "TAA 2.1.4": null, "TAA 2.2.1": null, "TAA 2.2.2": null, "TAA 2.2.3": null, "TAA 2.2.4": null, "DC": 3570353.05, "BT": 34500000, "TD": 0.10348849420289855, "BD 2024 (EUR)": 715524.94, "BD 2024 (%)": 0.020739853333333332, "BD 2025 (EUR)": 2758290.3, "BD 2025 (%)": 0.079950443478260858, "BD 2026 (EUR)": 96537.81, "BD 2026 (%)": 0.002798197391304348, "BD 2027 (EUR)": null, "BD 2027 (%)": null, "BD 2028 (EUR)": null, "BD 2028 (%)": null, "BD 2029 (EUR)": null, "BD 2029 (%)": null, "BD 2030 (EUR)": null, "BD 2030 (%)": null, "BD C1 (EUR)": null, "BD C1 (%)": null, "BD C2 (EUR)": null, "BD C2 (%)": null, "BD C3 (EUR)": null, "BD C3 (%)": null, "BD C4 (EUR)": null, "BD C4 (%)": null, "BDF (EUR)": null, "BDF (%)": null, "BDA (EUR)": null, "BDA (%)": null, "BDC (EUR)": null, "BDC (%)": null, "BDMI (EUR)": null, "BDMI (%)": null, "BDMP (EUR)": null, "BDMP (%)": null, "BDS (EUR)": null, "BDS (%)": null, "TAC": null, "PA (EUR)": null, "D (EUR)": null, "TAC  C1": null, "PA C1 (EUR)": null, "D C1 (EUR)": null, "TAC C2": null, "PA C2 (EUR)": null, "D C2 (EUR)": null, "TAC  C3": null, "PA C3 (EUR)": null, "D C3 (EUR)": null, "TAC C4": null, "PA C4 (EUR)": null, "D C4 (EUR)": null, "TAC F": null, "PAF (EUR)": null, "DF (EUR)": null, "TAC A": null, "PAA (EUR)": null, "DA (EUR)": null, "TAC C": null, "PAC (EUR)": null, "DC (EUR)": null, "TAC MI": null, "PAMI (EUR)": null, "DMI (EUR)": null, " TAC MP": null, "PAMP (EUR)": null, "DMP (EUR)": null }, "geometry": null },
{ "type": "Feature", "properties": { "Année": 2029, "Mois": "Décembre", "UC": "Tous", "TAG": null, "NAP": null, "NAA": null, "NAC": null, "NAD": null, "TAR 1": null, "TAR 2": null, "TAR 1.1": null, "TAR 1.2": null, "TAR 2.1": null, "TAR 2.2": null, "TAA 1.1.1": null, "TAA 1.1.2": null, "TAA 1.1.3": null, "TAA 1.1.4": null, "TAA 1.2.1": null, "TAA 1.2.2": null, "TAA 1.2.3": null, "TAA 1.2.4": null, "TAA 2.1.1": null, "TAA 2.1.2": null, "TAA 2.1.3": null, "TAA 2.1.4": null, "TAA 2.2.1": null, "TAA 2.2.2": null, "TAA 2.2.3": null, "TAA 2.2.4": null, "DC": 3570353.05, "BT": 34500000, "TD": 0.10348849420289855, "BD 2024 (EUR)": 715524.94, "BD 2024 (%)": 0.020739853333333332, "BD 2025 (EUR)": 2758290.3, "BD 2025 (%)": 0.079950443478260858, "BD 2026 (EUR)": 96537.81, "BD 2026 (%)": 0.002798197391304348, "BD 2027 (EUR)": null, "BD 2027 (%)": null, "BD 2028 (EUR)": null, "BD 2028 (%)": null, "BD 2029 (EUR)": null, "BD 2029 (%)": null, "BD 2030 (EUR)": null, "BD 2030 (%)": null, "BD C1 (EUR)": null, "BD C1 (%)": null, "BD C2 (EUR)": null, "BD C2 (%)": null, "BD C3 (EUR)": null, "BD C3 (%)": null, "BD C4 (EUR)": null, "BD C4 (%)": null, "BDF (EUR)": null, "BDF (%)": null, "BDA (EUR)": null, "BDA (%)": null, "BDC (EUR)": null, "BDC (%)": null, "BDMI (EUR)": null, "BDMI (%)": null, "BDMP (EUR)": null, "BDMP (%)": null, "BDS (EUR)": null, "BDS (%)": null, "TAC": null, "PA (EUR)": null, "D (EUR)": null, "TAC  C1": null, "PA C1 (EUR)": null, "D C1 (EUR)": null, "TAC C2": null, "PA C2 (EUR)": null, "D C2 (EUR)": null, "TAC  C3": null, "PA C3 (EUR)": null, "D C3 (EUR)": null, "TAC C4": null, "PA C4 (EUR)": null, "D C4 (EUR)": null, "TAC F": null, "PAF (EUR)": null, "DF (EUR)": null, "TAC A": null, "PAA (EUR)": null, "DA (EUR)": null, "TAC C": null, "PAC (EUR)": null, "DC (EUR)": null, "TAC MI": null, "PAMI (EUR)": null, "DMI (EUR)": null, " TAC MP": null, "PAMP (EUR)": null, "DMP (EUR)": null }, "geometry": null },
{ "type": "Feature", "properties": { "Année": 2029, "Mois": "Janvier", "UC": "UCT", "TAG": null, "NAP": null, "NAA": null, "NAC": null, "NAD": null, "TAR 1": null, "TAR 2": null, "TAR 1.1": null, "TAR 1.2": null, "TAR 2.1": null, "TAR 2.2": null, "TAA 1.1.1": null, "TAA 1.1.2": null, "TAA 1.1.3": null, "TAA 1.1.4": null, "TAA 1.2.1": null, "TAA 1.2.2": null, "TAA 1.2.3": null, "TAA 1.2.4": null, "TAA 2.1.1": null, "TAA 2.1.2": null, "TAA 2.1.3": null, "TAA 2.1.4": null, "TAA 2.2.1": null, "TAA 2.2.2": null, "TAA 2.2.3": null, "TAA 2.2.4": null, "DC": 3570353.05, "BT": 34500000, "TD": 0.10348849420289855, "BD 2024 (EUR)": 715524.94, "BD 2024 (%)": 0.020739853333333332, "BD 2025 (EUR)": 2758290.3, "BD 2025 (%)": 0.079950443478260858, "BD 2026 (EUR)": 96537.81, "BD 2026 (%)": 0.002798197391304348, "BD 2027 (EUR)": null, "BD 2027 (%)": null, "BD 2028 (EUR)": null, "BD 2028 (%)": null, "BD 2029 (EUR)": null, "BD 2029 (%)": null, "BD 2030 (EUR)": null, "BD 2030 (%)": null, "BD C1 (EUR)": null, "BD C1 (%)": null, "BD C2 (EUR)": null, "BD C2 (%)": null, "BD C3 (EUR)": null, "BD C3 (%)": null, "BD C4 (EUR)": null, "BD C4 (%)": null, "BDF (EUR)": null, "BDF (%)": null, "BDA (EUR)": null, "BDA (%)": null, "BDC (EUR)": null, "BDC (%)": null, "BDMI (EUR)": null, "BDMI (%)": null, "BDMP (EUR)": null, "BDMP (%)": null, "BDS (EUR)": null, "BDS (%)": null, "TAC": null, "PA (EUR)": null, "D (EUR)": null, "TAC  C1": null, "PA C1 (EUR)": null, "D C1 (EUR)": null, "TAC C2": null, "PA C2 (EUR)": null, "D C2 (EUR)": null, "TAC  C3": null, "PA C3 (EUR)": null, "D C3 (EUR)": null, "TAC C4": null, "PA C4 (EUR)": null, "D C4 (EUR)": null, "TAC F": null, "PAF (EUR)": null, "DF (EUR)": null, "TAC A": null, "PAA (EUR)": null, "DA (EUR)": null, "TAC C": null, "PAC (EUR)": null, "DC (EUR)": null, "TAC MI": null, "PAMI (EUR)": null, "DMI (EUR)": null, " TAC MP": null, "PAMP (EUR)": null, "DMP (EUR)": null }, "geometry": null },
{ "type": "Feature", "properties": { "Année": 2029, "Mois": "Février", "UC": "UCT", "TAG": null, "NAP": null, "NAA": null, "NAC": null, "NAD": null, "TAR 1": null, "TAR 2": null, "TAR 1.1": null, "TAR 1.2": null, "TAR 2.1": null, "TAR 2.2": null, "TAA 1.1.1": null, "TAA 1.1.2": null, "TAA 1.1.3": null, "TAA 1.1.4": null, "TAA 1.2.1": null, "TAA 1.2.2": null, "TAA 1.2.3": null, "TAA 1.2.4": null, "TAA 2.1.1": null, "TAA 2.1.2": null, "TAA 2.1.3": null, "TAA 2.1.4": null, "TAA 2.2.1": null, "TAA 2.2.2": null, "TAA 2.2.3": null, "TAA 2.2.4": null, "DC": 3570353.05, "BT": 34500000, "TD": 0.10348849420289855, "BD 2024 (EUR)": 715524.94, "BD 2024 (%)": 0.020739853333333332, "BD 2025 (EUR)": 2758290.3, "BD 2025 (%)": 0.079950443478260858, "BD 2026 (EUR)": 96537.81, "BD 2026 (%)": 0.002798197391304348, "BD 2027 (EUR)": null, "BD 2027 (%)": null, "BD 2028 (EUR)": null, "BD 2028 (%)": null, "BD 2029 (EUR)": null, "BD 2029 (%)": null, "BD 2030 (EUR)": null, "BD 2030 (%)": null, "BD C1 (EUR)": null, "BD C1 (%)": null, "BD C2 (EUR)": null, "BD C2 (%)": null, "BD C3 (EUR)": null, "BD C3 (%)": null, "BD C4 (EUR)": null, "BD C4 (%)": null, "BDF (EUR)": null, "BDF (%)": null, "BDA (EUR)": null, "BDA (%)": null, "BDC (EUR)": null, "BDC (%)": null, "BDMI (EUR)": null, "BDMI (%)": null, "BDMP (EUR)": null, "BDMP (%)": null, "BDS (EUR)": null, "BDS (%)": null, "TAC": null, "PA (EUR)": null, "D (EUR)": null, "TAC  C1": null, "PA C1 (EUR)": null, "D C1 (EUR)": null, "TAC C2": null, "PA C2 (EUR)": null, "D C2 (EUR)": null, "TAC  C3": null, "PA C3 (EUR)": null, "D C3 (EUR)": null, "TAC C4": null, "PA C4 (EUR)": null, "D C4 (EUR)": null, "TAC F": null, "PAF (EUR)": null, "DF (EUR)": null, "TAC A": null, "PAA (EUR)": null, "DA (EUR)": null, "TAC C": null, "PAC (EUR)": null, "DC (EUR)": null, "TAC MI": null, "PAMI (EUR)": null, "DMI (EUR)": null, " TAC MP": null, "PAMP (EUR)": null, "DMP (EUR)": null }, "geometry": null },
{ "type": "Feature", "properties": { "Année": 2029, "Mois": "Mars", "UC": "UCT", "TAG": null, "NAP": null, "NAA": null, "NAC": null, "NAD": null, "TAR 1": null, "TAR 2": null, "TAR 1.1": null, "TAR 1.2": null, "TAR 2.1": null, "TAR 2.2": null, "TAA 1.1.1": null, "TAA 1.1.2": null, "TAA 1.1.3": null, "TAA 1.1.4": null, "TAA 1.2.1": null, "TAA 1.2.2": null, "TAA 1.2.3": null, "TAA 1.2.4": null, "TAA 2.1.1": null, "TAA 2.1.2": null, "TAA 2.1.3": null, "TAA 2.1.4": null, "TAA 2.2.1": null, "TAA 2.2.2": null, "TAA 2.2.3": null, "TAA 2.2.4": null, "DC": 3570353.05, "BT": 34500000, "TD": 0.10348849420289855, "BD 2024 (EUR)": 715524.94, "BD 2024 (%)": 0.020739853333333332, "BD 2025 (EUR)": 2758290.3, "BD 2025 (%)": 0.079950443478260858, "BD 2026 (EUR)": 96537.81, "BD 2026 (%)": 0.002798197391304348, "BD 2027 (EUR)": null, "BD 2027 (%)": null, "BD 2028 (EUR)": null, "BD 2028 (%)": null, "BD 2029 (EUR)": null, "BD 2029 (%)": null, "BD 2030 (EUR)": null, "BD 2030 (%)": null, "BD C1 (EUR)": null, "BD C1 (%)": null, "BD C2 (EUR)": null, "BD C2 (%)": null, "BD C3 (EUR)": null, "BD C3 (%)": null, "BD C4 (EUR)": null, "BD C4 (%)": null, "BDF (EUR)": null, "BDF (%)": null, "BDA (EUR)": null, "BDA (%)": null, "BDC (EUR)": null, "BDC (%)": null, "BDMI (EUR)": null, "BDMI (%)": null, "BDMP (EUR)": null, "BDMP (%)": null, "BDS (EUR)": null, "BDS (%)": null, "TAC": null, "PA (EUR)": null, "D (EUR)": null, "TAC  C1": null, "PA C1 (EUR)": null, "D C1 (EUR)": null, "TAC C2": null, "PA C2 (EUR)": null, "D C2 (EUR)": null, "TAC  C3": null, "PA C3 (EUR)": null, "D C3 (EUR)": null, "TAC C4": null, "PA C4 (EUR)": null, "D C4 (EUR)": null, "TAC F": null, "PAF (EUR)": null, "DF (EUR)": null, "TAC A": null, "PAA (EUR)": null, "DA (EUR)": null, "TAC C": null, "PAC (EUR)": null, "DC (EUR)": null, "TAC MI": null, "PAMI (EUR)": null, "DMI (EUR)": null, " TAC MP": null, "PAMP (EUR)": null, "DMP (EUR)": null }, "geometry": null },
{ "type": "Feature", "properties": { "Année": 2029, "Mois": "Avril", "UC": "UCT", "TAG": null, "NAP": null, "NAA": null, "NAC": null, "NAD": null, "TAR 1": null, "TAR 2": null, "TAR 1.1": null, "TAR 1.2": null, "TAR 2.1": null, "TAR 2.2": null, "TAA 1.1.1": null, "TAA 1.1.2": null, "TAA 1.1.3": null, "TAA 1.1.4": null, "TAA 1.2.1": null, "TAA 1.2.2": null, "TAA 1.2.3": null, "TAA 1.2.4": null, "TAA 2.1.1": null, "TAA 2.1.2": null, "TAA 2.1.3": null, "TAA 2.1.4": null, "TAA 2.2.1": null, "TAA 2.2.2": null, "TAA 2.2.3": null, "TAA 2.2.4": null, "DC": 3570353.05, "BT": 34500000, "TD": 0.10348849420289855, "BD 2024 (EUR)": 715524.94, "BD 2024 (%)": 0.020739853333333332, "BD 2025 (EUR)": 2758290.3, "BD 2025 (%)": 0.079950443478260858, "BD 2026 (EUR)": 96537.81, "BD 2026 (%)": 0.002798197391304348, "BD 2027 (EUR)": null, "BD 2027 (%)": null, "BD 2028 (EUR)": null, "BD 2028 (%)": null, "BD 2029 (EUR)": null, "BD 2029 (%)": null, "BD 2030 (EUR)": null, "BD 2030 (%)": null, "BD C1 (EUR)": null, "BD C1 (%)": null, "BD C2 (EUR)": null, "BD C2 (%)": null, "BD C3 (EUR)": null, "BD C3 (%)": null, "BD C4 (EUR)": null, "BD C4 (%)": null, "BDF (EUR)": null, "BDF (%)": null, "BDA (EUR)": null, "BDA (%)": null, "BDC (EUR)": null, "BDC (%)": null, "BDMI (EUR)": null, "BDMI (%)": null, "BDMP (EUR)": null, "BDMP (%)": null, "BDS (EUR)": null, "BDS (%)": null, "TAC": null, "PA (EUR)": null, "D (EUR)": null, "TAC  C1": null, "PA C1 (EUR)": null, "D C1 (EUR)": null, "TAC C2": null, "PA C2 (EUR)": null, "D C2 (EUR)": null, "TAC  C3": null, "PA C3 (EUR)": null, "D C3 (EUR)": null, "TAC C4": null, "PA C4 (EUR)": null, "D C4 (EUR)": null, "TAC F": null, "PAF (EUR)": null, "DF (EUR)": null, "TAC A": null, "PAA (EUR)": null, "DA (EUR)": null, "TAC C": null, "PAC (EUR)": null, "DC (EUR)": null, "TAC MI": null, "PAMI (EUR)": null, "DMI (EUR)": null, " TAC MP": null, "PAMP (EUR)": null, "DMP (EUR)": null }, "geometry": null },
{ "type": "Feature", "properties": { "Année": 2029, "Mois": "Mai", "UC": "UCT", "TAG": null, "NAP": null, "NAA": null, "NAC": null, "NAD": null, "TAR 1": null, "TAR 2": null, "TAR 1.1": null, "TAR 1.2": null, "TAR 2.1": null, "TAR 2.2": null, "TAA 1.1.1": null, "TAA 1.1.2": null, "TAA 1.1.3": null, "TAA 1.1.4": null, "TAA 1.2.1": null, "TAA 1.2.2": null, "TAA 1.2.3": null, "TAA 1.2.4": null, "TAA 2.1.1": null, "TAA 2.1.2": null, "TAA 2.1.3": null, "TAA 2.1.4": null, "TAA 2.2.1": null, "TAA 2.2.2": null, "TAA 2.2.3": null, "TAA 2.2.4": null, "DC": 3570353.05, "BT": 34500000, "TD": 0.10348849420289855, "BD 2024 (EUR)": 715524.94, "BD 2024 (%)": 0.020739853333333332, "BD 2025 (EUR)": 2758290.3, "BD 2025 (%)": 0.079950443478260858, "BD 2026 (EUR)": 96537.81, "BD 2026 (%)": 0.002798197391304348, "BD 2027 (EUR)": null, "BD 2027 (%)": null, "BD 2028 (EUR)": null, "BD 2028 (%)": null, "BD 2029 (EUR)": null, "BD 2029 (%)": null, "BD 2030 (EUR)": null, "BD 2030 (%)": null, "BD C1 (EUR)": null, "BD C1 (%)": null, "BD C2 (EUR)": null, "BD C2 (%)": null, "BD C3 (EUR)": null, "BD C3 (%)": null, "BD C4 (EUR)": null, "BD C4 (%)": null, "BDF (EUR)": null, "BDF (%)": null, "BDA (EUR)": null, "BDA (%)": null, "BDC (EUR)": null, "BDC (%)": null, "BDMI (EUR)": null, "BDMI (%)": null, "BDMP (EUR)": null, "BDMP (%)": null, "BDS (EUR)": null, "BDS (%)": null, "TAC": null, "PA (EUR)": null, "D (EUR)": null, "TAC  C1": null, "PA C1 (EUR)": null, "D C1 (EUR)": null, "TAC C2": null, "PA C2 (EUR)": null, "D C2 (EUR)": null, "TAC  C3": null, "PA C3 (EUR)": null, "D C3 (EUR)": null, "TAC C4": null, "PA C4 (EUR)": null, "D C4 (EUR)": null, "TAC F": null, "PAF (EUR)": null, "DF (EUR)": null, "TAC A": null, "PAA (EUR)": null, "DA (EUR)": null, "TAC C": null, "PAC (EUR)": null, "DC (EUR)": null, "TAC MI": null, "PAMI (EUR)": null, "DMI (EUR)": null, " TAC MP": null, "PAMP (EUR)": null, "DMP (EUR)": null }, "geometry": null },
{ "type": "Feature", "properties": { "Année": 2029, "Mois": "Juin", "UC": "UCT", "TAG": null, "NAP": null, "NAA": null, "NAC": null, "NAD": null, "TAR 1": null, "TAR 2": null, "TAR 1.1": null, "TAR 1.2": null, "TAR 2.1": null, "TAR 2.2": null, "TAA 1.1.1": null, "TAA 1.1.2": null, "TAA 1.1.3": null, "TAA 1.1.4": null, "TAA 1.2.1": null, "TAA 1.2.2": null, "TAA 1.2.3": null, "TAA 1.2.4": null, "TAA 2.1.1": null, "TAA 2.1.2": null, "TAA 2.1.3": null, "TAA 2.1.4": null, "TAA 2.2.1": null, "TAA 2.2.2": null, "TAA 2.2.3": null, "TAA 2.2.4": null, "DC": 3570353.05, "BT": 34500000, "TD": 0.10348849420289855, "BD 2024 (EUR)": 715524.94, "BD 2024 (%)": 0.020739853333333332, "BD 2025 (EUR)": 2758290.3, "BD 2025 (%)": 0.079950443478260858, "BD 2026 (EUR)": 96537.81, "BD 2026 (%)": 0.002798197391304348, "BD 2027 (EUR)": null, "BD 2027 (%)": null, "BD 2028 (EUR)": null, "BD 2028 (%)": null, "BD 2029 (EUR)": null, "BD 2029 (%)": null, "BD 2030 (EUR)": null, "BD 2030 (%)": null, "BD C1 (EUR)": null, "BD C1 (%)": null, "BD C2 (EUR)": null, "BD C2 (%)": null, "BD C3 (EUR)": null, "BD C3 (%)": null, "BD C4 (EUR)": null, "BD C4 (%)": null, "BDF (EUR)": null, "BDF (%)": null, "BDA (EUR)": null, "BDA (%)": null, "BDC (EUR)": null, "BDC (%)": null, "BDMI (EUR)": null, "BDMI (%)": null, "BDMP (EUR)": null, "BDMP (%)": null, "BDS (EUR)": null, "BDS (%)": null, "TAC": null, "PA (EUR)": null, "D (EUR)": null, "TAC  C1": null, "PA C1 (EUR)": null, "D C1 (EUR)": null, "TAC C2": null, "PA C2 (EUR)": null, "D C2 (EUR)": null, "TAC  C3": null, "PA C3 (EUR)": null, "D C3 (EUR)": null, "TAC C4": null, "PA C4 (EUR)": null, "D C4 (EUR)": null, "TAC F": null, "PAF (EUR)": null, "DF (EUR)": null, "TAC A": null, "PAA (EUR)": null, "DA (EUR)": null, "TAC C": null, "PAC (EUR)": null, "DC (EUR)": null, "TAC MI": null, "PAMI (EUR)": null, "DMI (EUR)": null, " TAC MP": null, "PAMP (EUR)": null, "DMP (EUR)": null }, "geometry": null },
{ "type": "Feature", "properties": { "Année": 2029, "Mois": "Juillet", "UC": "UCT", "TAG": null, "NAP": null, "NAA": null, "NAC": null, "NAD": null, "TAR 1": null, "TAR 2": null, "TAR 1.1": null, "TAR 1.2": null, "TAR 2.1": null, "TAR 2.2": null, "TAA 1.1.1": null, "TAA 1.1.2": null, "TAA 1.1.3": null, "TAA 1.1.4": null, "TAA 1.2.1": null, "TAA 1.2.2": null, "TAA 1.2.3": null, "TAA 1.2.4": null, "TAA 2.1.1": null, "TAA 2.1.2": null, "TAA 2.1.3": null, "TAA 2.1.4": null, "TAA 2.2.1": null, "TAA 2.2.2": null, "TAA 2.2.3": null, "TAA 2.2.4": null, "DC": 3570353.05, "BT": 34500000, "TD": 0.10348849420289855, "BD 2024 (EUR)": 715524.94, "BD 2024 (%)": 0.020739853333333332, "BD 2025 (EUR)": 2758290.3, "BD 2025 (%)": 0.079950443478260858, "BD 2026 (EUR)": 96537.81, "BD 2026 (%)": 0.002798197391304348, "BD 2027 (EUR)": null, "BD 2027 (%)": null, "BD 2028 (EUR)": null, "BD 2028 (%)": null, "BD 2029 (EUR)": null, "BD 2029 (%)": null, "BD 2030 (EUR)": null, "BD 2030 (%)": null, "BD C1 (EUR)": null, "BD C1 (%)": null, "BD C2 (EUR)": null, "BD C2 (%)": null, "BD C3 (EUR)": null, "BD C3 (%)": null, "BD C4 (EUR)": null, "BD C4 (%)": null, "BDF (EUR)": null, "BDF (%)": null, "BDA (EUR)": null, "BDA (%)": null, "BDC (EUR)": null, "BDC (%)": null, "BDMI (EUR)": null, "BDMI (%)": null, "BDMP (EUR)": null, "BDMP (%)": null, "BDS (EUR)": null, "BDS (%)": null, "TAC": null, "PA (EUR)": null, "D (EUR)": null, "TAC  C1": null, "PA C1 (EUR)": null, "D C1 (EUR)": null, "TAC C2": null, "PA C2 (EUR)": null, "D C2 (EUR)": null, "TAC  C3": null, "PA C3 (EUR)": null, "D C3 (EUR)": null, "TAC C4": null, "PA C4 (EUR)": null, "D C4 (EUR)": null, "TAC F": null, "PAF (EUR)": null, "DF (EUR)": null, "TAC A": null, "PAA (EUR)": null, "DA (EUR)": null, "TAC C": null, "PAC (EUR)": null, "DC (EUR)": null, "TAC MI": null, "PAMI (EUR)": null, "DMI (EUR)": null, " TAC MP": null, "PAMP (EUR)": null, "DMP (EUR)": null }, "geometry": null },
{ "type": "Feature", "properties": { "Année": 2029, "Mois": "Août", "UC": "UCT", "TAG": null, "NAP": null, "NAA": null, "NAC": null, "NAD": null, "TAR 1": null, "TAR 2": null, "TAR 1.1": null, "TAR 1.2": null, "TAR 2.1": null, "TAR 2.2": null, "TAA 1.1.1": null, "TAA 1.1.2": null, "TAA 1.1.3": null, "TAA 1.1.4": null, "TAA 1.2.1": null, "TAA 1.2.2": null, "TAA 1.2.3": null, "TAA 1.2.4": null, "TAA 2.1.1": null, "TAA 2.1.2": null, "TAA 2.1.3": null, "TAA 2.1.4": null, "TAA 2.2.1": null, "TAA 2.2.2": null, "TAA 2.2.3": null, "TAA 2.2.4": null, "DC": 3570353.05, "BT": 34500000, "TD": 0.10348849420289855, "BD 2024 (EUR)": 715524.94, "BD 2024 (%)": 0.020739853333333332, "BD 2025 (EUR)": 2758290.3, "BD 2025 (%)": 0.079950443478260858, "BD 2026 (EUR)": 96537.81, "BD 2026 (%)": 0.002798197391304348, "BD 2027 (EUR)": null, "BD 2027 (%)": null, "BD 2028 (EUR)": null, "BD 2028 (%)": null, "BD 2029 (EUR)": null, "BD 2029 (%)": null, "BD 2030 (EUR)": null, "BD 2030 (%)": null, "BD C1 (EUR)": null, "BD C1 (%)": null, "BD C2 (EUR)": null, "BD C2 (%)": null, "BD C3 (EUR)": null, "BD C3 (%)": null, "BD C4 (EUR)": null, "BD C4 (%)": null, "BDF (EUR)": null, "BDF (%)": null, "BDA (EUR)": null, "BDA (%)": null, "BDC (EUR)": null, "BDC (%)": null, "BDMI (EUR)": null, "BDMI (%)": null, "BDMP (EUR)": null, "BDMP (%)": null, "BDS (EUR)": null, "BDS (%)": null, "TAC": null, "PA (EUR)": null, "D (EUR)": null, "TAC  C1": null, "PA C1 (EUR)": null, "D C1 (EUR)": null, "TAC C2": null, "PA C2 (EUR)": null, "D C2 (EUR)": null, "TAC  C3": null, "PA C3 (EUR)": null, "D C3 (EUR)": null, "TAC C4": null, "PA C4 (EUR)": null, "D C4 (EUR)": null, "TAC F": null, "PAF (EUR)": null, "DF (EUR)": null, "TAC A": null, "PAA (EUR)": null, "DA (EUR)": null, "TAC C": null, "PAC (EUR)": null, "DC (EUR)": null, "TAC MI": null, "PAMI (EUR)": null, "DMI (EUR)": null, " TAC MP": null, "PAMP (EUR)": null, "DMP (EUR)": null }, "geometry": null },
{ "type": "Feature", "properties": { "Année": 2029, "Mois": "Septembre", "UC": "UCT", "TAG": null, "NAP": null, "NAA": null, "NAC": null, "NAD": null, "TAR 1": null, "TAR 2": null, "TAR 1.1": null, "TAR 1.2": null, "TAR 2.1": null, "TAR 2.2": null, "TAA 1.1.1": null, "TAA 1.1.2": null, "TAA 1.1.3": null, "TAA 1.1.4": null, "TAA 1.2.1": null, "TAA 1.2.2": null, "TAA 1.2.3": null, "TAA 1.2.4": null, "TAA 2.1.1": null, "TAA 2.1.2": null, "TAA 2.1.3": null, "TAA 2.1.4": null, "TAA 2.2.1": null, "TAA 2.2.2": null, "TAA 2.2.3": null, "TAA 2.2.4": null, "DC": 3570353.05, "BT": 34500000, "TD": 0.10348849420289855, "BD 2024 (EUR)": 715524.94, "BD 2024 (%)": 0.020739853333333332, "BD 2025 (EUR)": 2758290.3, "BD 2025 (%)": 0.079950443478260858, "BD 2026 (EUR)": 96537.81, "BD 2026 (%)": 0.002798197391304348, "BD 2027 (EUR)": null, "BD 2027 (%)": null, "BD 2028 (EUR)": null, "BD 2028 (%)": null, "BD 2029 (EUR)": null, "BD 2029 (%)": null, "BD 2030 (EUR)": null, "BD 2030 (%)": null, "BD C1 (EUR)": null, "BD C1 (%)": null, "BD C2 (EUR)": null, "BD C2 (%)": null, "BD C3 (EUR)": null, "BD C3 (%)": null, "BD C4 (EUR)": null, "BD C4 (%)": null, "BDF (EUR)": null, "BDF (%)": null, "BDA (EUR)": null, "BDA (%)": null, "BDC (EUR)": null, "BDC (%)": null, "BDMI (EUR)": null, "BDMI (%)": null, "BDMP (EUR)": null, "BDMP (%)": null, "BDS (EUR)": null, "BDS (%)": null, "TAC": null, "PA (EUR)": null, "D (EUR)": null, "TAC  C1": null, "PA C1 (EUR)": null, "D C1 (EUR)": null, "TAC C2": null, "PA C2 (EUR)": null, "D C2 (EUR)": null, "TAC  C3": null, "PA C3 (EUR)": null, "D C3 (EUR)": null, "TAC C4": null, "PA C4 (EUR)": null, "D C4 (EUR)": null, "TAC F": null, "PAF (EUR)": null, "DF (EUR)": null, "TAC A": null, "PAA (EUR)": null, "DA (EUR)": null, "TAC C": null, "PAC (EUR)": null, "DC (EUR)": null, "TAC MI": null, "PAMI (EUR)": null, "DMI (EUR)": null, " TAC MP": null, "PAMP (EUR)": null, "DMP (EUR)": null }, "geometry": null },
{ "type": "Feature", "properties": { "Année": 2029, "Mois": "Octobre", "UC": "UCT", "TAG": null, "NAP": null, "NAA": null, "NAC": null, "NAD": null, "TAR 1": null, "TAR 2": null, "TAR 1.1": null, "TAR 1.2": null, "TAR 2.1": null, "TAR 2.2": null, "TAA 1.1.1": null, "TAA 1.1.2": null, "TAA 1.1.3": null, "TAA 1.1.4": null, "TAA 1.2.1": null, "TAA 1.2.2": null, "TAA 1.2.3": null, "TAA 1.2.4": null, "TAA 2.1.1": null, "TAA 2.1.2": null, "TAA 2.1.3": null, "TAA 2.1.4": null, "TAA 2.2.1": null, "TAA 2.2.2": null, "TAA 2.2.3": null, "TAA 2.2.4": null, "DC": 3570353.05, "BT": 34500000, "TD": 0.10348849420289855, "BD 2024 (EUR)": 715524.94, "BD 2024 (%)": 0.020739853333333332, "BD 2025 (EUR)": 2758290.3, "BD 2025 (%)": 0.079950443478260858, "BD 2026 (EUR)": 96537.81, "BD 2026 (%)": 0.002798197391304348, "BD 2027 (EUR)": null, "BD 2027 (%)": null, "BD 2028 (EUR)": null, "BD 2028 (%)": null, "BD 2029 (EUR)": null, "BD 2029 (%)": null, "BD 2030 (EUR)": null, "BD 2030 (%)": null, "BD C1 (EUR)": null, "BD C1 (%)": null, "BD C2 (EUR)": null, "BD C2 (%)": null, "BD C3 (EUR)": null, "BD C3 (%)": null, "BD C4 (EUR)": null, "BD C4 (%)": null, "BDF (EUR)": null, "BDF (%)": null, "BDA (EUR)": null, "BDA (%)": null, "BDC (EUR)": null, "BDC (%)": null, "BDMI (EUR)": null, "BDMI (%)": null, "BDMP (EUR)": null, "BDMP (%)": null, "BDS (EUR)": null, "BDS (%)": null, "TAC": null, "PA (EUR)": null, "D (EUR)": null, "TAC  C1": null, "PA C1 (EUR)": null, "D C1 (EUR)": null, "TAC C2": null, "PA C2 (EUR)": null, "D C2 (EUR)": null, "TAC  C3": null, "PA C3 (EUR)": null, "D C3 (EUR)": null, "TAC C4": null, "PA C4 (EUR)": null, "D C4 (EUR)": null, "TAC F": null, "PAF (EUR)": null, "DF (EUR)": null, "TAC A": null, "PAA (EUR)": null, "DA (EUR)": null, "TAC C": null, "PAC (EUR)": null, "DC (EUR)": null, "TAC MI": null, "PAMI (EUR)": null, "DMI (EUR)": null, " TAC MP": null, "PAMP (EUR)": null, "DMP (EUR)": null }, "geometry": null },
{ "type": "Feature", "properties": { "Année": 2029, "Mois": "Novembre", "UC": "UCT", "TAG": null, "NAP": null, "NAA": null, "NAC": null, "NAD": null, "TAR 1": null, "TAR 2": null, "TAR 1.1": null, "TAR 1.2": null, "TAR 2.1": null, "TAR 2.2": null, "TAA 1.1.1": null, "TAA 1.1.2": null, "TAA 1.1.3": null, "TAA 1.1.4": null, "TAA 1.2.1": null, "TAA 1.2.2": null, "TAA 1.2.3": null, "TAA 1.2.4": null, "TAA 2.1.1": null, "TAA 2.1.2": null, "TAA 2.1.3": null, "TAA 2.1.4": null, "TAA 2.2.1": null, "TAA 2.2.2": null, "TAA 2.2.3": null, "TAA 2.2.4": null, "DC": 3570353.05, "BT": 34500000, "TD": 0.10348849420289855, "BD 2024 (EUR)": 715524.94, "BD 2024 (%)": 0.020739853333333332, "BD 2025 (EUR)": 2758290.3, "BD 2025 (%)": 0.079950443478260858, "BD 2026 (EUR)": 96537.81, "BD 2026 (%)": 0.002798197391304348, "BD 2027 (EUR)": null, "BD 2027 (%)": null, "BD 2028 (EUR)": null, "BD 2028 (%)": null, "BD 2029 (EUR)": null, "BD 2029 (%)": null, "BD 2030 (EUR)": null, "BD 2030 (%)": null, "BD C1 (EUR)": null, "BD C1 (%)": null, "BD C2 (EUR)": null, "BD C2 (%)": null, "BD C3 (EUR)": null, "BD C3 (%)": null, "BD C4 (EUR)": null, "BD C4 (%)": null, "BDF (EUR)": null, "BDF (%)": null, "BDA (EUR)": null, "BDA (%)": null, "BDC (EUR)": null, "BDC (%)": null, "BDMI (EUR)": null, "BDMI (%)": null, "BDMP (EUR)": null, "BDMP (%)": null, "BDS (EUR)": null, "BDS (%)": null, "TAC": null, "PA (EUR)": null, "D (EUR)": null, "TAC  C1": null, "PA C1 (EUR)": null, "D C1 (EUR)": null, "TAC C2": null, "PA C2 (EUR)": null, "D C2 (EUR)": null, "TAC  C3": null, "PA C3 (EUR)": null, "D C3 (EUR)": null, "TAC C4": null, "PA C4 (EUR)": null, "D C4 (EUR)": null, "TAC F": null, "PAF (EUR)": null, "DF (EUR)": null, "TAC A": null, "PAA (EUR)": null, "DA (EUR)": null, "TAC C": null, "PAC (EUR)": null, "DC (EUR)": null, "TAC MI": null, "PAMI (EUR)": null, "DMI (EUR)": null, " TAC MP": null, "PAMP (EUR)": null, "DMP (EUR)": null }, "geometry": null },
{ "type": "Feature", "properties": { "Année": 2029, "Mois": "Décembre", "UC": "UCT", "TAG": null, "NAP": null, "NAA": null, "NAC": null, "NAD": null, "TAR 1": null, "TAR 2": null, "TAR 1.1": null, "TAR 1.2": null, "TAR 2.1": null, "TAR 2.2": null, "TAA 1.1.1": null, "TAA 1.1.2": null, "TAA 1.1.3": null, "TAA 1.1.4": null, "TAA 1.2.1": null, "TAA 1.2.2": null, "TAA 1.2.3": null, "TAA 1.2.4": null, "TAA 2.1.1": null, "TAA 2.1.2": null, "TAA 2.1.3": null, "TAA 2.1.4": null, "TAA 2.2.1": null, "TAA 2.2.2": null, "TAA 2.2.3": null, "TAA 2.2.4": null, "DC": 3570353.05, "BT": 34500000, "TD": 0.10348849420289855, "BD 2024 (EUR)": 715524.94, "BD 2024 (%)": 0.020739853333333332, "BD 2025 (EUR)": 2758290.3, "BD 2025 (%)": 0.079950443478260858, "BD 2026 (EUR)": 96537.81, "BD 2026 (%)": 0.002798197391304348, "BD 2027 (EUR)": null, "BD 2027 (%)": null, "BD 2028 (EUR)": null, "BD 2028 (%)": null, "BD 2029 (EUR)": null, "BD 2029 (%)": null, "BD 2030 (EUR)": null, "BD 2030 (%)": null, "BD C1 (EUR)": null, "BD C1 (%)": null, "BD C2 (EUR)": null, "BD C2 (%)": null, "BD C3 (EUR)": null, "BD C3 (%)": null, "BD C4 (EUR)": null, "BD C4 (%)": null, "BDF (EUR)": null, "BDF (%)": null, "BDA (EUR)": null, "BDA (%)": null, "BDC (EUR)": null, "BDC (%)": null, "BDMI (EUR)": null, "BDMI (%)": null, "BDMP (EUR)": null, "BDMP (%)": null, "BDS (EUR)": null, "BDS (%)": null, "TAC": null, "PA (EUR)": null, "D (EUR)": null, "TAC  C1": null, "PA C1 (EUR)": null, "D C1 (EUR)": null, "TAC C2": null, "PA C2 (EUR)": null, "D C2 (EUR)": null, "TAC  C3": null, "PA C3 (EUR)": null, "D C3 (EUR)": null, "TAC C4": null, "PA C4 (EUR)": null, "D C4 (EUR)": null, "TAC F": null, "PAF (EUR)": null, "DF (EUR)": null, "TAC A": null, "PAA (EUR)": null, "DA (EUR)": null, "TAC C": null, "PAC (EUR)": null, "DC (EUR)": null, "TAC MI": null, "PAMI (EUR)": null, "DMI (EUR)": null, " TAC MP": null, "PAMP (EUR)": null, "DMP (EUR)": null }, "geometry": null },
{ "type": "Feature", "properties": { "Année": 2029, "Mois": "Janvier", "UC": "UCR-B", "TAG": null, "NAP": null, "NAA": null, "NAC": null, "NAD": null, "TAR 1": null, "TAR 2": null, "TAR 1.1": null, "TAR 1.2": null, "TAR 2.1": null, "TAR 2.2": null, "TAA 1.1.1": null, "TAA 1.1.2": null, "TAA 1.1.3": null, "TAA 1.1.4": null, "TAA 1.2.1": null, "TAA 1.2.2": null, "TAA 1.2.3": null, "TAA 1.2.4": null, "TAA 2.1.1": null, "TAA 2.1.2": null, "TAA 2.1.3": null, "TAA 2.1.4": null, "TAA 2.2.1": null, "TAA 2.2.2": null, "TAA 2.2.3": null, "TAA 2.2.4": null, "DC": 3570353.05, "BT": 34500000, "TD": 0.10348849420289855, "BD 2024 (EUR)": 715524.94, "BD 2024 (%)": 0.020739853333333332, "BD 2025 (EUR)": 2758290.3, "BD 2025 (%)": 0.079950443478260858, "BD 2026 (EUR)": 96537.81, "BD 2026 (%)": 0.002798197391304348, "BD 2027 (EUR)": null, "BD 2027 (%)": null, "BD 2028 (EUR)": null, "BD 2028 (%)": null, "BD 2029 (EUR)": null, "BD 2029 (%)": null, "BD 2030 (EUR)": null, "BD 2030 (%)": null, "BD C1 (EUR)": null, "BD C1 (%)": null, "BD C2 (EUR)": null, "BD C2 (%)": null, "BD C3 (EUR)": null, "BD C3 (%)": null, "BD C4 (EUR)": null, "BD C4 (%)": null, "BDF (EUR)": null, "BDF (%)": null, "BDA (EUR)": null, "BDA (%)": null, "BDC (EUR)": null, "BDC (%)": null, "BDMI (EUR)": null, "BDMI (%)": null, "BDMP (EUR)": null, "BDMP (%)": null, "BDS (EUR)": null, "BDS (%)": null, "TAC": null, "PA (EUR)": null, "D (EUR)": null, "TAC  C1": null, "PA C1 (EUR)": null, "D C1 (EUR)": null, "TAC C2": null, "PA C2 (EUR)": null, "D C2 (EUR)": null, "TAC  C3": null, "PA C3 (EUR)": null, "D C3 (EUR)": null, "TAC C4": null, "PA C4 (EUR)": null, "D C4 (EUR)": null, "TAC F": null, "PAF (EUR)": null, "DF (EUR)": null, "TAC A": null, "PAA (EUR)": null, "DA (EUR)": null, "TAC C": null, "PAC (EUR)": null, "DC (EUR)": null, "TAC MI": null, "PAMI (EUR)": null, "DMI (EUR)": null, " TAC MP": null, "PAMP (EUR)": null, "DMP (EUR)": null }, "geometry": null },
{ "type": "Feature", "properties": { "Année": 2029, "Mois": "Février", "UC": "UCR-B", "TAG": null, "NAP": null, "NAA": null, "NAC": null, "NAD": null, "TAR 1": null, "TAR 2": null, "TAR 1.1": null, "TAR 1.2": null, "TAR 2.1": null, "TAR 2.2": null, "TAA 1.1.1": null, "TAA 1.1.2": null, "TAA 1.1.3": null, "TAA 1.1.4": null, "TAA 1.2.1": null, "TAA 1.2.2": null, "TAA 1.2.3": null, "TAA 1.2.4": null, "TAA 2.1.1": null, "TAA 2.1.2": null, "TAA 2.1.3": null, "TAA 2.1.4": null, "TAA 2.2.1": null, "TAA 2.2.2": null, "TAA 2.2.3": null, "TAA 2.2.4": null, "DC": 3570353.05, "BT": 34500000, "TD": 0.10348849420289855, "BD 2024 (EUR)": 715524.94, "BD 2024 (%)": 0.020739853333333332, "BD 2025 (EUR)": 2758290.3, "BD 2025 (%)": 0.079950443478260858, "BD 2026 (EUR)": 96537.81, "BD 2026 (%)": 0.002798197391304348, "BD 2027 (EUR)": null, "BD 2027 (%)": null, "BD 2028 (EUR)": null, "BD 2028 (%)": null, "BD 2029 (EUR)": null, "BD 2029 (%)": null, "BD 2030 (EUR)": null, "BD 2030 (%)": null, "BD C1 (EUR)": null, "BD C1 (%)": null, "BD C2 (EUR)": null, "BD C2 (%)": null, "BD C3 (EUR)": null, "BD C3 (%)": null, "BD C4 (EUR)": null, "BD C4 (%)": null, "BDF (EUR)": null, "BDF (%)": null, "BDA (EUR)": null, "BDA (%)": null, "BDC (EUR)": null, "BDC (%)": null, "BDMI (EUR)": null, "BDMI (%)": null, "BDMP (EUR)": null, "BDMP (%)": null, "BDS (EUR)": null, "BDS (%)": null, "TAC": null, "PA (EUR)": null, "D (EUR)": null, "TAC  C1": null, "PA C1 (EUR)": null, "D C1 (EUR)": null, "TAC C2": null, "PA C2 (EUR)": null, "D C2 (EUR)": null, "TAC  C3": null, "PA C3 (EUR)": null, "D C3 (EUR)": null, "TAC C4": null, "PA C4 (EUR)": null, "D C4 (EUR)": null, "TAC F": null, "PAF (EUR)": null, "DF (EUR)": null, "TAC A": null, "PAA (EUR)": null, "DA (EUR)": null, "TAC C": null, "PAC (EUR)": null, "DC (EUR)": null, "TAC MI": null, "PAMI (EUR)": null, "DMI (EUR)": null, " TAC MP": null, "PAMP (EUR)": null, "DMP (EUR)": null }, "geometry": null },
{ "type": "Feature", "properties": { "Année": 2029, "Mois": "Mars", "UC": "UCR-B", "TAG": null, "NAP": null, "NAA": null, "NAC": null, "NAD": null, "TAR 1": null, "TAR 2": null, "TAR 1.1": null, "TAR 1.2": null, "TAR 2.1": null, "TAR 2.2": null, "TAA 1.1.1": null, "TAA 1.1.2": null, "TAA 1.1.3": null, "TAA 1.1.4": null, "TAA 1.2.1": null, "TAA 1.2.2": null, "TAA 1.2.3": null, "TAA 1.2.4": null, "TAA 2.1.1": null, "TAA 2.1.2": null, "TAA 2.1.3": null, "TAA 2.1.4": null, "TAA 2.2.1": null, "TAA 2.2.2": null, "TAA 2.2.3": null, "TAA 2.2.4": null, "DC": 3570353.05, "BT": 34500000, "TD": 0.10348849420289855, "BD 2024 (EUR)": 715524.94, "BD 2024 (%)": 0.020739853333333332, "BD 2025 (EUR)": 2758290.3, "BD 2025 (%)": 0.079950443478260858, "BD 2026 (EUR)": 96537.81, "BD 2026 (%)": 0.002798197391304348, "BD 2027 (EUR)": null, "BD 2027 (%)": null, "BD 2028 (EUR)": null, "BD 2028 (%)": null, "BD 2029 (EUR)": null, "BD 2029 (%)": null, "BD 2030 (EUR)": null, "BD 2030 (%)": null, "BD C1 (EUR)": null, "BD C1 (%)": null, "BD C2 (EUR)": null, "BD C2 (%)": null, "BD C3 (EUR)": null, "BD C3 (%)": null, "BD C4 (EUR)": null, "BD C4 (%)": null, "BDF (EUR)": null, "BDF (%)": null, "BDA (EUR)": null, "BDA (%)": null, "BDC (EUR)": null, "BDC (%)": null, "BDMI (EUR)": null, "BDMI (%)": null, "BDMP (EUR)": null, "BDMP (%)": null, "BDS (EUR)": null, "BDS (%)": null, "TAC": null, "PA (EUR)": null, "D (EUR)": null, "TAC  C1": null, "PA C1 (EUR)": null, "D C1 (EUR)": null, "TAC C2": null, "PA C2 (EUR)": null, "D C2 (EUR)": null, "TAC  C3": null, "PA C3 (EUR)": null, "D C3 (EUR)": null, "TAC C4": null, "PA C4 (EUR)": null, "D C4 (EUR)": null, "TAC F": null, "PAF (EUR)": null, "DF (EUR)": null, "TAC A": null, "PAA (EUR)": null, "DA (EUR)": null, "TAC C": null, "PAC (EUR)": null, "DC (EUR)": null, "TAC MI": null, "PAMI (EUR)": null, "DMI (EUR)": null, " TAC MP": null, "PAMP (EUR)": null, "DMP (EUR)": null }, "geometry": null },
{ "type": "Feature", "properties": { "Année": 2029, "Mois": "Avril", "UC": "UCR-B", "TAG": null, "NAP": null, "NAA": null, "NAC": null, "NAD": null, "TAR 1": null, "TAR 2": null, "TAR 1.1": null, "TAR 1.2": null, "TAR 2.1": null, "TAR 2.2": null, "TAA 1.1.1": null, "TAA 1.1.2": null, "TAA 1.1.3": null, "TAA 1.1.4": null, "TAA 1.2.1": null, "TAA 1.2.2": null, "TAA 1.2.3": null, "TAA 1.2.4": null, "TAA 2.1.1": null, "TAA 2.1.2": null, "TAA 2.1.3": null, "TAA 2.1.4": null, "TAA 2.2.1": null, "TAA 2.2.2": null, "TAA 2.2.3": null, "TAA 2.2.4": null, "DC": 3570353.05, "BT": 34500000, "TD": 0.10348849420289855, "BD 2024 (EUR)": 715524.94, "BD 2024 (%)": 0.020739853333333332, "BD 2025 (EUR)": 2758290.3, "BD 2025 (%)": 0.079950443478260858, "BD 2026 (EUR)": 96537.81, "BD 2026 (%)": 0.002798197391304348, "BD 2027 (EUR)": null, "BD 2027 (%)": null, "BD 2028 (EUR)": null, "BD 2028 (%)": null, "BD 2029 (EUR)": null, "BD 2029 (%)": null, "BD 2030 (EUR)": null, "BD 2030 (%)": null, "BD C1 (EUR)": null, "BD C1 (%)": null, "BD C2 (EUR)": null, "BD C2 (%)": null, "BD C3 (EUR)": null, "BD C3 (%)": null, "BD C4 (EUR)": null, "BD C4 (%)": null, "BDF (EUR)": null, "BDF (%)": null, "BDA (EUR)": null, "BDA (%)": null, "BDC (EUR)": null, "BDC (%)": null, "BDMI (EUR)": null, "BDMI (%)": null, "BDMP (EUR)": null, "BDMP (%)": null, "BDS (EUR)": null, "BDS (%)": null, "TAC": null, "PA (EUR)": null, "D (EUR)": null, "TAC  C1": null, "PA C1 (EUR)": null, "D C1 (EUR)": null, "TAC C2": null, "PA C2 (EUR)": null, "D C2 (EUR)": null, "TAC  C3": null, "PA C3 (EUR)": null, "D C3 (EUR)": null, "TAC C4": null, "PA C4 (EUR)": null, "D C4 (EUR)": null, "TAC F": null, "PAF (EUR)": null, "DF (EUR)": null, "TAC A": null, "PAA (EUR)": null, "DA (EUR)": null, "TAC C": null, "PAC (EUR)": null, "DC (EUR)": null, "TAC MI": null, "PAMI (EUR)": null, "DMI (EUR)": null, " TAC MP": null, "PAMP (EUR)": null, "DMP (EUR)": null }, "geometry": null },
{ "type": "Feature", "properties": { "Année": 2029, "Mois": "Mai", "UC": "UCR-B", "TAG": null, "NAP": null, "NAA": null, "NAC": null, "NAD": null, "TAR 1": null, "TAR 2": null, "TAR 1.1": null, "TAR 1.2": null, "TAR 2.1": null, "TAR 2.2": null, "TAA 1.1.1": null, "TAA 1.1.2": null, "TAA 1.1.3": null, "TAA 1.1.4": null, "TAA 1.2.1": null, "TAA 1.2.2": null, "TAA 1.2.3": null, "TAA 1.2.4": null, "TAA 2.1.1": null, "TAA 2.1.2": null, "TAA 2.1.3": null, "TAA 2.1.4": null, "TAA 2.2.1": null, "TAA 2.2.2": null, "TAA 2.2.3": null, "TAA 2.2.4": null, "DC": 3570353.05, "BT": 34500000, "TD": 0.10348849420289855, "BD 2024 (EUR)": 715524.94, "BD 2024 (%)": 0.020739853333333332, "BD 2025 (EUR)": 2758290.3, "BD 2025 (%)": 0.079950443478260858, "BD 2026 (EUR)": 96537.81, "BD 2026 (%)": 0.002798197391304348, "BD 2027 (EUR)": null, "BD 2027 (%)": null, "BD 2028 (EUR)": null, "BD 2028 (%)": null, "BD 2029 (EUR)": null, "BD 2029 (%)": null, "BD 2030 (EUR)": null, "BD 2030 (%)": null, "BD C1 (EUR)": null, "BD C1 (%)": null, "BD C2 (EUR)": null, "BD C2 (%)": null, "BD C3 (EUR)": null, "BD C3 (%)": null, "BD C4 (EUR)": null, "BD C4 (%)": null, "BDF (EUR)": null, "BDF (%)": null, "BDA (EUR)": null, "BDA (%)": null, "BDC (EUR)": null, "BDC (%)": null, "BDMI (EUR)": null, "BDMI (%)": null, "BDMP (EUR)": null, "BDMP (%)": null, "BDS (EUR)": null, "BDS (%)": null, "TAC": null, "PA (EUR)": null, "D (EUR)": null, "TAC  C1": null, "PA C1 (EUR)": null, "D C1 (EUR)": null, "TAC C2": null, "PA C2 (EUR)": null, "D C2 (EUR)": null, "TAC  C3": null, "PA C3 (EUR)": null, "D C3 (EUR)": null, "TAC C4": null, "PA C4 (EUR)": null, "D C4 (EUR)": null, "TAC F": null, "PAF (EUR)": null, "DF (EUR)": null, "TAC A": null, "PAA (EUR)": null, "DA (EUR)": null, "TAC C": null, "PAC (EUR)": null, "DC (EUR)": null, "TAC MI": null, "PAMI (EUR)": null, "DMI (EUR)": null, " TAC MP": null, "PAMP (EUR)": null, "DMP (EUR)": null }, "geometry": null },
{ "type": "Feature", "properties": { "Année": 2029, "Mois": "Juin", "UC": "UCR-B", "TAG": null, "NAP": null, "NAA": null, "NAC": null, "NAD": null, "TAR 1": null, "TAR 2": null, "TAR 1.1": null, "TAR 1.2": null, "TAR 2.1": null, "TAR 2.2": null, "TAA 1.1.1": null, "TAA 1.1.2": null, "TAA 1.1.3": null, "TAA 1.1.4": null, "TAA 1.2.1": null, "TAA 1.2.2": null, "TAA 1.2.3": null, "TAA 1.2.4": null, "TAA 2.1.1": null, "TAA 2.1.2": null, "TAA 2.1.3": null, "TAA 2.1.4": null, "TAA 2.2.1": null, "TAA 2.2.2": null, "TAA 2.2.3": null, "TAA 2.2.4": null, "DC": 3570353.05, "BT": 34500000, "TD": 0.10348849420289855, "BD 2024 (EUR)": 715524.94, "BD 2024 (%)": 0.020739853333333332, "BD 2025 (EUR)": 2758290.3, "BD 2025 (%)": 0.079950443478260858, "BD 2026 (EUR)": 96537.81, "BD 2026 (%)": 0.002798197391304348, "BD 2027 (EUR)": null, "BD 2027 (%)": null, "BD 2028 (EUR)": null, "BD 2028 (%)": null, "BD 2029 (EUR)": null, "BD 2029 (%)": null, "BD 2030 (EUR)": null, "BD 2030 (%)": null, "BD C1 (EUR)": null, "BD C1 (%)": null, "BD C2 (EUR)": null, "BD C2 (%)": null, "BD C3 (EUR)": null, "BD C3 (%)": null, "BD C4 (EUR)": null, "BD C4 (%)": null, "BDF (EUR)": null, "BDF (%)": null, "BDA (EUR)": null, "BDA (%)": null, "BDC (EUR)": null, "BDC (%)": null, "BDMI (EUR)": null, "BDMI (%)": null, "BDMP (EUR)": null, "BDMP (%)": null, "BDS (EUR)": null, "BDS (%)": null, "TAC": null, "PA (EUR)": null, "D (EUR)": null, "TAC  C1": null, "PA C1 (EUR)": null, "D C1 (EUR)": null, "TAC C2": null, "PA C2 (EUR)": null, "D C2 (EUR)": null, "TAC  C3": null, "PA C3 (EUR)": null, "D C3 (EUR)": null, "TAC C4": null, "PA C4 (EUR)": null, "D C4 (EUR)": null, "TAC F": null, "PAF (EUR)": null, "DF (EUR)": null, "TAC A": null, "PAA (EUR)": null, "DA (EUR)": null, "TAC C": null, "PAC (EUR)": null, "DC (EUR)": null, "TAC MI": null, "PAMI (EUR)": null, "DMI (EUR)": null, " TAC MP": null, "PAMP (EUR)": null, "DMP (EUR)": null }, "geometry": null },
{ "type": "Feature", "properties": { "Année": 2029, "Mois": "Juillet", "UC": "UCR-B", "TAG": null, "NAP": null, "NAA": null, "NAC": null, "NAD": null, "TAR 1": null, "TAR 2": null, "TAR 1.1": null, "TAR 1.2": null, "TAR 2.1": null, "TAR 2.2": null, "TAA 1.1.1": null, "TAA 1.1.2": null, "TAA 1.1.3": null, "TAA 1.1.4": null, "TAA 1.2.1": null, "TAA 1.2.2": null, "TAA 1.2.3": null, "TAA 1.2.4": null, "TAA 2.1.1": null, "TAA 2.1.2": null, "TAA 2.1.3": null, "TAA 2.1.4": null, "TAA 2.2.1": null, "TAA 2.2.2": null, "TAA 2.2.3": null, "TAA 2.2.4": null, "DC": 3570353.05, "BT": 34500000, "TD": 0.10348849420289855, "BD 2024 (EUR)": 715524.94, "BD 2024 (%)": 0.020739853333333332, "BD 2025 (EUR)": 2758290.3, "BD 2025 (%)": 0.079950443478260858, "BD 2026 (EUR)": 96537.81, "BD 2026 (%)": 0.002798197391304348, "BD 2027 (EUR)": null, "BD 2027 (%)": null, "BD 2028 (EUR)": null, "BD 2028 (%)": null, "BD 2029 (EUR)": null, "BD 2029 (%)": null, "BD 2030 (EUR)": null, "BD 2030 (%)": null, "BD C1 (EUR)": null, "BD C1 (%)": null, "BD C2 (EUR)": null, "BD C2 (%)": null, "BD C3 (EUR)": null, "BD C3 (%)": null, "BD C4 (EUR)": null, "BD C4 (%)": null, "BDF (EUR)": null, "BDF (%)": null, "BDA (EUR)": null, "BDA (%)": null, "BDC (EUR)": null, "BDC (%)": null, "BDMI (EUR)": null, "BDMI (%)": null, "BDMP (EUR)": null, "BDMP (%)": null, "BDS (EUR)": null, "BDS (%)": null, "TAC": null, "PA (EUR)": null, "D (EUR)": null, "TAC  C1": null, "PA C1 (EUR)": null, "D C1 (EUR)": null, "TAC C2": null, "PA C2 (EUR)": null, "D C2 (EUR)": null, "TAC  C3": null, "PA C3 (EUR)": null, "D C3 (EUR)": null, "TAC C4": null, "PA C4 (EUR)": null, "D C4 (EUR)": null, "TAC F": null, "PAF (EUR)": null, "DF (EUR)": null, "TAC A": null, "PAA (EUR)": null, "DA (EUR)": null, "TAC C": null, "PAC (EUR)": null, "DC (EUR)": null, "TAC MI": null, "PAMI (EUR)": null, "DMI (EUR)": null, " TAC MP": null, "PAMP (EUR)": null, "DMP (EUR)": null }, "geometry": null },
{ "type": "Feature", "properties": { "Année": 2029, "Mois": "Août", "UC": "UCR-B", "TAG": null, "NAP": null, "NAA": null, "NAC": null, "NAD": null, "TAR 1": null, "TAR 2": null, "TAR 1.1": null, "TAR 1.2": null, "TAR 2.1": null, "TAR 2.2": null, "TAA 1.1.1": null, "TAA 1.1.2": null, "TAA 1.1.3": null, "TAA 1.1.4": null, "TAA 1.2.1": null, "TAA 1.2.2": null, "TAA 1.2.3": null, "TAA 1.2.4": null, "TAA 2.1.1": null, "TAA 2.1.2": null, "TAA 2.1.3": null, "TAA 2.1.4": null, "TAA 2.2.1": null, "TAA 2.2.2": null, "TAA 2.2.3": null, "TAA 2.2.4": null, "DC": 3570353.05, "BT": 34500000, "TD": 0.10348849420289855, "BD 2024 (EUR)": 715524.94, "BD 2024 (%)": 0.020739853333333332, "BD 2025 (EUR)": 2758290.3, "BD 2025 (%)": 0.079950443478260858, "BD 2026 (EUR)": 96537.81, "BD 2026 (%)": 0.002798197391304348, "BD 2027 (EUR)": null, "BD 2027 (%)": null, "BD 2028 (EUR)": null, "BD 2028 (%)": null, "BD 2029 (EUR)": null, "BD 2029 (%)": null, "BD 2030 (EUR)": null, "BD 2030 (%)": null, "BD C1 (EUR)": null, "BD C1 (%)": null, "BD C2 (EUR)": null, "BD C2 (%)": null, "BD C3 (EUR)": null, "BD C3 (%)": null, "BD C4 (EUR)": null, "BD C4 (%)": null, "BDF (EUR)": null, "BDF (%)": null, "BDA (EUR)": null, "BDA (%)": null, "BDC (EUR)": null, "BDC (%)": null, "BDMI (EUR)": null, "BDMI (%)": null, "BDMP (EUR)": null, "BDMP (%)": null, "BDS (EUR)": null, "BDS (%)": null, "TAC": null, "PA (EUR)": null, "D (EUR)": null, "TAC  C1": null, "PA C1 (EUR)": null, "D C1 (EUR)": null, "TAC C2": null, "PA C2 (EUR)": null, "D C2 (EUR)": null, "TAC  C3": null, "PA C3 (EUR)": null, "D C3 (EUR)": null, "TAC C4": null, "PA C4 (EUR)": null, "D C4 (EUR)": null, "TAC F": null, "PAF (EUR)": null, "DF (EUR)": null, "TAC A": null, "PAA (EUR)": null, "DA (EUR)": null, "TAC C": null, "PAC (EUR)": null, "DC (EUR)": null, "TAC MI": null, "PAMI (EUR)": null, "DMI (EUR)": null, " TAC MP": null, "PAMP (EUR)": null, "DMP (EUR)": null }, "geometry": null },
{ "type": "Feature", "properties": { "Année": 2029, "Mois": "Septembre", "UC": "UCR-B", "TAG": null, "NAP": null, "NAA": null, "NAC": null, "NAD": null, "TAR 1": null, "TAR 2": null, "TAR 1.1": null, "TAR 1.2": null, "TAR 2.1": null, "TAR 2.2": null, "TAA 1.1.1": null, "TAA 1.1.2": null, "TAA 1.1.3": null, "TAA 1.1.4": null, "TAA 1.2.1": null, "TAA 1.2.2": null, "TAA 1.2.3": null, "TAA 1.2.4": null, "TAA 2.1.1": null, "TAA 2.1.2": null, "TAA 2.1.3": null, "TAA 2.1.4": null, "TAA 2.2.1": null, "TAA 2.2.2": null, "TAA 2.2.3": null, "TAA 2.2.4": null, "DC": 3570353.05, "BT": 34500000, "TD": 0.10348849420289855, "BD 2024 (EUR)": 715524.94, "BD 2024 (%)": 0.020739853333333332, "BD 2025 (EUR)": 2758290.3, "BD 2025 (%)": 0.079950443478260858, "BD 2026 (EUR)": 96537.81, "BD 2026 (%)": 0.002798197391304348, "BD 2027 (EUR)": null, "BD 2027 (%)": null, "BD 2028 (EUR)": null, "BD 2028 (%)": null, "BD 2029 (EUR)": null, "BD 2029 (%)": null, "BD 2030 (EUR)": null, "BD 2030 (%)": null, "BD C1 (EUR)": null, "BD C1 (%)": null, "BD C2 (EUR)": null, "BD C2 (%)": null, "BD C3 (EUR)": null, "BD C3 (%)": null, "BD C4 (EUR)": null, "BD C4 (%)": null, "BDF (EUR)": null, "BDF (%)": null, "BDA (EUR)": null, "BDA (%)": null, "BDC (EUR)": null, "BDC (%)": null, "BDMI (EUR)": null, "BDMI (%)": null, "BDMP (EUR)": null, "BDMP (%)": null, "BDS (EUR)": null, "BDS (%)": null, "TAC": null, "PA (EUR)": null, "D (EUR)": null, "TAC  C1": null, "PA C1 (EUR)": null, "D C1 (EUR)": null, "TAC C2": null, "PA C2 (EUR)": null, "D C2 (EUR)": null, "TAC  C3": null, "PA C3 (EUR)": null, "D C3 (EUR)": null, "TAC C4": null, "PA C4 (EUR)": null, "D C4 (EUR)": null, "TAC F": null, "PAF (EUR)": null, "DF (EUR)": null, "TAC A": null, "PAA (EUR)": null, "DA (EUR)": null, "TAC C": null, "PAC (EUR)": null, "DC (EUR)": null, "TAC MI": null, "PAMI (EUR)": null, "DMI (EUR)": null, " TAC MP": null, "PAMP (EUR)": null, "DMP (EUR)": null }, "geometry": null },
{ "type": "Feature", "properties": { "Année": 2029, "Mois": "Octobre", "UC": "UCR-B", "TAG": null, "NAP": null, "NAA": null, "NAC": null, "NAD": null, "TAR 1": null, "TAR 2": null, "TAR 1.1": null, "TAR 1.2": null, "TAR 2.1": null, "TAR 2.2": null, "TAA 1.1.1": null, "TAA 1.1.2": null, "TAA 1.1.3": null, "TAA 1.1.4": null, "TAA 1.2.1": null, "TAA 1.2.2": null, "TAA 1.2.3": null, "TAA 1.2.4": null, "TAA 2.1.1": null, "TAA 2.1.2": null, "TAA 2.1.3": null, "TAA 2.1.4": null, "TAA 2.2.1": null, "TAA 2.2.2": null, "TAA 2.2.3": null, "TAA 2.2.4": null, "DC": 3570353.05, "BT": 34500000, "TD": 0.10348849420289855, "BD 2024 (EUR)": 715524.94, "BD 2024 (%)": 0.020739853333333332, "BD 2025 (EUR)": 2758290.3, "BD 2025 (%)": 0.079950443478260858, "BD 2026 (EUR)": 96537.81, "BD 2026 (%)": 0.002798197391304348, "BD 2027 (EUR)": null, "BD 2027 (%)": null, "BD 2028 (EUR)": null, "BD 2028 (%)": null, "BD 2029 (EUR)": null, "BD 2029 (%)": null, "BD 2030 (EUR)": null, "BD 2030 (%)": null, "BD C1 (EUR)": null, "BD C1 (%)": null, "BD C2 (EUR)": null, "BD C2 (%)": null, "BD C3 (EUR)": null, "BD C3 (%)": null, "BD C4 (EUR)": null, "BD C4 (%)": null, "BDF (EUR)": null, "BDF (%)": null, "BDA (EUR)": null, "BDA (%)": null, "BDC (EUR)": null, "BDC (%)": null, "BDMI (EUR)": null, "BDMI (%)": null, "BDMP (EUR)": null, "BDMP (%)": null, "BDS (EUR)": null, "BDS (%)": null, "TAC": null, "PA (EUR)": null, "D (EUR)": null, "TAC  C1": null, "PA C1 (EUR)": null, "D C1 (EUR)": null, "TAC C2": null, "PA C2 (EUR)": null, "D C2 (EUR)": null, "TAC  C3": null, "PA C3 (EUR)": null, "D C3 (EUR)": null, "TAC C4": null, "PA C4 (EUR)": null, "D C4 (EUR)": null, "TAC F": null, "PAF (EUR)": null, "DF (EUR)": null, "TAC A": null, "PAA (EUR)": null, "DA (EUR)": null, "TAC C": null, "PAC (EUR)": null, "DC (EUR)": null, "TAC MI": null, "PAMI (EUR)": null, "DMI (EUR)": null, " TAC MP": null, "PAMP (EUR)": null, "DMP (EUR)": null }, "geometry": null },
{ "type": "Feature", "properties": { "Année": 2029, "Mois": "Novembre", "UC": "UCR-B", "TAG": null, "NAP": null, "NAA": null, "NAC": null, "NAD": null, "TAR 1": null, "TAR 2": null, "TAR 1.1": null, "TAR 1.2": null, "TAR 2.1": null, "TAR 2.2": null, "TAA 1.1.1": null, "TAA 1.1.2": null, "TAA 1.1.3": null, "TAA 1.1.4": null, "TAA 1.2.1": null, "TAA 1.2.2": null, "TAA 1.2.3": null, "TAA 1.2.4": null, "TAA 2.1.1": null, "TAA 2.1.2": null, "TAA 2.1.3": null, "TAA 2.1.4": null, "TAA 2.2.1": null, "TAA 2.2.2": null, "TAA 2.2.3": null, "TAA 2.2.4": null, "DC": 3570353.05, "BT": 34500000, "TD": 0.10348849420289855, "BD 2024 (EUR)": 715524.94, "BD 2024 (%)": 0.020739853333333332, "BD 2025 (EUR)": 2758290.3, "BD 2025 (%)": 0.079950443478260858, "BD 2026 (EUR)": 96537.81, "BD 2026 (%)": 0.002798197391304348, "BD 2027 (EUR)": null, "BD 2027 (%)": null, "BD 2028 (EUR)": null, "BD 2028 (%)": null, "BD 2029 (EUR)": null, "BD 2029 (%)": null, "BD 2030 (EUR)": null, "BD 2030 (%)": null, "BD C1 (EUR)": null, "BD C1 (%)": null, "BD C2 (EUR)": null, "BD C2 (%)": null, "BD C3 (EUR)": null, "BD C3 (%)": null, "BD C4 (EUR)": null, "BD C4 (%)": null, "BDF (EUR)": null, "BDF (%)": null, "BDA (EUR)": null, "BDA (%)": null, "BDC (EUR)": null, "BDC (%)": null, "BDMI (EUR)": null, "BDMI (%)": null, "BDMP (EUR)": null, "BDMP (%)": null, "BDS (EUR)": null, "BDS (%)": null, "TAC": null, "PA (EUR)": null, "D (EUR)": null, "TAC  C1": null, "PA C1 (EUR)": null, "D C1 (EUR)": null, "TAC C2": null, "PA C2 (EUR)": null, "D C2 (EUR)": null, "TAC  C3": null, "PA C3 (EUR)": null, "D C3 (EUR)": null, "TAC C4": null, "PA C4 (EUR)": null, "D C4 (EUR)": null, "TAC F": null, "PAF (EUR)": null, "DF (EUR)": null, "TAC A": null, "PAA (EUR)": null, "DA (EUR)": null, "TAC C": null, "PAC (EUR)": null, "DC (EUR)": null, "TAC MI": null, "PAMI (EUR)": null, "DMI (EUR)": null, " TAC MP": null, "PAMP (EUR)": null, "DMP (EUR)": null }, "geometry": null },
{ "type": "Feature", "properties": { "Année": 2029, "Mois": "Décembre", "UC": "UCR-B", "TAG": null, "NAP": null, "NAA": null, "NAC": null, "NAD": null, "TAR 1": null, "TAR 2": null, "TAR 1.1": null, "TAR 1.2": null, "TAR 2.1": null, "TAR 2.2": null, "TAA 1.1.1": null, "TAA 1.1.2": null, "TAA 1.1.3": null, "TAA 1.1.4": null, "TAA 1.2.1": null, "TAA 1.2.2": null, "TAA 1.2.3": null, "TAA 1.2.4": null, "TAA 2.1.1": null, "TAA 2.1.2": null, "TAA 2.1.3": null, "TAA 2.1.4": null, "TAA 2.2.1": null, "TAA 2.2.2": null, "TAA 2.2.3": null, "TAA 2.2.4": null, "DC": 3570353.05, "BT": 34500000, "TD": 0.10348849420289855, "BD 2024 (EUR)": 715524.94, "BD 2024 (%)": 0.020739853333333332, "BD 2025 (EUR)": 2758290.3, "BD 2025 (%)": 0.079950443478260858, "BD 2026 (EUR)": 96537.81, "BD 2026 (%)": 0.002798197391304348, "BD 2027 (EUR)": null, "BD 2027 (%)": null, "BD 2028 (EUR)": null, "BD 2028 (%)": null, "BD 2029 (EUR)": null, "BD 2029 (%)": null, "BD 2030 (EUR)": null, "BD 2030 (%)": null, "BD C1 (EUR)": null, "BD C1 (%)": null, "BD C2 (EUR)": null, "BD C2 (%)": null, "BD C3 (EUR)": null, "BD C3 (%)": null, "BD C4 (EUR)": null, "BD C4 (%)": null, "BDF (EUR)": null, "BDF (%)": null, "BDA (EUR)": null, "BDA (%)": null, "BDC (EUR)": null, "BDC (%)": null, "BDMI (EUR)": null, "BDMI (%)": null, "BDMP (EUR)": null, "BDMP (%)": null, "BDS (EUR)": null, "BDS (%)": null, "TAC": null, "PA (EUR)": null, "D (EUR)": null, "TAC  C1": null, "PA C1 (EUR)": null, "D C1 (EUR)": null, "TAC C2": null, "PA C2 (EUR)": null, "D C2 (EUR)": null, "TAC  C3": null, "PA C3 (EUR)": null, "D C3 (EUR)": null, "TAC C4": null, "PA C4 (EUR)": null, "D C4 (EUR)": null, "TAC F": null, "PAF (EUR)": null, "DF (EUR)": null, "TAC A": null, "PAA (EUR)": null, "DA (EUR)": null, "TAC C": null, "PAC (EUR)": null, "DC (EUR)": null, "TAC MI": null, "PAMI (EUR)": null, "DMI (EUR)": null, " TAC MP": null, "PAMP (EUR)": null, "DMP (EUR)": null }, "geometry": null },
{ "type": "Feature", "properties": { "Année": 2029, "Mois": "Janvier", "UC": "UCR-D", "TAG": null, "NAP": null, "NAA": null, "NAC": null, "NAD": null, "TAR 1": null, "TAR 2": null, "TAR 1.1": null, "TAR 1.2": null, "TAR 2.1": null, "TAR 2.2": null, "TAA 1.1.1": null, "TAA 1.1.2": null, "TAA 1.1.3": null, "TAA 1.1.4": null, "TAA 1.2.1": null, "TAA 1.2.2": null, "TAA 1.2.3": null, "TAA 1.2.4": null, "TAA 2.1.1": null, "TAA 2.1.2": null, "TAA 2.1.3": null, "TAA 2.1.4": null, "TAA 2.2.1": null, "TAA 2.2.2": null, "TAA 2.2.3": null, "TAA 2.2.4": null, "DC": 3570353.05, "BT": 34500000, "TD": 0.10348849420289855, "BD 2024 (EUR)": 715524.94, "BD 2024 (%)": 0.020739853333333332, "BD 2025 (EUR)": 2758290.3, "BD 2025 (%)": 0.079950443478260858, "BD 2026 (EUR)": 96537.81, "BD 2026 (%)": 0.002798197391304348, "BD 2027 (EUR)": null, "BD 2027 (%)": null, "BD 2028 (EUR)": null, "BD 2028 (%)": null, "BD 2029 (EUR)": null, "BD 2029 (%)": null, "BD 2030 (EUR)": null, "BD 2030 (%)": null, "BD C1 (EUR)": null, "BD C1 (%)": null, "BD C2 (EUR)": null, "BD C2 (%)": null, "BD C3 (EUR)": null, "BD C3 (%)": null, "BD C4 (EUR)": null, "BD C4 (%)": null, "BDF (EUR)": null, "BDF (%)": null, "BDA (EUR)": null, "BDA (%)": null, "BDC (EUR)": null, "BDC (%)": null, "BDMI (EUR)": null, "BDMI (%)": null, "BDMP (EUR)": null, "BDMP (%)": null, "BDS (EUR)": null, "BDS (%)": null, "TAC": null, "PA (EUR)": null, "D (EUR)": null, "TAC  C1": null, "PA C1 (EUR)": null, "D C1 (EUR)": null, "TAC C2": null, "PA C2 (EUR)": null, "D C2 (EUR)": null, "TAC  C3": null, "PA C3 (EUR)": null, "D C3 (EUR)": null, "TAC C4": null, "PA C4 (EUR)": null, "D C4 (EUR)": null, "TAC F": null, "PAF (EUR)": null, "DF (EUR)": null, "TAC A": null, "PAA (EUR)": null, "DA (EUR)": null, "TAC C": null, "PAC (EUR)": null, "DC (EUR)": null, "TAC MI": null, "PAMI (EUR)": null, "DMI (EUR)": null, " TAC MP": null, "PAMP (EUR)": null, "DMP (EUR)": null }, "geometry": null },
{ "type": "Feature", "properties": { "Année": 2029, "Mois": "Février", "UC": "UCR-D", "TAG": null, "NAP": null, "NAA": null, "NAC": null, "NAD": null, "TAR 1": null, "TAR 2": null, "TAR 1.1": null, "TAR 1.2": null, "TAR 2.1": null, "TAR 2.2": null, "TAA 1.1.1": null, "TAA 1.1.2": null, "TAA 1.1.3": null, "TAA 1.1.4": null, "TAA 1.2.1": null, "TAA 1.2.2": null, "TAA 1.2.3": null, "TAA 1.2.4": null, "TAA 2.1.1": null, "TAA 2.1.2": null, "TAA 2.1.3": null, "TAA 2.1.4": null, "TAA 2.2.1": null, "TAA 2.2.2": null, "TAA 2.2.3": null, "TAA 2.2.4": null, "DC": 3570353.05, "BT": 34500000, "TD": 0.10348849420289855, "BD 2024 (EUR)": 715524.94, "BD 2024 (%)": 0.020739853333333332, "BD 2025 (EUR)": 2758290.3, "BD 2025 (%)": 0.079950443478260858, "BD 2026 (EUR)": 96537.81, "BD 2026 (%)": 0.002798197391304348, "BD 2027 (EUR)": null, "BD 2027 (%)": null, "BD 2028 (EUR)": null, "BD 2028 (%)": null, "BD 2029 (EUR)": null, "BD 2029 (%)": null, "BD 2030 (EUR)": null, "BD 2030 (%)": null, "BD C1 (EUR)": null, "BD C1 (%)": null, "BD C2 (EUR)": null, "BD C2 (%)": null, "BD C3 (EUR)": null, "BD C3 (%)": null, "BD C4 (EUR)": null, "BD C4 (%)": null, "BDF (EUR)": null, "BDF (%)": null, "BDA (EUR)": null, "BDA (%)": null, "BDC (EUR)": null, "BDC (%)": null, "BDMI (EUR)": null, "BDMI (%)": null, "BDMP (EUR)": null, "BDMP (%)": null, "BDS (EUR)": null, "BDS (%)": null, "TAC": null, "PA (EUR)": null, "D (EUR)": null, "TAC  C1": null, "PA C1 (EUR)": null, "D C1 (EUR)": null, "TAC C2": null, "PA C2 (EUR)": null, "D C2 (EUR)": null, "TAC  C3": null, "PA C3 (EUR)": null, "D C3 (EUR)": null, "TAC C4": null, "PA C4 (EUR)": null, "D C4 (EUR)": null, "TAC F": null, "PAF (EUR)": null, "DF (EUR)": null, "TAC A": null, "PAA (EUR)": null, "DA (EUR)": null, "TAC C": null, "PAC (EUR)": null, "DC (EUR)": null, "TAC MI": null, "PAMI (EUR)": null, "DMI (EUR)": null, " TAC MP": null, "PAMP (EUR)": null, "DMP (EUR)": null }, "geometry": null },
{ "type": "Feature", "properties": { "Année": 2029, "Mois": "Mars", "UC": "UCR-D", "TAG": null, "NAP": null, "NAA": null, "NAC": null, "NAD": null, "TAR 1": null, "TAR 2": null, "TAR 1.1": null, "TAR 1.2": null, "TAR 2.1": null, "TAR 2.2": null, "TAA 1.1.1": null, "TAA 1.1.2": null, "TAA 1.1.3": null, "TAA 1.1.4": null, "TAA 1.2.1": null, "TAA 1.2.2": null, "TAA 1.2.3": null, "TAA 1.2.4": null, "TAA 2.1.1": null, "TAA 2.1.2": null, "TAA 2.1.3": null, "TAA 2.1.4": null, "TAA 2.2.1": null, "TAA 2.2.2": null, "TAA 2.2.3": null, "TAA 2.2.4": null, "DC": 3570353.05, "BT": 34500000, "TD": 0.10348849420289855, "BD 2024 (EUR)": 715524.94, "BD 2024 (%)": 0.020739853333333332, "BD 2025 (EUR)": 2758290.3, "BD 2025 (%)": 0.079950443478260858, "BD 2026 (EUR)": 96537.81, "BD 2026 (%)": 0.002798197391304348, "BD 2027 (EUR)": null, "BD 2027 (%)": null, "BD 2028 (EUR)": null, "BD 2028 (%)": null, "BD 2029 (EUR)": null, "BD 2029 (%)": null, "BD 2030 (EUR)": null, "BD 2030 (%)": null, "BD C1 (EUR)": null, "BD C1 (%)": null, "BD C2 (EUR)": null, "BD C2 (%)": null, "BD C3 (EUR)": null, "BD C3 (%)": null, "BD C4 (EUR)": null, "BD C4 (%)": null, "BDF (EUR)": null, "BDF (%)": null, "BDA (EUR)": null, "BDA (%)": null, "BDC (EUR)": null, "BDC (%)": null, "BDMI (EUR)": null, "BDMI (%)": null, "BDMP (EUR)": null, "BDMP (%)": null, "BDS (EUR)": null, "BDS (%)": null, "TAC": null, "PA (EUR)": null, "D (EUR)": null, "TAC  C1": null, "PA C1 (EUR)": null, "D C1 (EUR)": null, "TAC C2": null, "PA C2 (EUR)": null, "D C2 (EUR)": null, "TAC  C3": null, "PA C3 (EUR)": null, "D C3 (EUR)": null, "TAC C4": null, "PA C4 (EUR)": null, "D C4 (EUR)": null, "TAC F": null, "PAF (EUR)": null, "DF (EUR)": null, "TAC A": null, "PAA (EUR)": null, "DA (EUR)": null, "TAC C": null, "PAC (EUR)": null, "DC (EUR)": null, "TAC MI": null, "PAMI (EUR)": null, "DMI (EUR)": null, " TAC MP": null, "PAMP (EUR)": null, "DMP (EUR)": null }, "geometry": null },
{ "type": "Feature", "properties": { "Année": 2029, "Mois": "Avril", "UC": "UCR-D", "TAG": null, "NAP": null, "NAA": null, "NAC": null, "NAD": null, "TAR 1": null, "TAR 2": null, "TAR 1.1": null, "TAR 1.2": null, "TAR 2.1": null, "TAR 2.2": null, "TAA 1.1.1": null, "TAA 1.1.2": null, "TAA 1.1.3": null, "TAA 1.1.4": null, "TAA 1.2.1": null, "TAA 1.2.2": null, "TAA 1.2.3": null, "TAA 1.2.4": null, "TAA 2.1.1": null, "TAA 2.1.2": null, "TAA 2.1.3": null, "TAA 2.1.4": null, "TAA 2.2.1": null, "TAA 2.2.2": null, "TAA 2.2.3": null, "TAA 2.2.4": null, "DC": 3570353.05, "BT": 34500000, "TD": 0.10348849420289855, "BD 2024 (EUR)": 715524.94, "BD 2024 (%)": 0.020739853333333332, "BD 2025 (EUR)": 2758290.3, "BD 2025 (%)": 0.079950443478260858, "BD 2026 (EUR)": 96537.81, "BD 2026 (%)": 0.002798197391304348, "BD 2027 (EUR)": null, "BD 2027 (%)": null, "BD 2028 (EUR)": null, "BD 2028 (%)": null, "BD 2029 (EUR)": null, "BD 2029 (%)": null, "BD 2030 (EUR)": null, "BD 2030 (%)": null, "BD C1 (EUR)": null, "BD C1 (%)": null, "BD C2 (EUR)": null, "BD C2 (%)": null, "BD C3 (EUR)": null, "BD C3 (%)": null, "BD C4 (EUR)": null, "BD C4 (%)": null, "BDF (EUR)": null, "BDF (%)": null, "BDA (EUR)": null, "BDA (%)": null, "BDC (EUR)": null, "BDC (%)": null, "BDMI (EUR)": null, "BDMI (%)": null, "BDMP (EUR)": null, "BDMP (%)": null, "BDS (EUR)": null, "BDS (%)": null, "TAC": null, "PA (EUR)": null, "D (EUR)": null, "TAC  C1": null, "PA C1 (EUR)": null, "D C1 (EUR)": null, "TAC C2": null, "PA C2 (EUR)": null, "D C2 (EUR)": null, "TAC  C3": null, "PA C3 (EUR)": null, "D C3 (EUR)": null, "TAC C4": null, "PA C4 (EUR)": null, "D C4 (EUR)": null, "TAC F": null, "PAF (EUR)": null, "DF (EUR)": null, "TAC A": null, "PAA (EUR)": null, "DA (EUR)": null, "TAC C": null, "PAC (EUR)": null, "DC (EUR)": null, "TAC MI": null, "PAMI (EUR)": null, "DMI (EUR)": null, " TAC MP": null, "PAMP (EUR)": null, "DMP (EUR)": null }, "geometry": null },
{ "type": "Feature", "properties": { "Année": 2029, "Mois": "Mai", "UC": "UCR-D", "TAG": null, "NAP": null, "NAA": null, "NAC": null, "NAD": null, "TAR 1": null, "TAR 2": null, "TAR 1.1": null, "TAR 1.2": null, "TAR 2.1": null, "TAR 2.2": null, "TAA 1.1.1": null, "TAA 1.1.2": null, "TAA 1.1.3": null, "TAA 1.1.4": null, "TAA 1.2.1": null, "TAA 1.2.2": null, "TAA 1.2.3": null, "TAA 1.2.4": null, "TAA 2.1.1": null, "TAA 2.1.2": null, "TAA 2.1.3": null, "TAA 2.1.4": null, "TAA 2.2.1": null, "TAA 2.2.2": null, "TAA 2.2.3": null, "TAA 2.2.4": null, "DC": 3570353.05, "BT": 34500000, "TD": 0.10348849420289855, "BD 2024 (EUR)": 715524.94, "BD 2024 (%)": 0.020739853333333332, "BD 2025 (EUR)": 2758290.3, "BD 2025 (%)": 0.079950443478260858, "BD 2026 (EUR)": 96537.81, "BD 2026 (%)": 0.002798197391304348, "BD 2027 (EUR)": null, "BD 2027 (%)": null, "BD 2028 (EUR)": null, "BD 2028 (%)": null, "BD 2029 (EUR)": null, "BD 2029 (%)": null, "BD 2030 (EUR)": null, "BD 2030 (%)": null, "BD C1 (EUR)": null, "BD C1 (%)": null, "BD C2 (EUR)": null, "BD C2 (%)": null, "BD C3 (EUR)": null, "BD C3 (%)": null, "BD C4 (EUR)": null, "BD C4 (%)": null, "BDF (EUR)": null, "BDF (%)": null, "BDA (EUR)": null, "BDA (%)": null, "BDC (EUR)": null, "BDC (%)": null, "BDMI (EUR)": null, "BDMI (%)": null, "BDMP (EUR)": null, "BDMP (%)": null, "BDS (EUR)": null, "BDS (%)": null, "TAC": null, "PA (EUR)": null, "D (EUR)": null, "TAC  C1": null, "PA C1 (EUR)": null, "D C1 (EUR)": null, "TAC C2": null, "PA C2 (EUR)": null, "D C2 (EUR)": null, "TAC  C3": null, "PA C3 (EUR)": null, "D C3 (EUR)": null, "TAC C4": null, "PA C4 (EUR)": null, "D C4 (EUR)": null, "TAC F": null, "PAF (EUR)": null, "DF (EUR)": null, "TAC A": null, "PAA (EUR)": null, "DA (EUR)": null, "TAC C": null, "PAC (EUR)": null, "DC (EUR)": null, "TAC MI": null, "PAMI (EUR)": null, "DMI (EUR)": null, " TAC MP": null, "PAMP (EUR)": null, "DMP (EUR)": null }, "geometry": null },
{ "type": "Feature", "properties": { "Année": 2029, "Mois": "Juin", "UC": "UCR-D", "TAG": null, "NAP": null, "NAA": null, "NAC": null, "NAD": null, "TAR 1": null, "TAR 2": null, "TAR 1.1": null, "TAR 1.2": null, "TAR 2.1": null, "TAR 2.2": null, "TAA 1.1.1": null, "TAA 1.1.2": null, "TAA 1.1.3": null, "TAA 1.1.4": null, "TAA 1.2.1": null, "TAA 1.2.2": null, "TAA 1.2.3": null, "TAA 1.2.4": null, "TAA 2.1.1": null, "TAA 2.1.2": null, "TAA 2.1.3": null, "TAA 2.1.4": null, "TAA 2.2.1": null, "TAA 2.2.2": null, "TAA 2.2.3": null, "TAA 2.2.4": null, "DC": 3570353.05, "BT": 34500000, "TD": 0.10348849420289855, "BD 2024 (EUR)": 715524.94, "BD 2024 (%)": 0.020739853333333332, "BD 2025 (EUR)": 2758290.3, "BD 2025 (%)": 0.079950443478260858, "BD 2026 (EUR)": 96537.81, "BD 2026 (%)": 0.002798197391304348, "BD 2027 (EUR)": null, "BD 2027 (%)": null, "BD 2028 (EUR)": null, "BD 2028 (%)": null, "BD 2029 (EUR)": null, "BD 2029 (%)": null, "BD 2030 (EUR)": null, "BD 2030 (%)": null, "BD C1 (EUR)": null, "BD C1 (%)": null, "BD C2 (EUR)": null, "BD C2 (%)": null, "BD C3 (EUR)": null, "BD C3 (%)": null, "BD C4 (EUR)": null, "BD C4 (%)": null, "BDF (EUR)": null, "BDF (%)": null, "BDA (EUR)": null, "BDA (%)": null, "BDC (EUR)": null, "BDC (%)": null, "BDMI (EUR)": null, "BDMI (%)": null, "BDMP (EUR)": null, "BDMP (%)": null, "BDS (EUR)": null, "BDS (%)": null, "TAC": null, "PA (EUR)": null, "D (EUR)": null, "TAC  C1": null, "PA C1 (EUR)": null, "D C1 (EUR)": null, "TAC C2": null, "PA C2 (EUR)": null, "D C2 (EUR)": null, "TAC  C3": null, "PA C3 (EUR)": null, "D C3 (EUR)": null, "TAC C4": null, "PA C4 (EUR)": null, "D C4 (EUR)": null, "TAC F": null, "PAF (EUR)": null, "DF (EUR)": null, "TAC A": null, "PAA (EUR)": null, "DA (EUR)": null, "TAC C": null, "PAC (EUR)": null, "DC (EUR)": null, "TAC MI": null, "PAMI (EUR)": null, "DMI (EUR)": null, " TAC MP": null, "PAMP (EUR)": null, "DMP (EUR)": null }, "geometry": null },
{ "type": "Feature", "properties": { "Année": 2029, "Mois": "Juillet", "UC": "UCR-D", "TAG": null, "NAP": null, "NAA": null, "NAC": null, "NAD": null, "TAR 1": null, "TAR 2": null, "TAR 1.1": null, "TAR 1.2": null, "TAR 2.1": null, "TAR 2.2": null, "TAA 1.1.1": null, "TAA 1.1.2": null, "TAA 1.1.3": null, "TAA 1.1.4": null, "TAA 1.2.1": null, "TAA 1.2.2": null, "TAA 1.2.3": null, "TAA 1.2.4": null, "TAA 2.1.1": null, "TAA 2.1.2": null, "TAA 2.1.3": null, "TAA 2.1.4": null, "TAA 2.2.1": null, "TAA 2.2.2": null, "TAA 2.2.3": null, "TAA 2.2.4": null, "DC": 3570353.05, "BT": 34500000, "TD": 0.10348849420289855, "BD 2024 (EUR)": 715524.94, "BD 2024 (%)": 0.020739853333333332, "BD 2025 (EUR)": 2758290.3, "BD 2025 (%)": 0.079950443478260858, "BD 2026 (EUR)": 96537.81, "BD 2026 (%)": 0.002798197391304348, "BD 2027 (EUR)": null, "BD 2027 (%)": null, "BD 2028 (EUR)": null, "BD 2028 (%)": null, "BD 2029 (EUR)": null, "BD 2029 (%)": null, "BD 2030 (EUR)": null, "BD 2030 (%)": null, "BD C1 (EUR)": null, "BD C1 (%)": null, "BD C2 (EUR)": null, "BD C2 (%)": null, "BD C3 (EUR)": null, "BD C3 (%)": null, "BD C4 (EUR)": null, "BD C4 (%)": null, "BDF (EUR)": null, "BDF (%)": null, "BDA (EUR)": null, "BDA (%)": null, "BDC (EUR)": null, "BDC (%)": null, "BDMI (EUR)": null, "BDMI (%)": null, "BDMP (EUR)": null, "BDMP (%)": null, "BDS (EUR)": null, "BDS (%)": null, "TAC": null, "PA (EUR)": null, "D (EUR)": null, "TAC  C1": null, "PA C1 (EUR)": null, "D C1 (EUR)": null, "TAC C2": null, "PA C2 (EUR)": null, "D C2 (EUR)": null, "TAC  C3": null, "PA C3 (EUR)": null, "D C3 (EUR)": null, "TAC C4": null, "PA C4 (EUR)": null, "D C4 (EUR)": null, "TAC F": null, "PAF (EUR)": null, "DF (EUR)": null, "TAC A": null, "PAA (EUR)": null, "DA (EUR)": null, "TAC C": null, "PAC (EUR)": null, "DC (EUR)": null, "TAC MI": null, "PAMI (EUR)": null, "DMI (EUR)": null, " TAC MP": null, "PAMP (EUR)": null, "DMP (EUR)": null }, "geometry": null },
{ "type": "Feature", "properties": { "Année": 2029, "Mois": "Août", "UC": "UCR-D", "TAG": null, "NAP": null, "NAA": null, "NAC": null, "NAD": null, "TAR 1": null, "TAR 2": null, "TAR 1.1": null, "TAR 1.2": null, "TAR 2.1": null, "TAR 2.2": null, "TAA 1.1.1": null, "TAA 1.1.2": null, "TAA 1.1.3": null, "TAA 1.1.4": null, "TAA 1.2.1": null, "TAA 1.2.2": null, "TAA 1.2.3": null, "TAA 1.2.4": null, "TAA 2.1.1": null, "TAA 2.1.2": null, "TAA 2.1.3": null, "TAA 2.1.4": null, "TAA 2.2.1": null, "TAA 2.2.2": null, "TAA 2.2.3": null, "TAA 2.2.4": null, "DC": 3570353.05, "BT": 34500000, "TD": 0.10348849420289855, "BD 2024 (EUR)": 715524.94, "BD 2024 (%)": 0.020739853333333332, "BD 2025 (EUR)": 2758290.3, "BD 2025 (%)": 0.079950443478260858, "BD 2026 (EUR)": 96537.81, "BD 2026 (%)": 0.002798197391304348, "BD 2027 (EUR)": null, "BD 2027 (%)": null, "BD 2028 (EUR)": null, "BD 2028 (%)": null, "BD 2029 (EUR)": null, "BD 2029 (%)": null, "BD 2030 (EUR)": null, "BD 2030 (%)": null, "BD C1 (EUR)": null, "BD C1 (%)": null, "BD C2 (EUR)": null, "BD C2 (%)": null, "BD C3 (EUR)": null, "BD C3 (%)": null, "BD C4 (EUR)": null, "BD C4 (%)": null, "BDF (EUR)": null, "BDF (%)": null, "BDA (EUR)": null, "BDA (%)": null, "BDC (EUR)": null, "BDC (%)": null, "BDMI (EUR)": null, "BDMI (%)": null, "BDMP (EUR)": null, "BDMP (%)": null, "BDS (EUR)": null, "BDS (%)": null, "TAC": null, "PA (EUR)": null, "D (EUR)": null, "TAC  C1": null, "PA C1 (EUR)": null, "D C1 (EUR)": null, "TAC C2": null, "PA C2 (EUR)": null, "D C2 (EUR)": null, "TAC  C3": null, "PA C3 (EUR)": null, "D C3 (EUR)": null, "TAC C4": null, "PA C4 (EUR)": null, "D C4 (EUR)": null, "TAC F": null, "PAF (EUR)": null, "DF (EUR)": null, "TAC A": null, "PAA (EUR)": null, "DA (EUR)": null, "TAC C": null, "PAC (EUR)": null, "DC (EUR)": null, "TAC MI": null, "PAMI (EUR)": null, "DMI (EUR)": null, " TAC MP": null, "PAMP (EUR)": null, "DMP (EUR)": null }, "geometry": null },
{ "type": "Feature", "properties": { "Année": 2029, "Mois": "Septembre", "UC": "UCR-D", "TAG": null, "NAP": null, "NAA": null, "NAC": null, "NAD": null, "TAR 1": null, "TAR 2": null, "TAR 1.1": null, "TAR 1.2": null, "TAR 2.1": null, "TAR 2.2": null, "TAA 1.1.1": null, "TAA 1.1.2": null, "TAA 1.1.3": null, "TAA 1.1.4": null, "TAA 1.2.1": null, "TAA 1.2.2": null, "TAA 1.2.3": null, "TAA 1.2.4": null, "TAA 2.1.1": null, "TAA 2.1.2": null, "TAA 2.1.3": null, "TAA 2.1.4": null, "TAA 2.2.1": null, "TAA 2.2.2": null, "TAA 2.2.3": null, "TAA 2.2.4": null, "DC": 3570353.05, "BT": 34500000, "TD": 0.10348849420289855, "BD 2024 (EUR)": 715524.94, "BD 2024 (%)": 0.020739853333333332, "BD 2025 (EUR)": 2758290.3, "BD 2025 (%)": 0.079950443478260858, "BD 2026 (EUR)": 96537.81, "BD 2026 (%)": 0.002798197391304348, "BD 2027 (EUR)": null, "BD 2027 (%)": null, "BD 2028 (EUR)": null, "BD 2028 (%)": null, "BD 2029 (EUR)": null, "BD 2029 (%)": null, "BD 2030 (EUR)": null, "BD 2030 (%)": null, "BD C1 (EUR)": null, "BD C1 (%)": null, "BD C2 (EUR)": null, "BD C2 (%)": null, "BD C3 (EUR)": null, "BD C3 (%)": null, "BD C4 (EUR)": null, "BD C4 (%)": null, "BDF (EUR)": null, "BDF (%)": null, "BDA (EUR)": null, "BDA (%)": null, "BDC (EUR)": null, "BDC (%)": null, "BDMI (EUR)": null, "BDMI (%)": null, "BDMP (EUR)": null, "BDMP (%)": null, "BDS (EUR)": null, "BDS (%)": null, "TAC": null, "PA (EUR)": null, "D (EUR)": null, "TAC  C1": null, "PA C1 (EUR)": null, "D C1 (EUR)": null, "TAC C2": null, "PA C2 (EUR)": null, "D C2 (EUR)": null, "TAC  C3": null, "PA C3 (EUR)": null, "D C3 (EUR)": null, "TAC C4": null, "PA C4 (EUR)": null, "D C4 (EUR)": null, "TAC F": null, "PAF (EUR)": null, "DF (EUR)": null, "TAC A": null, "PAA (EUR)": null, "DA (EUR)": null, "TAC C": null, "PAC (EUR)": null, "DC (EUR)": null, "TAC MI": null, "PAMI (EUR)": null, "DMI (EUR)": null, " TAC MP": null, "PAMP (EUR)": null, "DMP (EUR)": null }, "geometry": null },
{ "type": "Feature", "properties": { "Année": 2029, "Mois": "Octobre", "UC": "UCR-D", "TAG": null, "NAP": null, "NAA": null, "NAC": null, "NAD": null, "TAR 1": null, "TAR 2": null, "TAR 1.1": null, "TAR 1.2": null, "TAR 2.1": null, "TAR 2.2": null, "TAA 1.1.1": null, "TAA 1.1.2": null, "TAA 1.1.3": null, "TAA 1.1.4": null, "TAA 1.2.1": null, "TAA 1.2.2": null, "TAA 1.2.3": null, "TAA 1.2.4": null, "TAA 2.1.1": null, "TAA 2.1.2": null, "TAA 2.1.3": null, "TAA 2.1.4": null, "TAA 2.2.1": null, "TAA 2.2.2": null, "TAA 2.2.3": null, "TAA 2.2.4": null, "DC": 3570353.05, "BT": 34500000, "TD": 0.10348849420289855, "BD 2024 (EUR)": 715524.94, "BD 2024 (%)": 0.020739853333333332, "BD 2025 (EUR)": 2758290.3, "BD 2025 (%)": 0.079950443478260858, "BD 2026 (EUR)": 96537.81, "BD 2026 (%)": 0.002798197391304348, "BD 2027 (EUR)": null, "BD 2027 (%)": null, "BD 2028 (EUR)": null, "BD 2028 (%)": null, "BD 2029 (EUR)": null, "BD 2029 (%)": null, "BD 2030 (EUR)": null, "BD 2030 (%)": null, "BD C1 (EUR)": null, "BD C1 (%)": null, "BD C2 (EUR)": null, "BD C2 (%)": null, "BD C3 (EUR)": null, "BD C3 (%)": null, "BD C4 (EUR)": null, "BD C4 (%)": null, "BDF (EUR)": null, "BDF (%)": null, "BDA (EUR)": null, "BDA (%)": null, "BDC (EUR)": null, "BDC (%)": null, "BDMI (EUR)": null, "BDMI (%)": null, "BDMP (EUR)": null, "BDMP (%)": null, "BDS (EUR)": null, "BDS (%)": null, "TAC": null, "PA (EUR)": null, "D (EUR)": null, "TAC  C1": null, "PA C1 (EUR)": null, "D C1 (EUR)": null, "TAC C2": null, "PA C2 (EUR)": null, "D C2 (EUR)": null, "TAC  C3": null, "PA C3 (EUR)": null, "D C3 (EUR)": null, "TAC C4": null, "PA C4 (EUR)": null, "D C4 (EUR)": null, "TAC F": null, "PAF (EUR)": null, "DF (EUR)": null, "TAC A": null, "PAA (EUR)": null, "DA (EUR)": null, "TAC C": null, "PAC (EUR)": null, "DC (EUR)": null, "TAC MI": null, "PAMI (EUR)": null, "DMI (EUR)": null, " TAC MP": null, "PAMP (EUR)": null, "DMP (EUR)": null }, "geometry": null },
{ "type": "Feature", "properties": { "Année": 2029, "Mois": "Novembre", "UC": "UCR-D", "TAG": null, "NAP": null, "NAA": null, "NAC": null, "NAD": null, "TAR 1": null, "TAR 2": null, "TAR 1.1": null, "TAR 1.2": null, "TAR 2.1": null, "TAR 2.2": null, "TAA 1.1.1": null, "TAA 1.1.2": null, "TAA 1.1.3": null, "TAA 1.1.4": null, "TAA 1.2.1": null, "TAA 1.2.2": null, "TAA 1.2.3": null, "TAA 1.2.4": null, "TAA 2.1.1": null, "TAA 2.1.2": null, "TAA 2.1.3": null, "TAA 2.1.4": null, "TAA 2.2.1": null, "TAA 2.2.2": null, "TAA 2.2.3": null, "TAA 2.2.4": null, "DC": 3570353.05, "BT": 34500000, "TD": 0.10348849420289855, "BD 2024 (EUR)": 715524.94, "BD 2024 (%)": 0.020739853333333332, "BD 2025 (EUR)": 2758290.3, "BD 2025 (%)": 0.079950443478260858, "BD 2026 (EUR)": 96537.81, "BD 2026 (%)": 0.002798197391304348, "BD 2027 (EUR)": null, "BD 2027 (%)": null, "BD 2028 (EUR)": null, "BD 2028 (%)": null, "BD 2029 (EUR)": null, "BD 2029 (%)": null, "BD 2030 (EUR)": null, "BD 2030 (%)": null, "BD C1 (EUR)": null, "BD C1 (%)": null, "BD C2 (EUR)": null, "BD C2 (%)": null, "BD C3 (EUR)": null, "BD C3 (%)": null, "BD C4 (EUR)": null, "BD C4 (%)": null, "BDF (EUR)": null, "BDF (%)": null, "BDA (EUR)": null, "BDA (%)": null, "BDC (EUR)": null, "BDC (%)": null, "BDMI (EUR)": null, "BDMI (%)": null, "BDMP (EUR)": null, "BDMP (%)": null, "BDS (EUR)": null, "BDS (%)": null, "TAC": null, "PA (EUR)": null, "D (EUR)": null, "TAC  C1": null, "PA C1 (EUR)": null, "D C1 (EUR)": null, "TAC C2": null, "PA C2 (EUR)": null, "D C2 (EUR)": null, "TAC  C3": null, "PA C3 (EUR)": null, "D C3 (EUR)": null, "TAC C4": null, "PA C4 (EUR)": null, "D C4 (EUR)": null, "TAC F": null, "PAF (EUR)": null, "DF (EUR)": null, "TAC A": null, "PAA (EUR)": null, "DA (EUR)": null, "TAC C": null, "PAC (EUR)": null, "DC (EUR)": null, "TAC MI": null, "PAMI (EUR)": null, "DMI (EUR)": null, " TAC MP": null, "PAMP (EUR)": null, "DMP (EUR)": null }, "geometry": null },
{ "type": "Feature", "properties": { "Année": 2029, "Mois": "Décembre", "UC": "UCR-D", "TAG": null, "NAP": null, "NAA": null, "NAC": null, "NAD": null, "TAR 1": null, "TAR 2": null, "TAR 1.1": null, "TAR 1.2": null, "TAR 2.1": null, "TAR 2.2": null, "TAA 1.1.1": null, "TAA 1.1.2": null, "TAA 1.1.3": null, "TAA 1.1.4": null, "TAA 1.2.1": null, "TAA 1.2.2": null, "TAA 1.2.3": null, "TAA 1.2.4": null, "TAA 2.1.1": null, "TAA 2.1.2": null, "TAA 2.1.3": null, "TAA 2.1.4": null, "TAA 2.2.1": null, "TAA 2.2.2": null, "TAA 2.2.3": null, "TAA 2.2.4": null, "DC": 3570353.05, "BT": 34500000, "TD": 0.10348849420289855, "BD 2024 (EUR)": 715524.94, "BD 2024 (%)": 0.020739853333333332, "BD 2025 (EUR)": 2758290.3, "BD 2025 (%)": 0.079950443478260858, "BD 2026 (EUR)": 96537.81, "BD 2026 (%)": 0.002798197391304348, "BD 2027 (EUR)": null, "BD 2027 (%)": null, "BD 2028 (EUR)": null, "BD 2028 (%)": null, "BD 2029 (EUR)": null, "BD 2029 (%)": null, "BD 2030 (EUR)": null, "BD 2030 (%)": null, "BD C1 (EUR)": null, "BD C1 (%)": null, "BD C2 (EUR)": null, "BD C2 (%)": null, "BD C3 (EUR)": null, "BD C3 (%)": null, "BD C4 (EUR)": null, "BD C4 (%)": null, "BDF (EUR)": null, "BDF (%)": null, "BDA (EUR)": null, "BDA (%)": null, "BDC (EUR)": null, "BDC (%)": null, "BDMI (EUR)": null, "BDMI (%)": null, "BDMP (EUR)": null, "BDMP (%)": null, "BDS (EUR)": null, "BDS (%)": null, "TAC": null, "PA (EUR)": null, "D (EUR)": null, "TAC  C1": null, "PA C1 (EUR)": null, "D C1 (EUR)": null, "TAC C2": null, "PA C2 (EUR)": null, "D C2 (EUR)": null, "TAC  C3": null, "PA C3 (EUR)": null, "D C3 (EUR)": null, "TAC C4": null, "PA C4 (EUR)": null, "D C4 (EUR)": null, "TAC F": null, "PAF (EUR)": null, "DF (EUR)": null, "TAC A": null, "PAA (EUR)": null, "DA (EUR)": null, "TAC C": null, "PAC (EUR)": null, "DC (EUR)": null, "TAC MI": null, "PAMI (EUR)": null, "DMI (EUR)": null, " TAC MP": null, "PAMP (EUR)": null, "DMP (EUR)": null }, "geometry": null },
{ "type": "Feature", "properties": { "Année": 2029, "Mois": "Janvier", "UC": "UCR-A", "TAG": null, "NAP": null, "NAA": null, "NAC": null, "NAD": null, "TAR 1": null, "TAR 2": null, "TAR 1.1": null, "TAR 1.2": null, "TAR 2.1": null, "TAR 2.2": null, "TAA 1.1.1": null, "TAA 1.1.2": null, "TAA 1.1.3": null, "TAA 1.1.4": null, "TAA 1.2.1": null, "TAA 1.2.2": null, "TAA 1.2.3": null, "TAA 1.2.4": null, "TAA 2.1.1": null, "TAA 2.1.2": null, "TAA 2.1.3": null, "TAA 2.1.4": null, "TAA 2.2.1": null, "TAA 2.2.2": null, "TAA 2.2.3": null, "TAA 2.2.4": null, "DC": 3570353.05, "BT": 34500000, "TD": 0.10348849420289855, "BD 2024 (EUR)": 715524.94, "BD 2024 (%)": 0.020739853333333332, "BD 2025 (EUR)": 2758290.3, "BD 2025 (%)": 0.079950443478260858, "BD 2026 (EUR)": 96537.81, "BD 2026 (%)": 0.002798197391304348, "BD 2027 (EUR)": null, "BD 2027 (%)": null, "BD 2028 (EUR)": null, "BD 2028 (%)": null, "BD 2029 (EUR)": null, "BD 2029 (%)": null, "BD 2030 (EUR)": null, "BD 2030 (%)": null, "BD C1 (EUR)": null, "BD C1 (%)": null, "BD C2 (EUR)": null, "BD C2 (%)": null, "BD C3 (EUR)": null, "BD C3 (%)": null, "BD C4 (EUR)": null, "BD C4 (%)": null, "BDF (EUR)": null, "BDF (%)": null, "BDA (EUR)": null, "BDA (%)": null, "BDC (EUR)": null, "BDC (%)": null, "BDMI (EUR)": null, "BDMI (%)": null, "BDMP (EUR)": null, "BDMP (%)": null, "BDS (EUR)": null, "BDS (%)": null, "TAC": null, "PA (EUR)": null, "D (EUR)": null, "TAC  C1": null, "PA C1 (EUR)": null, "D C1 (EUR)": null, "TAC C2": null, "PA C2 (EUR)": null, "D C2 (EUR)": null, "TAC  C3": null, "PA C3 (EUR)": null, "D C3 (EUR)": null, "TAC C4": null, "PA C4 (EUR)": null, "D C4 (EUR)": null, "TAC F": null, "PAF (EUR)": null, "DF (EUR)": null, "TAC A": null, "PAA (EUR)": null, "DA (EUR)": null, "TAC C": null, "PAC (EUR)": null, "DC (EUR)": null, "TAC MI": null, "PAMI (EUR)": null, "DMI (EUR)": null, " TAC MP": null, "PAMP (EUR)": null, "DMP (EUR)": null }, "geometry": null },
{ "type": "Feature", "properties": { "Année": 2029, "Mois": "Février", "UC": "UCR-A", "TAG": null, "NAP": null, "NAA": null, "NAC": null, "NAD": null, "TAR 1": null, "TAR 2": null, "TAR 1.1": null, "TAR 1.2": null, "TAR 2.1": null, "TAR 2.2": null, "TAA 1.1.1": null, "TAA 1.1.2": null, "TAA 1.1.3": null, "TAA 1.1.4": null, "TAA 1.2.1": null, "TAA 1.2.2": null, "TAA 1.2.3": null, "TAA 1.2.4": null, "TAA 2.1.1": null, "TAA 2.1.2": null, "TAA 2.1.3": null, "TAA 2.1.4": null, "TAA 2.2.1": null, "TAA 2.2.2": null, "TAA 2.2.3": null, "TAA 2.2.4": null, "DC": 3570353.05, "BT": 34500000, "TD": 0.10348849420289855, "BD 2024 (EUR)": 715524.94, "BD 2024 (%)": 0.020739853333333332, "BD 2025 (EUR)": 2758290.3, "BD 2025 (%)": 0.079950443478260858, "BD 2026 (EUR)": 96537.81, "BD 2026 (%)": 0.002798197391304348, "BD 2027 (EUR)": null, "BD 2027 (%)": null, "BD 2028 (EUR)": null, "BD 2028 (%)": null, "BD 2029 (EUR)": null, "BD 2029 (%)": null, "BD 2030 (EUR)": null, "BD 2030 (%)": null, "BD C1 (EUR)": null, "BD C1 (%)": null, "BD C2 (EUR)": null, "BD C2 (%)": null, "BD C3 (EUR)": null, "BD C3 (%)": null, "BD C4 (EUR)": null, "BD C4 (%)": null, "BDF (EUR)": null, "BDF (%)": null, "BDA (EUR)": null, "BDA (%)": null, "BDC (EUR)": null, "BDC (%)": null, "BDMI (EUR)": null, "BDMI (%)": null, "BDMP (EUR)": null, "BDMP (%)": null, "BDS (EUR)": null, "BDS (%)": null, "TAC": null, "PA (EUR)": null, "D (EUR)": null, "TAC  C1": null, "PA C1 (EUR)": null, "D C1 (EUR)": null, "TAC C2": null, "PA C2 (EUR)": null, "D C2 (EUR)": null, "TAC  C3": null, "PA C3 (EUR)": null, "D C3 (EUR)": null, "TAC C4": null, "PA C4 (EUR)": null, "D C4 (EUR)": null, "TAC F": null, "PAF (EUR)": null, "DF (EUR)": null, "TAC A": null, "PAA (EUR)": null, "DA (EUR)": null, "TAC C": null, "PAC (EUR)": null, "DC (EUR)": null, "TAC MI": null, "PAMI (EUR)": null, "DMI (EUR)": null, " TAC MP": null, "PAMP (EUR)": null, "DMP (EUR)": null }, "geometry": null },
{ "type": "Feature", "properties": { "Année": 2029, "Mois": "Mars", "UC": "UCR-A", "TAG": null, "NAP": null, "NAA": null, "NAC": null, "NAD": null, "TAR 1": null, "TAR 2": null, "TAR 1.1": null, "TAR 1.2": null, "TAR 2.1": null, "TAR 2.2": null, "TAA 1.1.1": null, "TAA 1.1.2": null, "TAA 1.1.3": null, "TAA 1.1.4": null, "TAA 1.2.1": null, "TAA 1.2.2": null, "TAA 1.2.3": null, "TAA 1.2.4": null, "TAA 2.1.1": null, "TAA 2.1.2": null, "TAA 2.1.3": null, "TAA 2.1.4": null, "TAA 2.2.1": null, "TAA 2.2.2": null, "TAA 2.2.3": null, "TAA 2.2.4": null, "DC": 3570353.05, "BT": 34500000, "TD": 0.10348849420289855, "BD 2024 (EUR)": 715524.94, "BD 2024 (%)": 0.020739853333333332, "BD 2025 (EUR)": 2758290.3, "BD 2025 (%)": 0.079950443478260858, "BD 2026 (EUR)": 96537.81, "BD 2026 (%)": 0.002798197391304348, "BD 2027 (EUR)": null, "BD 2027 (%)": null, "BD 2028 (EUR)": null, "BD 2028 (%)": null, "BD 2029 (EUR)": null, "BD 2029 (%)": null, "BD 2030 (EUR)": null, "BD 2030 (%)": null, "BD C1 (EUR)": null, "BD C1 (%)": null, "BD C2 (EUR)": null, "BD C2 (%)": null, "BD C3 (EUR)": null, "BD C3 (%)": null, "BD C4 (EUR)": null, "BD C4 (%)": null, "BDF (EUR)": null, "BDF (%)": null, "BDA (EUR)": null, "BDA (%)": null, "BDC (EUR)": null, "BDC (%)": null, "BDMI (EUR)": null, "BDMI (%)": null, "BDMP (EUR)": null, "BDMP (%)": null, "BDS (EUR)": null, "BDS (%)": null, "TAC": null, "PA (EUR)": null, "D (EUR)": null, "TAC  C1": null, "PA C1 (EUR)": null, "D C1 (EUR)": null, "TAC C2": null, "PA C2 (EUR)": null, "D C2 (EUR)": null, "TAC  C3": null, "PA C3 (EUR)": null, "D C3 (EUR)": null, "TAC C4": null, "PA C4 (EUR)": null, "D C4 (EUR)": null, "TAC F": null, "PAF (EUR)": null, "DF (EUR)": null, "TAC A": null, "PAA (EUR)": null, "DA (EUR)": null, "TAC C": null, "PAC (EUR)": null, "DC (EUR)": null, "TAC MI": null, "PAMI (EUR)": null, "DMI (EUR)": null, " TAC MP": null, "PAMP (EUR)": null, "DMP (EUR)": null }, "geometry": null },
{ "type": "Feature", "properties": { "Année": 2029, "Mois": "Avril", "UC": "UCR-A", "TAG": null, "NAP": null, "NAA": null, "NAC": null, "NAD": null, "TAR 1": null, "TAR 2": null, "TAR 1.1": null, "TAR 1.2": null, "TAR 2.1": null, "TAR 2.2": null, "TAA 1.1.1": null, "TAA 1.1.2": null, "TAA 1.1.3": null, "TAA 1.1.4": null, "TAA 1.2.1": null, "TAA 1.2.2": null, "TAA 1.2.3": null, "TAA 1.2.4": null, "TAA 2.1.1": null, "TAA 2.1.2": null, "TAA 2.1.3": null, "TAA 2.1.4": null, "TAA 2.2.1": null, "TAA 2.2.2": null, "TAA 2.2.3": null, "TAA 2.2.4": null, "DC": 3570353.05, "BT": 34500000, "TD": 0.10348849420289855, "BD 2024 (EUR)": 715524.94, "BD 2024 (%)": 0.020739853333333332, "BD 2025 (EUR)": 2758290.3, "BD 2025 (%)": 0.079950443478260858, "BD 2026 (EUR)": 96537.81, "BD 2026 (%)": 0.002798197391304348, "BD 2027 (EUR)": null, "BD 2027 (%)": null, "BD 2028 (EUR)": null, "BD 2028 (%)": null, "BD 2029 (EUR)": null, "BD 2029 (%)": null, "BD 2030 (EUR)": null, "BD 2030 (%)": null, "BD C1 (EUR)": null, "BD C1 (%)": null, "BD C2 (EUR)": null, "BD C2 (%)": null, "BD C3 (EUR)": null, "BD C3 (%)": null, "BD C4 (EUR)": null, "BD C4 (%)": null, "BDF (EUR)": null, "BDF (%)": null, "BDA (EUR)": null, "BDA (%)": null, "BDC (EUR)": null, "BDC (%)": null, "BDMI (EUR)": null, "BDMI (%)": null, "BDMP (EUR)": null, "BDMP (%)": null, "BDS (EUR)": null, "BDS (%)": null, "TAC": null, "PA (EUR)": null, "D (EUR)": null, "TAC  C1": null, "PA C1 (EUR)": null, "D C1 (EUR)": null, "TAC C2": null, "PA C2 (EUR)": null, "D C2 (EUR)": null, "TAC  C3": null, "PA C3 (EUR)": null, "D C3 (EUR)": null, "TAC C4": null, "PA C4 (EUR)": null, "D C4 (EUR)": null, "TAC F": null, "PAF (EUR)": null, "DF (EUR)": null, "TAC A": null, "PAA (EUR)": null, "DA (EUR)": null, "TAC C": null, "PAC (EUR)": null, "DC (EUR)": null, "TAC MI": null, "PAMI (EUR)": null, "DMI (EUR)": null, " TAC MP": null, "PAMP (EUR)": null, "DMP (EUR)": null }, "geometry": null },
{ "type": "Feature", "properties": { "Année": 2029, "Mois": "Mai", "UC": "UCR-A", "TAG": null, "NAP": null, "NAA": null, "NAC": null, "NAD": null, "TAR 1": null, "TAR 2": null, "TAR 1.1": null, "TAR 1.2": null, "TAR 2.1": null, "TAR 2.2": null, "TAA 1.1.1": null, "TAA 1.1.2": null, "TAA 1.1.3": null, "TAA 1.1.4": null, "TAA 1.2.1": null, "TAA 1.2.2": null, "TAA 1.2.3": null, "TAA 1.2.4": null, "TAA 2.1.1": null, "TAA 2.1.2": null, "TAA 2.1.3": null, "TAA 2.1.4": null, "TAA 2.2.1": null, "TAA 2.2.2": null, "TAA 2.2.3": null, "TAA 2.2.4": null, "DC": 3570353.05, "BT": 34500000, "TD": 0.10348849420289855, "BD 2024 (EUR)": 715524.94, "BD 2024 (%)": 0.020739853333333332, "BD 2025 (EUR)": 2758290.3, "BD 2025 (%)": 0.079950443478260858, "BD 2026 (EUR)": 96537.81, "BD 2026 (%)": 0.002798197391304348, "BD 2027 (EUR)": null, "BD 2027 (%)": null, "BD 2028 (EUR)": null, "BD 2028 (%)": null, "BD 2029 (EUR)": null, "BD 2029 (%)": null, "BD 2030 (EUR)": null, "BD 2030 (%)": null, "BD C1 (EUR)": null, "BD C1 (%)": null, "BD C2 (EUR)": null, "BD C2 (%)": null, "BD C3 (EUR)": null, "BD C3 (%)": null, "BD C4 (EUR)": null, "BD C4 (%)": null, "BDF (EUR)": null, "BDF (%)": null, "BDA (EUR)": null, "BDA (%)": null, "BDC (EUR)": null, "BDC (%)": null, "BDMI (EUR)": null, "BDMI (%)": null, "BDMP (EUR)": null, "BDMP (%)": null, "BDS (EUR)": null, "BDS (%)": null, "TAC": null, "PA (EUR)": null, "D (EUR)": null, "TAC  C1": null, "PA C1 (EUR)": null, "D C1 (EUR)": null, "TAC C2": null, "PA C2 (EUR)": null, "D C2 (EUR)": null, "TAC  C3": null, "PA C3 (EUR)": null, "D C3 (EUR)": null, "TAC C4": null, "PA C4 (EUR)": null, "D C4 (EUR)": null, "TAC F": null, "PAF (EUR)": null, "DF (EUR)": null, "TAC A": null, "PAA (EUR)": null, "DA (EUR)": null, "TAC C": null, "PAC (EUR)": null, "DC (EUR)": null, "TAC MI": null, "PAMI (EUR)": null, "DMI (EUR)": null, " TAC MP": null, "PAMP (EUR)": null, "DMP (EUR)": null }, "geometry": null },
{ "type": "Feature", "properties": { "Année": 2029, "Mois": "Juin", "UC": "UCR-A", "TAG": null, "NAP": null, "NAA": null, "NAC": null, "NAD": null, "TAR 1": null, "TAR 2": null, "TAR 1.1": null, "TAR 1.2": null, "TAR 2.1": null, "TAR 2.2": null, "TAA 1.1.1": null, "TAA 1.1.2": null, "TAA 1.1.3": null, "TAA 1.1.4": null, "TAA 1.2.1": null, "TAA 1.2.2": null, "TAA 1.2.3": null, "TAA 1.2.4": null, "TAA 2.1.1": null, "TAA 2.1.2": null, "TAA 2.1.3": null, "TAA 2.1.4": null, "TAA 2.2.1": null, "TAA 2.2.2": null, "TAA 2.2.3": null, "TAA 2.2.4": null, "DC": 3570353.05, "BT": 34500000, "TD": 0.10348849420289855, "BD 2024 (EUR)": 715524.94, "BD 2024 (%)": 0.020739853333333332, "BD 2025 (EUR)": 2758290.3, "BD 2025 (%)": 0.079950443478260858, "BD 2026 (EUR)": 96537.81, "BD 2026 (%)": 0.002798197391304348, "BD 2027 (EUR)": null, "BD 2027 (%)": null, "BD 2028 (EUR)": null, "BD 2028 (%)": null, "BD 2029 (EUR)": null, "BD 2029 (%)": null, "BD 2030 (EUR)": null, "BD 2030 (%)": null, "BD C1 (EUR)": null, "BD C1 (%)": null, "BD C2 (EUR)": null, "BD C2 (%)": null, "BD C3 (EUR)": null, "BD C3 (%)": null, "BD C4 (EUR)": null, "BD C4 (%)": null, "BDF (EUR)": null, "BDF (%)": null, "BDA (EUR)": null, "BDA (%)": null, "BDC (EUR)": null, "BDC (%)": null, "BDMI (EUR)": null, "BDMI (%)": null, "BDMP (EUR)": null, "BDMP (%)": null, "BDS (EUR)": null, "BDS (%)": null, "TAC": null, "PA (EUR)": null, "D (EUR)": null, "TAC  C1": null, "PA C1 (EUR)": null, "D C1 (EUR)": null, "TAC C2": null, "PA C2 (EUR)": null, "D C2 (EUR)": null, "TAC  C3": null, "PA C3 (EUR)": null, "D C3 (EUR)": null, "TAC C4": null, "PA C4 (EUR)": null, "D C4 (EUR)": null, "TAC F": null, "PAF (EUR)": null, "DF (EUR)": null, "TAC A": null, "PAA (EUR)": null, "DA (EUR)": null, "TAC C": null, "PAC (EUR)": null, "DC (EUR)": null, "TAC MI": null, "PAMI (EUR)": null, "DMI (EUR)": null, " TAC MP": null, "PAMP (EUR)": null, "DMP (EUR)": null }, "geometry": null },
{ "type": "Feature", "properties": { "Année": 2029, "Mois": "Juillet", "UC": "UCR-A", "TAG": null, "NAP": null, "NAA": null, "NAC": null, "NAD": null, "TAR 1": null, "TAR 2": null, "TAR 1.1": null, "TAR 1.2": null, "TAR 2.1": null, "TAR 2.2": null, "TAA 1.1.1": null, "TAA 1.1.2": null, "TAA 1.1.3": null, "TAA 1.1.4": null, "TAA 1.2.1": null, "TAA 1.2.2": null, "TAA 1.2.3": null, "TAA 1.2.4": null, "TAA 2.1.1": null, "TAA 2.1.2": null, "TAA 2.1.3": null, "TAA 2.1.4": null, "TAA 2.2.1": null, "TAA 2.2.2": null, "TAA 2.2.3": null, "TAA 2.2.4": null, "DC": 3570353.05, "BT": 34500000, "TD": 0.10348849420289855, "BD 2024 (EUR)": 715524.94, "BD 2024 (%)": 0.020739853333333332, "BD 2025 (EUR)": 2758290.3, "BD 2025 (%)": 0.079950443478260858, "BD 2026 (EUR)": 96537.81, "BD 2026 (%)": 0.002798197391304348, "BD 2027 (EUR)": null, "BD 2027 (%)": null, "BD 2028 (EUR)": null, "BD 2028 (%)": null, "BD 2029 (EUR)": null, "BD 2029 (%)": null, "BD 2030 (EUR)": null, "BD 2030 (%)": null, "BD C1 (EUR)": null, "BD C1 (%)": null, "BD C2 (EUR)": null, "BD C2 (%)": null, "BD C3 (EUR)": null, "BD C3 (%)": null, "BD C4 (EUR)": null, "BD C4 (%)": null, "BDF (EUR)": null, "BDF (%)": null, "BDA (EUR)": null, "BDA (%)": null, "BDC (EUR)": null, "BDC (%)": null, "BDMI (EUR)": null, "BDMI (%)": null, "BDMP (EUR)": null, "BDMP (%)": null, "BDS (EUR)": null, "BDS (%)": null, "TAC": null, "PA (EUR)": null, "D (EUR)": null, "TAC  C1": null, "PA C1 (EUR)": null, "D C1 (EUR)": null, "TAC C2": null, "PA C2 (EUR)": null, "D C2 (EUR)": null, "TAC  C3": null, "PA C3 (EUR)": null, "D C3 (EUR)": null, "TAC C4": null, "PA C4 (EUR)": null, "D C4 (EUR)": null, "TAC F": null, "PAF (EUR)": null, "DF (EUR)": null, "TAC A": null, "PAA (EUR)": null, "DA (EUR)": null, "TAC C": null, "PAC (EUR)": null, "DC (EUR)": null, "TAC MI": null, "PAMI (EUR)": null, "DMI (EUR)": null, " TAC MP": null, "PAMP (EUR)": null, "DMP (EUR)": null }, "geometry": null },
{ "type": "Feature", "properties": { "Année": 2029, "Mois": "Août", "UC": "UCR-A", "TAG": null, "NAP": null, "NAA": null, "NAC": null, "NAD": null, "TAR 1": null, "TAR 2": null, "TAR 1.1": null, "TAR 1.2": null, "TAR 2.1": null, "TAR 2.2": null, "TAA 1.1.1": null, "TAA 1.1.2": null, "TAA 1.1.3": null, "TAA 1.1.4": null, "TAA 1.2.1": null, "TAA 1.2.2": null, "TAA 1.2.3": null, "TAA 1.2.4": null, "TAA 2.1.1": null, "TAA 2.1.2": null, "TAA 2.1.3": null, "TAA 2.1.4": null, "TAA 2.2.1": null, "TAA 2.2.2": null, "TAA 2.2.3": null, "TAA 2.2.4": null, "DC": 3570353.05, "BT": 34500000, "TD": 0.10348849420289855, "BD 2024 (EUR)": 715524.94, "BD 2024 (%)": 0.020739853333333332, "BD 2025 (EUR)": 2758290.3, "BD 2025 (%)": 0.079950443478260858, "BD 2026 (EUR)": 96537.81, "BD 2026 (%)": 0.002798197391304348, "BD 2027 (EUR)": null, "BD 2027 (%)": null, "BD 2028 (EUR)": null, "BD 2028 (%)": null, "BD 2029 (EUR)": null, "BD 2029 (%)": null, "BD 2030 (EUR)": null, "BD 2030 (%)": null, "BD C1 (EUR)": null, "BD C1 (%)": null, "BD C2 (EUR)": null, "BD C2 (%)": null, "BD C3 (EUR)": null, "BD C3 (%)": null, "BD C4 (EUR)": null, "BD C4 (%)": null, "BDF (EUR)": null, "BDF (%)": null, "BDA (EUR)": null, "BDA (%)": null, "BDC (EUR)": null, "BDC (%)": null, "BDMI (EUR)": null, "BDMI (%)": null, "BDMP (EUR)": null, "BDMP (%)": null, "BDS (EUR)": null, "BDS (%)": null, "TAC": null, "PA (EUR)": null, "D (EUR)": null, "TAC  C1": null, "PA C1 (EUR)": null, "D C1 (EUR)": null, "TAC C2": null, "PA C2 (EUR)": null, "D C2 (EUR)": null, "TAC  C3": null, "PA C3 (EUR)": null, "D C3 (EUR)": null, "TAC C4": null, "PA C4 (EUR)": null, "D C4 (EUR)": null, "TAC F": null, "PAF (EUR)": null, "DF (EUR)": null, "TAC A": null, "PAA (EUR)": null, "DA (EUR)": null, "TAC C": null, "PAC (EUR)": null, "DC (EUR)": null, "TAC MI": null, "PAMI (EUR)": null, "DMI (EUR)": null, " TAC MP": null, "PAMP (EUR)": null, "DMP (EUR)": null }, "geometry": null },
{ "type": "Feature", "properties": { "Année": 2029, "Mois": "Septembre", "UC": "UCR-A", "TAG": null, "NAP": null, "NAA": null, "NAC": null, "NAD": null, "TAR 1": null, "TAR 2": null, "TAR 1.1": null, "TAR 1.2": null, "TAR 2.1": null, "TAR 2.2": null, "TAA 1.1.1": null, "TAA 1.1.2": null, "TAA 1.1.3": null, "TAA 1.1.4": null, "TAA 1.2.1": null, "TAA 1.2.2": null, "TAA 1.2.3": null, "TAA 1.2.4": null, "TAA 2.1.1": null, "TAA 2.1.2": null, "TAA 2.1.3": null, "TAA 2.1.4": null, "TAA 2.2.1": null, "TAA 2.2.2": null, "TAA 2.2.3": null, "TAA 2.2.4": null, "DC": 3570353.05, "BT": 34500000, "TD": 0.10348849420289855, "BD 2024 (EUR)": 715524.94, "BD 2024 (%)": 0.020739853333333332, "BD 2025 (EUR)": 2758290.3, "BD 2025 (%)": 0.079950443478260858, "BD 2026 (EUR)": 96537.81, "BD 2026 (%)": 0.002798197391304348, "BD 2027 (EUR)": null, "BD 2027 (%)": null, "BD 2028 (EUR)": null, "BD 2028 (%)": null, "BD 2029 (EUR)": null, "BD 2029 (%)": null, "BD 2030 (EUR)": null, "BD 2030 (%)": null, "BD C1 (EUR)": null, "BD C1 (%)": null, "BD C2 (EUR)": null, "BD C2 (%)": null, "BD C3 (EUR)": null, "BD C3 (%)": null, "BD C4 (EUR)": null, "BD C4 (%)": null, "BDF (EUR)": null, "BDF (%)": null, "BDA (EUR)": null, "BDA (%)": null, "BDC (EUR)": null, "BDC (%)": null, "BDMI (EUR)": null, "BDMI (%)": null, "BDMP (EUR)": null, "BDMP (%)": null, "BDS (EUR)": null, "BDS (%)": null, "TAC": null, "PA (EUR)": null, "D (EUR)": null, "TAC  C1": null, "PA C1 (EUR)": null, "D C1 (EUR)": null, "TAC C2": null, "PA C2 (EUR)": null, "D C2 (EUR)": null, "TAC  C3": null, "PA C3 (EUR)": null, "D C3 (EUR)": null, "TAC C4": null, "PA C4 (EUR)": null, "D C4 (EUR)": null, "TAC F": null, "PAF (EUR)": null, "DF (EUR)": null, "TAC A": null, "PAA (EUR)": null, "DA (EUR)": null, "TAC C": null, "PAC (EUR)": null, "DC (EUR)": null, "TAC MI": null, "PAMI (EUR)": null, "DMI (EUR)": null, " TAC MP": null, "PAMP (EUR)": null, "DMP (EUR)": null }, "geometry": null },
{ "type": "Feature", "properties": { "Année": 2029, "Mois": "Octobre", "UC": "UCR-A", "TAG": null, "NAP": null, "NAA": null, "NAC": null, "NAD": null, "TAR 1": null, "TAR 2": null, "TAR 1.1": null, "TAR 1.2": null, "TAR 2.1": null, "TAR 2.2": null, "TAA 1.1.1": null, "TAA 1.1.2": null, "TAA 1.1.3": null, "TAA 1.1.4": null, "TAA 1.2.1": null, "TAA 1.2.2": null, "TAA 1.2.3": null, "TAA 1.2.4": null, "TAA 2.1.1": null, "TAA 2.1.2": null, "TAA 2.1.3": null, "TAA 2.1.4": null, "TAA 2.2.1": null, "TAA 2.2.2": null, "TAA 2.2.3": null, "TAA 2.2.4": null, "DC": 3570353.05, "BT": 34500000, "TD": 0.10348849420289855, "BD 2024 (EUR)": 715524.94, "BD 2024 (%)": 0.020739853333333332, "BD 2025 (EUR)": 2758290.3, "BD 2025 (%)": 0.079950443478260858, "BD 2026 (EUR)": 96537.81, "BD 2026 (%)": 0.002798197391304348, "BD 2027 (EUR)": null, "BD 2027 (%)": null, "BD 2028 (EUR)": null, "BD 2028 (%)": null, "BD 2029 (EUR)": null, "BD 2029 (%)": null, "BD 2030 (EUR)": null, "BD 2030 (%)": null, "BD C1 (EUR)": null, "BD C1 (%)": null, "BD C2 (EUR)": null, "BD C2 (%)": null, "BD C3 (EUR)": null, "BD C3 (%)": null, "BD C4 (EUR)": null, "BD C4 (%)": null, "BDF (EUR)": null, "BDF (%)": null, "BDA (EUR)": null, "BDA (%)": null, "BDC (EUR)": null, "BDC (%)": null, "BDMI (EUR)": null, "BDMI (%)": null, "BDMP (EUR)": null, "BDMP (%)": null, "BDS (EUR)": null, "BDS (%)": null, "TAC": null, "PA (EUR)": null, "D (EUR)": null, "TAC  C1": null, "PA C1 (EUR)": null, "D C1 (EUR)": null, "TAC C2": null, "PA C2 (EUR)": null, "D C2 (EUR)": null, "TAC  C3": null, "PA C3 (EUR)": null, "D C3 (EUR)": null, "TAC C4": null, "PA C4 (EUR)": null, "D C4 (EUR)": null, "TAC F": null, "PAF (EUR)": null, "DF (EUR)": null, "TAC A": null, "PAA (EUR)": null, "DA (EUR)": null, "TAC C": null, "PAC (EUR)": null, "DC (EUR)": null, "TAC MI": null, "PAMI (EUR)": null, "DMI (EUR)": null, " TAC MP": null, "PAMP (EUR)": null, "DMP (EUR)": null }, "geometry": null },
{ "type": "Feature", "properties": { "Année": 2029, "Mois": "Novembre", "UC": "UCR-A", "TAG": null, "NAP": null, "NAA": null, "NAC": null, "NAD": null, "TAR 1": null, "TAR 2": null, "TAR 1.1": null, "TAR 1.2": null, "TAR 2.1": null, "TAR 2.2": null, "TAA 1.1.1": null, "TAA 1.1.2": null, "TAA 1.1.3": null, "TAA 1.1.4": null, "TAA 1.2.1": null, "TAA 1.2.2": null, "TAA 1.2.3": null, "TAA 1.2.4": null, "TAA 2.1.1": null, "TAA 2.1.2": null, "TAA 2.1.3": null, "TAA 2.1.4": null, "TAA 2.2.1": null, "TAA 2.2.2": null, "TAA 2.2.3": null, "TAA 2.2.4": null, "DC": 3570353.05, "BT": 34500000, "TD": 0.10348849420289855, "BD 2024 (EUR)": 715524.94, "BD 2024 (%)": 0.020739853333333332, "BD 2025 (EUR)": 2758290.3, "BD 2025 (%)": 0.079950443478260858, "BD 2026 (EUR)": 96537.81, "BD 2026 (%)": 0.002798197391304348, "BD 2027 (EUR)": null, "BD 2027 (%)": null, "BD 2028 (EUR)": null, "BD 2028 (%)": null, "BD 2029 (EUR)": null, "BD 2029 (%)": null, "BD 2030 (EUR)": null, "BD 2030 (%)": null, "BD C1 (EUR)": null, "BD C1 (%)": null, "BD C2 (EUR)": null, "BD C2 (%)": null, "BD C3 (EUR)": null, "BD C3 (%)": null, "BD C4 (EUR)": null, "BD C4 (%)": null, "BDF (EUR)": null, "BDF (%)": null, "BDA (EUR)": null, "BDA (%)": null, "BDC (EUR)": null, "BDC (%)": null, "BDMI (EUR)": null, "BDMI (%)": null, "BDMP (EUR)": null, "BDMP (%)": null, "BDS (EUR)": null, "BDS (%)": null, "TAC": null, "PA (EUR)": null, "D (EUR)": null, "TAC  C1": null, "PA C1 (EUR)": null, "D C1 (EUR)": null, "TAC C2": null, "PA C2 (EUR)": null, "D C2 (EUR)": null, "TAC  C3": null, "PA C3 (EUR)": null, "D C3 (EUR)": null, "TAC C4": null, "PA C4 (EUR)": null, "D C4 (EUR)": null, "TAC F": null, "PAF (EUR)": null, "DF (EUR)": null, "TAC A": null, "PAA (EUR)": null, "DA (EUR)": null, "TAC C": null, "PAC (EUR)": null, "DC (EUR)": null, "TAC MI": null, "PAMI (EUR)": null, "DMI (EUR)": null, " TAC MP": null, "PAMP (EUR)": null, "DMP (EUR)": null }, "geometry": null },
{ "type": "Feature", "properties": { "Année": 2029, "Mois": "Décembre", "UC": "UCR-A", "TAG": null, "NAP": null, "NAA": null, "NAC": null, "NAD": null, "TAR 1": null, "TAR 2": null, "TAR 1.1": null, "TAR 1.2": null, "TAR 2.1": null, "TAR 2.2": null, "TAA 1.1.1": null, "TAA 1.1.2": null, "TAA 1.1.3": null, "TAA 1.1.4": null, "TAA 1.2.1": null, "TAA 1.2.2": null, "TAA 1.2.3": null, "TAA 1.2.4": null, "TAA 2.1.1": null, "TAA 2.1.2": null, "TAA 2.1.3": null, "TAA 2.1.4": null, "TAA 2.2.1": null, "TAA 2.2.2": null, "TAA 2.2.3": null, "TAA 2.2.4": null, "DC": 3570353.05, "BT": 34500000, "TD": 0.10348849420289855, "BD 2024 (EUR)": 715524.94, "BD 2024 (%)": 0.020739853333333332, "BD 2025 (EUR)": 2758290.3, "BD 2025 (%)": 0.079950443478260858, "BD 2026 (EUR)": 96537.81, "BD 2026 (%)": 0.002798197391304348, "BD 2027 (EUR)": null, "BD 2027 (%)": null, "BD 2028 (EUR)": null, "BD 2028 (%)": null, "BD 2029 (EUR)": null, "BD 2029 (%)": null, "BD 2030 (EUR)": null, "BD 2030 (%)": null, "BD C1 (EUR)": null, "BD C1 (%)": null, "BD C2 (EUR)": null, "BD C2 (%)": null, "BD C3 (EUR)": null, "BD C3 (%)": null, "BD C4 (EUR)": null, "BD C4 (%)": null, "BDF (EUR)": null, "BDF (%)": null, "BDA (EUR)": null, "BDA (%)": null, "BDC (EUR)": null, "BDC (%)": null, "BDMI (EUR)": null, "BDMI (%)": null, "BDMP (EUR)": null, "BDMP (%)": null, "BDS (EUR)": null, "BDS (%)": null, "TAC": null, "PA (EUR)": null, "D (EUR)": null, "TAC  C1": null, "PA C1 (EUR)": null, "D C1 (EUR)": null, "TAC C2": null, "PA C2 (EUR)": null, "D C2 (EUR)": null, "TAC  C3": null, "PA C3 (EUR)": null, "D C3 (EUR)": null, "TAC C4": null, "PA C4 (EUR)": null, "D C4 (EUR)": null, "TAC F": null, "PAF (EUR)": null, "DF (EUR)": null, "TAC A": null, "PAA (EUR)": null, "DA (EUR)": null, "TAC C": null, "PAC (EUR)": null, "DC (EUR)": null, "TAC MI": null, "PAMI (EUR)": null, "DMI (EUR)": null, " TAC MP": null, "PAMP (EUR)": null, "DMP (EUR)": null }, "geometry": null },
{ "type": "Feature", "properties": { "Année": 2029, "Mois": "Janvier", "UC": "UCR-F", "TAG": null, "NAP": null, "NAA": null, "NAC": null, "NAD": null, "TAR 1": null, "TAR 2": null, "TAR 1.1": null, "TAR 1.2": null, "TAR 2.1": null, "TAR 2.2": null, "TAA 1.1.1": null, "TAA 1.1.2": null, "TAA 1.1.3": null, "TAA 1.1.4": null, "TAA 1.2.1": null, "TAA 1.2.2": null, "TAA 1.2.3": null, "TAA 1.2.4": null, "TAA 2.1.1": null, "TAA 2.1.2": null, "TAA 2.1.3": null, "TAA 2.1.4": null, "TAA 2.2.1": null, "TAA 2.2.2": null, "TAA 2.2.3": null, "TAA 2.2.4": null, "DC": 3570353.05, "BT": 34500000, "TD": 0.10348849420289855, "BD 2024 (EUR)": 715524.94, "BD 2024 (%)": 0.020739853333333332, "BD 2025 (EUR)": 2758290.3, "BD 2025 (%)": 0.079950443478260858, "BD 2026 (EUR)": 96537.81, "BD 2026 (%)": 0.002798197391304348, "BD 2027 (EUR)": null, "BD 2027 (%)": null, "BD 2028 (EUR)": null, "BD 2028 (%)": null, "BD 2029 (EUR)": null, "BD 2029 (%)": null, "BD 2030 (EUR)": null, "BD 2030 (%)": null, "BD C1 (EUR)": null, "BD C1 (%)": null, "BD C2 (EUR)": null, "BD C2 (%)": null, "BD C3 (EUR)": null, "BD C3 (%)": null, "BD C4 (EUR)": null, "BD C4 (%)": null, "BDF (EUR)": null, "BDF (%)": null, "BDA (EUR)": null, "BDA (%)": null, "BDC (EUR)": null, "BDC (%)": null, "BDMI (EUR)": null, "BDMI (%)": null, "BDMP (EUR)": null, "BDMP (%)": null, "BDS (EUR)": null, "BDS (%)": null, "TAC": null, "PA (EUR)": null, "D (EUR)": null, "TAC  C1": null, "PA C1 (EUR)": null, "D C1 (EUR)": null, "TAC C2": null, "PA C2 (EUR)": null, "D C2 (EUR)": null, "TAC  C3": null, "PA C3 (EUR)": null, "D C3 (EUR)": null, "TAC C4": null, "PA C4 (EUR)": null, "D C4 (EUR)": null, "TAC F": null, "PAF (EUR)": null, "DF (EUR)": null, "TAC A": null, "PAA (EUR)": null, "DA (EUR)": null, "TAC C": null, "PAC (EUR)": null, "DC (EUR)": null, "TAC MI": null, "PAMI (EUR)": null, "DMI (EUR)": null, " TAC MP": null, "PAMP (EUR)": null, "DMP (EUR)": null }, "geometry": null },
{ "type": "Feature", "properties": { "Année": 2029, "Mois": "Février", "UC": "UCR-F", "TAG": null, "NAP": null, "NAA": null, "NAC": null, "NAD": null, "TAR 1": null, "TAR 2": null, "TAR 1.1": null, "TAR 1.2": null, "TAR 2.1": null, "TAR 2.2": null, "TAA 1.1.1": null, "TAA 1.1.2": null, "TAA 1.1.3": null, "TAA 1.1.4": null, "TAA 1.2.1": null, "TAA 1.2.2": null, "TAA 1.2.3": null, "TAA 1.2.4": null, "TAA 2.1.1": null, "TAA 2.1.2": null, "TAA 2.1.3": null, "TAA 2.1.4": null, "TAA 2.2.1": null, "TAA 2.2.2": null, "TAA 2.2.3": null, "TAA 2.2.4": null, "DC": 3570353.05, "BT": 34500000, "TD": 0.10348849420289855, "BD 2024 (EUR)": 715524.94, "BD 2024 (%)": 0.020739853333333332, "BD 2025 (EUR)": 2758290.3, "BD 2025 (%)": 0.079950443478260858, "BD 2026 (EUR)": 96537.81, "BD 2026 (%)": 0.002798197391304348, "BD 2027 (EUR)": null, "BD 2027 (%)": null, "BD 2028 (EUR)": null, "BD 2028 (%)": null, "BD 2029 (EUR)": null, "BD 2029 (%)": null, "BD 2030 (EUR)": null, "BD 2030 (%)": null, "BD C1 (EUR)": null, "BD C1 (%)": null, "BD C2 (EUR)": null, "BD C2 (%)": null, "BD C3 (EUR)": null, "BD C3 (%)": null, "BD C4 (EUR)": null, "BD C4 (%)": null, "BDF (EUR)": null, "BDF (%)": null, "BDA (EUR)": null, "BDA (%)": null, "BDC (EUR)": null, "BDC (%)": null, "BDMI (EUR)": null, "BDMI (%)": null, "BDMP (EUR)": null, "BDMP (%)": null, "BDS (EUR)": null, "BDS (%)": null, "TAC": null, "PA (EUR)": null, "D (EUR)": null, "TAC  C1": null, "PA C1 (EUR)": null, "D C1 (EUR)": null, "TAC C2": null, "PA C2 (EUR)": null, "D C2 (EUR)": null, "TAC  C3": null, "PA C3 (EUR)": null, "D C3 (EUR)": null, "TAC C4": null, "PA C4 (EUR)": null, "D C4 (EUR)": null, "TAC F": null, "PAF (EUR)": null, "DF (EUR)": null, "TAC A": null, "PAA (EUR)": null, "DA (EUR)": null, "TAC C": null, "PAC (EUR)": null, "DC (EUR)": null, "TAC MI": null, "PAMI (EUR)": null, "DMI (EUR)": null, " TAC MP": null, "PAMP (EUR)": null, "DMP (EUR)": null }, "geometry": null },
{ "type": "Feature", "properties": { "Année": 2029, "Mois": "Mars", "UC": "UCR-F", "TAG": null, "NAP": null, "NAA": null, "NAC": null, "NAD": null, "TAR 1": null, "TAR 2": null, "TAR 1.1": null, "TAR 1.2": null, "TAR 2.1": null, "TAR 2.2": null, "TAA 1.1.1": null, "TAA 1.1.2": null, "TAA 1.1.3": null, "TAA 1.1.4": null, "TAA 1.2.1": null, "TAA 1.2.2": null, "TAA 1.2.3": null, "TAA 1.2.4": null, "TAA 2.1.1": null, "TAA 2.1.2": null, "TAA 2.1.3": null, "TAA 2.1.4": null, "TAA 2.2.1": null, "TAA 2.2.2": null, "TAA 2.2.3": null, "TAA 2.2.4": null, "DC": 3570353.05, "BT": 34500000, "TD": 0.10348849420289855, "BD 2024 (EUR)": 715524.94, "BD 2024 (%)": 0.020739853333333332, "BD 2025 (EUR)": 2758290.3, "BD 2025 (%)": 0.079950443478260858, "BD 2026 (EUR)": 96537.81, "BD 2026 (%)": 0.002798197391304348, "BD 2027 (EUR)": null, "BD 2027 (%)": null, "BD 2028 (EUR)": null, "BD 2028 (%)": null, "BD 2029 (EUR)": null, "BD 2029 (%)": null, "BD 2030 (EUR)": null, "BD 2030 (%)": null, "BD C1 (EUR)": null, "BD C1 (%)": null, "BD C2 (EUR)": null, "BD C2 (%)": null, "BD C3 (EUR)": null, "BD C3 (%)": null, "BD C4 (EUR)": null, "BD C4 (%)": null, "BDF (EUR)": null, "BDF (%)": null, "BDA (EUR)": null, "BDA (%)": null, "BDC (EUR)": null, "BDC (%)": null, "BDMI (EUR)": null, "BDMI (%)": null, "BDMP (EUR)": null, "BDMP (%)": null, "BDS (EUR)": null, "BDS (%)": null, "TAC": null, "PA (EUR)": null, "D (EUR)": null, "TAC  C1": null, "PA C1 (EUR)": null, "D C1 (EUR)": null, "TAC C2": null, "PA C2 (EUR)": null, "D C2 (EUR)": null, "TAC  C3": null, "PA C3 (EUR)": null, "D C3 (EUR)": null, "TAC C4": null, "PA C4 (EUR)": null, "D C4 (EUR)": null, "TAC F": null, "PAF (EUR)": null, "DF (EUR)": null, "TAC A": null, "PAA (EUR)": null, "DA (EUR)": null, "TAC C": null, "PAC (EUR)": null, "DC (EUR)": null, "TAC MI": null, "PAMI (EUR)": null, "DMI (EUR)": null, " TAC MP": null, "PAMP (EUR)": null, "DMP (EUR)": null }, "geometry": null },
{ "type": "Feature", "properties": { "Année": 2029, "Mois": "Avril", "UC": "UCR-F", "TAG": null, "NAP": null, "NAA": null, "NAC": null, "NAD": null, "TAR 1": null, "TAR 2": null, "TAR 1.1": null, "TAR 1.2": null, "TAR 2.1": null, "TAR 2.2": null, "TAA 1.1.1": null, "TAA 1.1.2": null, "TAA 1.1.3": null, "TAA 1.1.4": null, "TAA 1.2.1": null, "TAA 1.2.2": null, "TAA 1.2.3": null, "TAA 1.2.4": null, "TAA 2.1.1": null, "TAA 2.1.2": null, "TAA 2.1.3": null, "TAA 2.1.4": null, "TAA 2.2.1": null, "TAA 2.2.2": null, "TAA 2.2.3": null, "TAA 2.2.4": null, "DC": 3570353.05, "BT": 34500000, "TD": 0.10348849420289855, "BD 2024 (EUR)": 715524.94, "BD 2024 (%)": 0.020739853333333332, "BD 2025 (EUR)": 2758290.3, "BD 2025 (%)": 0.079950443478260858, "BD 2026 (EUR)": 96537.81, "BD 2026 (%)": 0.002798197391304348, "BD 2027 (EUR)": null, "BD 2027 (%)": null, "BD 2028 (EUR)": null, "BD 2028 (%)": null, "BD 2029 (EUR)": null, "BD 2029 (%)": null, "BD 2030 (EUR)": null, "BD 2030 (%)": null, "BD C1 (EUR)": null, "BD C1 (%)": null, "BD C2 (EUR)": null, "BD C2 (%)": null, "BD C3 (EUR)": null, "BD C3 (%)": null, "BD C4 (EUR)": null, "BD C4 (%)": null, "BDF (EUR)": null, "BDF (%)": null, "BDA (EUR)": null, "BDA (%)": null, "BDC (EUR)": null, "BDC (%)": null, "BDMI (EUR)": null, "BDMI (%)": null, "BDMP (EUR)": null, "BDMP (%)": null, "BDS (EUR)": null, "BDS (%)": null, "TAC": null, "PA (EUR)": null, "D (EUR)": null, "TAC  C1": null, "PA C1 (EUR)": null, "D C1 (EUR)": null, "TAC C2": null, "PA C2 (EUR)": null, "D C2 (EUR)": null, "TAC  C3": null, "PA C3 (EUR)": null, "D C3 (EUR)": null, "TAC C4": null, "PA C4 (EUR)": null, "D C4 (EUR)": null, "TAC F": null, "PAF (EUR)": null, "DF (EUR)": null, "TAC A": null, "PAA (EUR)": null, "DA (EUR)": null, "TAC C": null, "PAC (EUR)": null, "DC (EUR)": null, "TAC MI": null, "PAMI (EUR)": null, "DMI (EUR)": null, " TAC MP": null, "PAMP (EUR)": null, "DMP (EUR)": null }, "geometry": null },
{ "type": "Feature", "properties": { "Année": 2029, "Mois": "Mai", "UC": "UCR-F", "TAG": null, "NAP": null, "NAA": null, "NAC": null, "NAD": null, "TAR 1": null, "TAR 2": null, "TAR 1.1": null, "TAR 1.2": null, "TAR 2.1": null, "TAR 2.2": null, "TAA 1.1.1": null, "TAA 1.1.2": null, "TAA 1.1.3": null, "TAA 1.1.4": null, "TAA 1.2.1": null, "TAA 1.2.2": null, "TAA 1.2.3": null, "TAA 1.2.4": null, "TAA 2.1.1": null, "TAA 2.1.2": null, "TAA 2.1.3": null, "TAA 2.1.4": null, "TAA 2.2.1": null, "TAA 2.2.2": null, "TAA 2.2.3": null, "TAA 2.2.4": null, "DC": 3570353.05, "BT": 34500000, "TD": 0.10348849420289855, "BD 2024 (EUR)": 715524.94, "BD 2024 (%)": 0.020739853333333332, "BD 2025 (EUR)": 2758290.3, "BD 2025 (%)": 0.079950443478260858, "BD 2026 (EUR)": 96537.81, "BD 2026 (%)": 0.002798197391304348, "BD 2027 (EUR)": null, "BD 2027 (%)": null, "BD 2028 (EUR)": null, "BD 2028 (%)": null, "BD 2029 (EUR)": null, "BD 2029 (%)": null, "BD 2030 (EUR)": null, "BD 2030 (%)": null, "BD C1 (EUR)": null, "BD C1 (%)": null, "BD C2 (EUR)": null, "BD C2 (%)": null, "BD C3 (EUR)": null, "BD C3 (%)": null, "BD C4 (EUR)": null, "BD C4 (%)": null, "BDF (EUR)": null, "BDF (%)": null, "BDA (EUR)": null, "BDA (%)": null, "BDC (EUR)": null, "BDC (%)": null, "BDMI (EUR)": null, "BDMI (%)": null, "BDMP (EUR)": null, "BDMP (%)": null, "BDS (EUR)": null, "BDS (%)": null, "TAC": null, "PA (EUR)": null, "D (EUR)": null, "TAC  C1": null, "PA C1 (EUR)": null, "D C1 (EUR)": null, "TAC C2": null, "PA C2 (EUR)": null, "D C2 (EUR)": null, "TAC  C3": null, "PA C3 (EUR)": null, "D C3 (EUR)": null, "TAC C4": null, "PA C4 (EUR)": null, "D C4 (EUR)": null, "TAC F": null, "PAF (EUR)": null, "DF (EUR)": null, "TAC A": null, "PAA (EUR)": null, "DA (EUR)": null, "TAC C": null, "PAC (EUR)": null, "DC (EUR)": null, "TAC MI": null, "PAMI (EUR)": null, "DMI (EUR)": null, " TAC MP": null, "PAMP (EUR)": null, "DMP (EUR)": null }, "geometry": null },
{ "type": "Feature", "properties": { "Année": 2029, "Mois": "Juin", "UC": "UCR-F", "TAG": null, "NAP": null, "NAA": null, "NAC": null, "NAD": null, "TAR 1": null, "TAR 2": null, "TAR 1.1": null, "TAR 1.2": null, "TAR 2.1": null, "TAR 2.2": null, "TAA 1.1.1": null, "TAA 1.1.2": null, "TAA 1.1.3": null, "TAA 1.1.4": null, "TAA 1.2.1": null, "TAA 1.2.2": null, "TAA 1.2.3": null, "TAA 1.2.4": null, "TAA 2.1.1": null, "TAA 2.1.2": null, "TAA 2.1.3": null, "TAA 2.1.4": null, "TAA 2.2.1": null, "TAA 2.2.2": null, "TAA 2.2.3": null, "TAA 2.2.4": null, "DC": 3570353.05, "BT": 34500000, "TD": 0.10348849420289855, "BD 2024 (EUR)": 715524.94, "BD 2024 (%)": 0.020739853333333332, "BD 2025 (EUR)": 2758290.3, "BD 2025 (%)": 0.079950443478260858, "BD 2026 (EUR)": 96537.81, "BD 2026 (%)": 0.002798197391304348, "BD 2027 (EUR)": null, "BD 2027 (%)": null, "BD 2028 (EUR)": null, "BD 2028 (%)": null, "BD 2029 (EUR)": null, "BD 2029 (%)": null, "BD 2030 (EUR)": null, "BD 2030 (%)": null, "BD C1 (EUR)": null, "BD C1 (%)": null, "BD C2 (EUR)": null, "BD C2 (%)": null, "BD C3 (EUR)": null, "BD C3 (%)": null, "BD C4 (EUR)": null, "BD C4 (%)": null, "BDF (EUR)": null, "BDF (%)": null, "BDA (EUR)": null, "BDA (%)": null, "BDC (EUR)": null, "BDC (%)": null, "BDMI (EUR)": null, "BDMI (%)": null, "BDMP (EUR)": null, "BDMP (%)": null, "BDS (EUR)": null, "BDS (%)": null, "TAC": null, "PA (EUR)": null, "D (EUR)": null, "TAC  C1": null, "PA C1 (EUR)": null, "D C1 (EUR)": null, "TAC C2": null, "PA C2 (EUR)": null, "D C2 (EUR)": null, "TAC  C3": null, "PA C3 (EUR)": null, "D C3 (EUR)": null, "TAC C4": null, "PA C4 (EUR)": null, "D C4 (EUR)": null, "TAC F": null, "PAF (EUR)": null, "DF (EUR)": null, "TAC A": null, "PAA (EUR)": null, "DA (EUR)": null, "TAC C": null, "PAC (EUR)": null, "DC (EUR)": null, "TAC MI": null, "PAMI (EUR)": null, "DMI (EUR)": null, " TAC MP": null, "PAMP (EUR)": null, "DMP (EUR)": null }, "geometry": null },
{ "type": "Feature", "properties": { "Année": 2029, "Mois": "Juillet", "UC": "UCR-F", "TAG": null, "NAP": null, "NAA": null, "NAC": null, "NAD": null, "TAR 1": null, "TAR 2": null, "TAR 1.1": null, "TAR 1.2": null, "TAR 2.1": null, "TAR 2.2": null, "TAA 1.1.1": null, "TAA 1.1.2": null, "TAA 1.1.3": null, "TAA 1.1.4": null, "TAA 1.2.1": null, "TAA 1.2.2": null, "TAA 1.2.3": null, "TAA 1.2.4": null, "TAA 2.1.1": null, "TAA 2.1.2": null, "TAA 2.1.3": null, "TAA 2.1.4": null, "TAA 2.2.1": null, "TAA 2.2.2": null, "TAA 2.2.3": null, "TAA 2.2.4": null, "DC": 3570353.05, "BT": 34500000, "TD": 0.10348849420289855, "BD 2024 (EUR)": 715524.94, "BD 2024 (%)": 0.020739853333333332, "BD 2025 (EUR)": 2758290.3, "BD 2025 (%)": 0.079950443478260858, "BD 2026 (EUR)": 96537.81, "BD 2026 (%)": 0.002798197391304348, "BD 2027 (EUR)": null, "BD 2027 (%)": null, "BD 2028 (EUR)": null, "BD 2028 (%)": null, "BD 2029 (EUR)": null, "BD 2029 (%)": null, "BD 2030 (EUR)": null, "BD 2030 (%)": null, "BD C1 (EUR)": null, "BD C1 (%)": null, "BD C2 (EUR)": null, "BD C2 (%)": null, "BD C3 (EUR)": null, "BD C3 (%)": null, "BD C4 (EUR)": null, "BD C4 (%)": null, "BDF (EUR)": null, "BDF (%)": null, "BDA (EUR)": null, "BDA (%)": null, "BDC (EUR)": null, "BDC (%)": null, "BDMI (EUR)": null, "BDMI (%)": null, "BDMP (EUR)": null, "BDMP (%)": null, "BDS (EUR)": null, "BDS (%)": null, "TAC": null, "PA (EUR)": null, "D (EUR)": null, "TAC  C1": null, "PA C1 (EUR)": null, "D C1 (EUR)": null, "TAC C2": null, "PA C2 (EUR)": null, "D C2 (EUR)": null, "TAC  C3": null, "PA C3 (EUR)": null, "D C3 (EUR)": null, "TAC C4": null, "PA C4 (EUR)": null, "D C4 (EUR)": null, "TAC F": null, "PAF (EUR)": null, "DF (EUR)": null, "TAC A": null, "PAA (EUR)": null, "DA (EUR)": null, "TAC C": null, "PAC (EUR)": null, "DC (EUR)": null, "TAC MI": null, "PAMI (EUR)": null, "DMI (EUR)": null, " TAC MP": null, "PAMP (EUR)": null, "DMP (EUR)": null }, "geometry": null },
{ "type": "Feature", "properties": { "Année": 2029, "Mois": "Août", "UC": "UCR-F", "TAG": null, "NAP": null, "NAA": null, "NAC": null, "NAD": null, "TAR 1": null, "TAR 2": null, "TAR 1.1": null, "TAR 1.2": null, "TAR 2.1": null, "TAR 2.2": null, "TAA 1.1.1": null, "TAA 1.1.2": null, "TAA 1.1.3": null, "TAA 1.1.4": null, "TAA 1.2.1": null, "TAA 1.2.2": null, "TAA 1.2.3": null, "TAA 1.2.4": null, "TAA 2.1.1": null, "TAA 2.1.2": null, "TAA 2.1.3": null, "TAA 2.1.4": null, "TAA 2.2.1": null, "TAA 2.2.2": null, "TAA 2.2.3": null, "TAA 2.2.4": null, "DC": 3570353.05, "BT": 34500000, "TD": 0.10348849420289855, "BD 2024 (EUR)": 715524.94, "BD 2024 (%)": 0.020739853333333332, "BD 2025 (EUR)": 2758290.3, "BD 2025 (%)": 0.079950443478260858, "BD 2026 (EUR)": 96537.81, "BD 2026 (%)": 0.002798197391304348, "BD 2027 (EUR)": null, "BD 2027 (%)": null, "BD 2028 (EUR)": null, "BD 2028 (%)": null, "BD 2029 (EUR)": null, "BD 2029 (%)": null, "BD 2030 (EUR)": null, "BD 2030 (%)": null, "BD C1 (EUR)": null, "BD C1 (%)": null, "BD C2 (EUR)": null, "BD C2 (%)": null, "BD C3 (EUR)": null, "BD C3 (%)": null, "BD C4 (EUR)": null, "BD C4 (%)": null, "BDF (EUR)": null, "BDF (%)": null, "BDA (EUR)": null, "BDA (%)": null, "BDC (EUR)": null, "BDC (%)": null, "BDMI (EUR)": null, "BDMI (%)": null, "BDMP (EUR)": null, "BDMP (%)": null, "BDS (EUR)": null, "BDS (%)": null, "TAC": null, "PA (EUR)": null, "D (EUR)": null, "TAC  C1": null, "PA C1 (EUR)": null, "D C1 (EUR)": null, "TAC C2": null, "PA C2 (EUR)": null, "D C2 (EUR)": null, "TAC  C3": null, "PA C3 (EUR)": null, "D C3 (EUR)": null, "TAC C4": null, "PA C4 (EUR)": null, "D C4 (EUR)": null, "TAC F": null, "PAF (EUR)": null, "DF (EUR)": null, "TAC A": null, "PAA (EUR)": null, "DA (EUR)": null, "TAC C": null, "PAC (EUR)": null, "DC (EUR)": null, "TAC MI": null, "PAMI (EUR)": null, "DMI (EUR)": null, " TAC MP": null, "PAMP (EUR)": null, "DMP (EUR)": null }, "geometry": null },
{ "type": "Feature", "properties": { "Année": 2029, "Mois": "Septembre", "UC": "UCR-F", "TAG": null, "NAP": null, "NAA": null, "NAC": null, "NAD": null, "TAR 1": null, "TAR 2": null, "TAR 1.1": null, "TAR 1.2": null, "TAR 2.1": null, "TAR 2.2": null, "TAA 1.1.1": null, "TAA 1.1.2": null, "TAA 1.1.3": null, "TAA 1.1.4": null, "TAA 1.2.1": null, "TAA 1.2.2": null, "TAA 1.2.3": null, "TAA 1.2.4": null, "TAA 2.1.1": null, "TAA 2.1.2": null, "TAA 2.1.3": null, "TAA 2.1.4": null, "TAA 2.2.1": null, "TAA 2.2.2": null, "TAA 2.2.3": null, "TAA 2.2.4": null, "DC": 3570353.05, "BT": 34500000, "TD": 0.10348849420289855, "BD 2024 (EUR)": 715524.94, "BD 2024 (%)": 0.020739853333333332, "BD 2025 (EUR)": 2758290.3, "BD 2025 (%)": 0.079950443478260858, "BD 2026 (EUR)": 96537.81, "BD 2026 (%)": 0.002798197391304348, "BD 2027 (EUR)": null, "BD 2027 (%)": null, "BD 2028 (EUR)": null, "BD 2028 (%)": null, "BD 2029 (EUR)": null, "BD 2029 (%)": null, "BD 2030 (EUR)": null, "BD 2030 (%)": null, "BD C1 (EUR)": null, "BD C1 (%)": null, "BD C2 (EUR)": null, "BD C2 (%)": null, "BD C3 (EUR)": null, "BD C3 (%)": null, "BD C4 (EUR)": null, "BD C4 (%)": null, "BDF (EUR)": null, "BDF (%)": null, "BDA (EUR)": null, "BDA (%)": null, "BDC (EUR)": null, "BDC (%)": null, "BDMI (EUR)": null, "BDMI (%)": null, "BDMP (EUR)": null, "BDMP (%)": null, "BDS (EUR)": null, "BDS (%)": null, "TAC": null, "PA (EUR)": null, "D (EUR)": null, "TAC  C1": null, "PA C1 (EUR)": null, "D C1 (EUR)": null, "TAC C2": null, "PA C2 (EUR)": null, "D C2 (EUR)": null, "TAC  C3": null, "PA C3 (EUR)": null, "D C3 (EUR)": null, "TAC C4": null, "PA C4 (EUR)": null, "D C4 (EUR)": null, "TAC F": null, "PAF (EUR)": null, "DF (EUR)": null, "TAC A": null, "PAA (EUR)": null, "DA (EUR)": null, "TAC C": null, "PAC (EUR)": null, "DC (EUR)": null, "TAC MI": null, "PAMI (EUR)": null, "DMI (EUR)": null, " TAC MP": null, "PAMP (EUR)": null, "DMP (EUR)": null }, "geometry": null },
{ "type": "Feature", "properties": { "Année": 2029, "Mois": "Octobre", "UC": "UCR-F", "TAG": null, "NAP": null, "NAA": null, "NAC": null, "NAD": null, "TAR 1": null, "TAR 2": null, "TAR 1.1": null, "TAR 1.2": null, "TAR 2.1": null, "TAR 2.2": null, "TAA 1.1.1": null, "TAA 1.1.2": null, "TAA 1.1.3": null, "TAA 1.1.4": null, "TAA 1.2.1": null, "TAA 1.2.2": null, "TAA 1.2.3": null, "TAA 1.2.4": null, "TAA 2.1.1": null, "TAA 2.1.2": null, "TAA 2.1.3": null, "TAA 2.1.4": null, "TAA 2.2.1": null, "TAA 2.2.2": null, "TAA 2.2.3": null, "TAA 2.2.4": null, "DC": 3570353.05, "BT": 34500000, "TD": 0.10348849420289855, "BD 2024 (EUR)": 715524.94, "BD 2024 (%)": 0.020739853333333332, "BD 2025 (EUR)": 2758290.3, "BD 2025 (%)": 0.079950443478260858, "BD 2026 (EUR)": 96537.81, "BD 2026 (%)": 0.002798197391304348, "BD 2027 (EUR)": null, "BD 2027 (%)": null, "BD 2028 (EUR)": null, "BD 2028 (%)": null, "BD 2029 (EUR)": null, "BD 2029 (%)": null, "BD 2030 (EUR)": null, "BD 2030 (%)": null, "BD C1 (EUR)": null, "BD C1 (%)": null, "BD C2 (EUR)": null, "BD C2 (%)": null, "BD C3 (EUR)": null, "BD C3 (%)": null, "BD C4 (EUR)": null, "BD C4 (%)": null, "BDF (EUR)": null, "BDF (%)": null, "BDA (EUR)": null, "BDA (%)": null, "BDC (EUR)": null, "BDC (%)": null, "BDMI (EUR)": null, "BDMI (%)": null, "BDMP (EUR)": null, "BDMP (%)": null, "BDS (EUR)": null, "BDS (%)": null, "TAC": null, "PA (EUR)": null, "D (EUR)": null, "TAC  C1": null, "PA C1 (EUR)": null, "D C1 (EUR)": null, "TAC C2": null, "PA C2 (EUR)": null, "D C2 (EUR)": null, "TAC  C3": null, "PA C3 (EUR)": null, "D C3 (EUR)": null, "TAC C4": null, "PA C4 (EUR)": null, "D C4 (EUR)": null, "TAC F": null, "PAF (EUR)": null, "DF (EUR)": null, "TAC A": null, "PAA (EUR)": null, "DA (EUR)": null, "TAC C": null, "PAC (EUR)": null, "DC (EUR)": null, "TAC MI": null, "PAMI (EUR)": null, "DMI (EUR)": null, " TAC MP": null, "PAMP (EUR)": null, "DMP (EUR)": null }, "geometry": null },
{ "type": "Feature", "properties": { "Année": 2029, "Mois": "Novembre", "UC": "UCR-F", "TAG": null, "NAP": null, "NAA": null, "NAC": null, "NAD": null, "TAR 1": null, "TAR 2": null, "TAR 1.1": null, "TAR 1.2": null, "TAR 2.1": null, "TAR 2.2": null, "TAA 1.1.1": null, "TAA 1.1.2": null, "TAA 1.1.3": null, "TAA 1.1.4": null, "TAA 1.2.1": null, "TAA 1.2.2": null, "TAA 1.2.3": null, "TAA 1.2.4": null, "TAA 2.1.1": null, "TAA 2.1.2": null, "TAA 2.1.3": null, "TAA 2.1.4": null, "TAA 2.2.1": null, "TAA 2.2.2": null, "TAA 2.2.3": null, "TAA 2.2.4": null, "DC": 3570353.05, "BT": 34500000, "TD": 0.10348849420289855, "BD 2024 (EUR)": 715524.94, "BD 2024 (%)": 0.020739853333333332, "BD 2025 (EUR)": 2758290.3, "BD 2025 (%)": 0.079950443478260858, "BD 2026 (EUR)": 96537.81, "BD 2026 (%)": 0.002798197391304348, "BD 2027 (EUR)": null, "BD 2027 (%)": null, "BD 2028 (EUR)": null, "BD 2028 (%)": null, "BD 2029 (EUR)": null, "BD 2029 (%)": null, "BD 2030 (EUR)": null, "BD 2030 (%)": null, "BD C1 (EUR)": null, "BD C1 (%)": null, "BD C2 (EUR)": null, "BD C2 (%)": null, "BD C3 (EUR)": null, "BD C3 (%)": null, "BD C4 (EUR)": null, "BD C4 (%)": null, "BDF (EUR)": null, "BDF (%)": null, "BDA (EUR)": null, "BDA (%)": null, "BDC (EUR)": null, "BDC (%)": null, "BDMI (EUR)": null, "BDMI (%)": null, "BDMP (EUR)": null, "BDMP (%)": null, "BDS (EUR)": null, "BDS (%)": null, "TAC": null, "PA (EUR)": null, "D (EUR)": null, "TAC  C1": null, "PA C1 (EUR)": null, "D C1 (EUR)": null, "TAC C2": null, "PA C2 (EUR)": null, "D C2 (EUR)": null, "TAC  C3": null, "PA C3 (EUR)": null, "D C3 (EUR)": null, "TAC C4": null, "PA C4 (EUR)": null, "D C4 (EUR)": null, "TAC F": null, "PAF (EUR)": null, "DF (EUR)": null, "TAC A": null, "PAA (EUR)": null, "DA (EUR)": null, "TAC C": null, "PAC (EUR)": null, "DC (EUR)": null, "TAC MI": null, "PAMI (EUR)": null, "DMI (EUR)": null, " TAC MP": null, "PAMP (EUR)": null, "DMP (EUR)": null }, "geometry": null },
{ "type": "Feature", "properties": { "Année": 2029, "Mois": "Décembre", "UC": "UCR-F", "TAG": null, "NAP": null, "NAA": null, "NAC": null, "NAD": null, "TAR 1": null, "TAR 2": null, "TAR 1.1": null, "TAR 1.2": null, "TAR 2.1": null, "TAR 2.2": null, "TAA 1.1.1": null, "TAA 1.1.2": null, "TAA 1.1.3": null, "TAA 1.1.4": null, "TAA 1.2.1": null, "TAA 1.2.2": null, "TAA 1.2.3": null, "TAA 1.2.4": null, "TAA 2.1.1": null, "TAA 2.1.2": null, "TAA 2.1.3": null, "TAA 2.1.4": null, "TAA 2.2.1": null, "TAA 2.2.2": null, "TAA 2.2.3": null, "TAA 2.2.4": null, "DC": 3570353.05, "BT": 34500000, "TD": 0.10348849420289855, "BD 2024 (EUR)": 715524.94, "BD 2024 (%)": 0.020739853333333332, "BD 2025 (EUR)": 2758290.3, "BD 2025 (%)": 0.079950443478260858, "BD 2026 (EUR)": 96537.81, "BD 2026 (%)": 0.002798197391304348, "BD 2027 (EUR)": null, "BD 2027 (%)": null, "BD 2028 (EUR)": null, "BD 2028 (%)": null, "BD 2029 (EUR)": null, "BD 2029 (%)": null, "BD 2030 (EUR)": null, "BD 2030 (%)": null, "BD C1 (EUR)": null, "BD C1 (%)": null, "BD C2 (EUR)": null, "BD C2 (%)": null, "BD C3 (EUR)": null, "BD C3 (%)": null, "BD C4 (EUR)": null, "BD C4 (%)": null, "BDF (EUR)": null, "BDF (%)": null, "BDA (EUR)": null, "BDA (%)": null, "BDC (EUR)": null, "BDC (%)": null, "BDMI (EUR)": null, "BDMI (%)": null, "BDMP (EUR)": null, "BDMP (%)": null, "BDS (EUR)": null, "BDS (%)": null, "TAC": null, "PA (EUR)": null, "D (EUR)": null, "TAC  C1": null, "PA C1 (EUR)": null, "D C1 (EUR)": null, "TAC C2": null, "PA C2 (EUR)": null, "D C2 (EUR)": null, "TAC  C3": null, "PA C3 (EUR)": null, "D C3 (EUR)": null, "TAC C4": null, "PA C4 (EUR)": null, "D C4 (EUR)": null, "TAC F": null, "PAF (EUR)": null, "DF (EUR)": null, "TAC A": null, "PAA (EUR)": null, "DA (EUR)": null, "TAC C": null, "PAC (EUR)": null, "DC (EUR)": null, "TAC MI": null, "PAMI (EUR)": null, "DMI (EUR)": null, " TAC MP": null, "PAMP (EUR)": null, "DMP (EUR)": null }, "geometry": null },
{ "type": "Feature", "properties": { "Année": 2029, "Mois": "Janvier", "UC": "UCR-FD", "TAG": null, "NAP": null, "NAA": null, "NAC": null, "NAD": null, "TAR 1": null, "TAR 2": null, "TAR 1.1": null, "TAR 1.2": null, "TAR 2.1": null, "TAR 2.2": null, "TAA 1.1.1": null, "TAA 1.1.2": null, "TAA 1.1.3": null, "TAA 1.1.4": null, "TAA 1.2.1": null, "TAA 1.2.2": null, "TAA 1.2.3": null, "TAA 1.2.4": null, "TAA 2.1.1": null, "TAA 2.1.2": null, "TAA 2.1.3": null, "TAA 2.1.4": null, "TAA 2.2.1": null, "TAA 2.2.2": null, "TAA 2.2.3": null, "TAA 2.2.4": null, "DC": 3570353.05, "BT": 34500000, "TD": 0.10348849420289855, "BD 2024 (EUR)": 715524.94, "BD 2024 (%)": 0.020739853333333332, "BD 2025 (EUR)": 2758290.3, "BD 2025 (%)": 0.079950443478260858, "BD 2026 (EUR)": 96537.81, "BD 2026 (%)": 0.002798197391304348, "BD 2027 (EUR)": null, "BD 2027 (%)": null, "BD 2028 (EUR)": null, "BD 2028 (%)": null, "BD 2029 (EUR)": null, "BD 2029 (%)": null, "BD 2030 (EUR)": null, "BD 2030 (%)": null, "BD C1 (EUR)": null, "BD C1 (%)": null, "BD C2 (EUR)": null, "BD C2 (%)": null, "BD C3 (EUR)": null, "BD C3 (%)": null, "BD C4 (EUR)": null, "BD C4 (%)": null, "BDF (EUR)": null, "BDF (%)": null, "BDA (EUR)": null, "BDA (%)": null, "BDC (EUR)": null, "BDC (%)": null, "BDMI (EUR)": null, "BDMI (%)": null, "BDMP (EUR)": null, "BDMP (%)": null, "BDS (EUR)": null, "BDS (%)": null, "TAC": null, "PA (EUR)": null, "D (EUR)": null, "TAC  C1": null, "PA C1 (EUR)": null, "D C1 (EUR)": null, "TAC C2": null, "PA C2 (EUR)": null, "D C2 (EUR)": null, "TAC  C3": null, "PA C3 (EUR)": null, "D C3 (EUR)": null, "TAC C4": null, "PA C4 (EUR)": null, "D C4 (EUR)": null, "TAC F": null, "PAF (EUR)": null, "DF (EUR)": null, "TAC A": null, "PAA (EUR)": null, "DA (EUR)": null, "TAC C": null, "PAC (EUR)": null, "DC (EUR)": null, "TAC MI": null, "PAMI (EUR)": null, "DMI (EUR)": null, " TAC MP": null, "PAMP (EUR)": null, "DMP (EUR)": null }, "geometry": null },
{ "type": "Feature", "properties": { "Année": 2029, "Mois": "Février", "UC": "UCR-FD", "TAG": null, "NAP": null, "NAA": null, "NAC": null, "NAD": null, "TAR 1": null, "TAR 2": null, "TAR 1.1": null, "TAR 1.2": null, "TAR 2.1": null, "TAR 2.2": null, "TAA 1.1.1": null, "TAA 1.1.2": null, "TAA 1.1.3": null, "TAA 1.1.4": null, "TAA 1.2.1": null, "TAA 1.2.2": null, "TAA 1.2.3": null, "TAA 1.2.4": null, "TAA 2.1.1": null, "TAA 2.1.2": null, "TAA 2.1.3": null, "TAA 2.1.4": null, "TAA 2.2.1": null, "TAA 2.2.2": null, "TAA 2.2.3": null, "TAA 2.2.4": null, "DC": 3570353.05, "BT": 34500000, "TD": 0.10348849420289855, "BD 2024 (EUR)": 715524.94, "BD 2024 (%)": 0.020739853333333332, "BD 2025 (EUR)": 2758290.3, "BD 2025 (%)": 0.079950443478260858, "BD 2026 (EUR)": 96537.81, "BD 2026 (%)": 0.002798197391304348, "BD 2027 (EUR)": null, "BD 2027 (%)": null, "BD 2028 (EUR)": null, "BD 2028 (%)": null, "BD 2029 (EUR)": null, "BD 2029 (%)": null, "BD 2030 (EUR)": null, "BD 2030 (%)": null, "BD C1 (EUR)": null, "BD C1 (%)": null, "BD C2 (EUR)": null, "BD C2 (%)": null, "BD C3 (EUR)": null, "BD C3 (%)": null, "BD C4 (EUR)": null, "BD C4 (%)": null, "BDF (EUR)": null, "BDF (%)": null, "BDA (EUR)": null, "BDA (%)": null, "BDC (EUR)": null, "BDC (%)": null, "BDMI (EUR)": null, "BDMI (%)": null, "BDMP (EUR)": null, "BDMP (%)": null, "BDS (EUR)": null, "BDS (%)": null, "TAC": null, "PA (EUR)": null, "D (EUR)": null, "TAC  C1": null, "PA C1 (EUR)": null, "D C1 (EUR)": null, "TAC C2": null, "PA C2 (EUR)": null, "D C2 (EUR)": null, "TAC  C3": null, "PA C3 (EUR)": null, "D C3 (EUR)": null, "TAC C4": null, "PA C4 (EUR)": null, "D C4 (EUR)": null, "TAC F": null, "PAF (EUR)": null, "DF (EUR)": null, "TAC A": null, "PAA (EUR)": null, "DA (EUR)": null, "TAC C": null, "PAC (EUR)": null, "DC (EUR)": null, "TAC MI": null, "PAMI (EUR)": null, "DMI (EUR)": null, " TAC MP": null, "PAMP (EUR)": null, "DMP (EUR)": null }, "geometry": null },
{ "type": "Feature", "properties": { "Année": 2029, "Mois": "Mars", "UC": "UCR-FD", "TAG": null, "NAP": null, "NAA": null, "NAC": null, "NAD": null, "TAR 1": null, "TAR 2": null, "TAR 1.1": null, "TAR 1.2": null, "TAR 2.1": null, "TAR 2.2": null, "TAA 1.1.1": null, "TAA 1.1.2": null, "TAA 1.1.3": null, "TAA 1.1.4": null, "TAA 1.2.1": null, "TAA 1.2.2": null, "TAA 1.2.3": null, "TAA 1.2.4": null, "TAA 2.1.1": null, "TAA 2.1.2": null, "TAA 2.1.3": null, "TAA 2.1.4": null, "TAA 2.2.1": null, "TAA 2.2.2": null, "TAA 2.2.3": null, "TAA 2.2.4": null, "DC": 3570353.05, "BT": 34500000, "TD": 0.10348849420289855, "BD 2024 (EUR)": 715524.94, "BD 2024 (%)": 0.020739853333333332, "BD 2025 (EUR)": 2758290.3, "BD 2025 (%)": 0.079950443478260858, "BD 2026 (EUR)": 96537.81, "BD 2026 (%)": 0.002798197391304348, "BD 2027 (EUR)": null, "BD 2027 (%)": null, "BD 2028 (EUR)": null, "BD 2028 (%)": null, "BD 2029 (EUR)": null, "BD 2029 (%)": null, "BD 2030 (EUR)": null, "BD 2030 (%)": null, "BD C1 (EUR)": null, "BD C1 (%)": null, "BD C2 (EUR)": null, "BD C2 (%)": null, "BD C3 (EUR)": null, "BD C3 (%)": null, "BD C4 (EUR)": null, "BD C4 (%)": null, "BDF (EUR)": null, "BDF (%)": null, "BDA (EUR)": null, "BDA (%)": null, "BDC (EUR)": null, "BDC (%)": null, "BDMI (EUR)": null, "BDMI (%)": null, "BDMP (EUR)": null, "BDMP (%)": null, "BDS (EUR)": null, "BDS (%)": null, "TAC": null, "PA (EUR)": null, "D (EUR)": null, "TAC  C1": null, "PA C1 (EUR)": null, "D C1 (EUR)": null, "TAC C2": null, "PA C2 (EUR)": null, "D C2 (EUR)": null, "TAC  C3": null, "PA C3 (EUR)": null, "D C3 (EUR)": null, "TAC C4": null, "PA C4 (EUR)": null, "D C4 (EUR)": null, "TAC F": null, "PAF (EUR)": null, "DF (EUR)": null, "TAC A": null, "PAA (EUR)": null, "DA (EUR)": null, "TAC C": null, "PAC (EUR)": null, "DC (EUR)": null, "TAC MI": null, "PAMI (EUR)": null, "DMI (EUR)": null, " TAC MP": null, "PAMP (EUR)": null, "DMP (EUR)": null }, "geometry": null },
{ "type": "Feature", "properties": { "Année": 2029, "Mois": "Avril", "UC": "UCR-FD", "TAG": null, "NAP": null, "NAA": null, "NAC": null, "NAD": null, "TAR 1": null, "TAR 2": null, "TAR 1.1": null, "TAR 1.2": null, "TAR 2.1": null, "TAR 2.2": null, "TAA 1.1.1": null, "TAA 1.1.2": null, "TAA 1.1.3": null, "TAA 1.1.4": null, "TAA 1.2.1": null, "TAA 1.2.2": null, "TAA 1.2.3": null, "TAA 1.2.4": null, "TAA 2.1.1": null, "TAA 2.1.2": null, "TAA 2.1.3": null, "TAA 2.1.4": null, "TAA 2.2.1": null, "TAA 2.2.2": null, "TAA 2.2.3": null, "TAA 2.2.4": null, "DC": 3570353.05, "BT": 34500000, "TD": 0.10348849420289855, "BD 2024 (EUR)": 715524.94, "BD 2024 (%)": 0.020739853333333332, "BD 2025 (EUR)": 2758290.3, "BD 2025 (%)": 0.079950443478260858, "BD 2026 (EUR)": 96537.81, "BD 2026 (%)": 0.002798197391304348, "BD 2027 (EUR)": null, "BD 2027 (%)": null, "BD 2028 (EUR)": null, "BD 2028 (%)": null, "BD 2029 (EUR)": null, "BD 2029 (%)": null, "BD 2030 (EUR)": null, "BD 2030 (%)": null, "BD C1 (EUR)": null, "BD C1 (%)": null, "BD C2 (EUR)": null, "BD C2 (%)": null, "BD C3 (EUR)": null, "BD C3 (%)": null, "BD C4 (EUR)": null, "BD C4 (%)": null, "BDF (EUR)": null, "BDF (%)": null, "BDA (EUR)": null, "BDA (%)": null, "BDC (EUR)": null, "BDC (%)": null, "BDMI (EUR)": null, "BDMI (%)": null, "BDMP (EUR)": null, "BDMP (%)": null, "BDS (EUR)": null, "BDS (%)": null, "TAC": null, "PA (EUR)": null, "D (EUR)": null, "TAC  C1": null, "PA C1 (EUR)": null, "D C1 (EUR)": null, "TAC C2": null, "PA C2 (EUR)": null, "D C2 (EUR)": null, "TAC  C3": null, "PA C3 (EUR)": null, "D C3 (EUR)": null, "TAC C4": null, "PA C4 (EUR)": null, "D C4 (EUR)": null, "TAC F": null, "PAF (EUR)": null, "DF (EUR)": null, "TAC A": null, "PAA (EUR)": null, "DA (EUR)": null, "TAC C": null, "PAC (EUR)": null, "DC (EUR)": null, "TAC MI": null, "PAMI (EUR)": null, "DMI (EUR)": null, " TAC MP": null, "PAMP (EUR)": null, "DMP (EUR)": null }, "geometry": null },
{ "type": "Feature", "properties": { "Année": 2029, "Mois": "Mai", "UC": "UCR-FD", "TAG": null, "NAP": null, "NAA": null, "NAC": null, "NAD": null, "TAR 1": null, "TAR 2": null, "TAR 1.1": null, "TAR 1.2": null, "TAR 2.1": null, "TAR 2.2": null, "TAA 1.1.1": null, "TAA 1.1.2": null, "TAA 1.1.3": null, "TAA 1.1.4": null, "TAA 1.2.1": null, "TAA 1.2.2": null, "TAA 1.2.3": null, "TAA 1.2.4": null, "TAA 2.1.1": null, "TAA 2.1.2": null, "TAA 2.1.3": null, "TAA 2.1.4": null, "TAA 2.2.1": null, "TAA 2.2.2": null, "TAA 2.2.3": null, "TAA 2.2.4": null, "DC": 3570353.05, "BT": 34500000, "TD": 0.10348849420289855, "BD 2024 (EUR)": 715524.94, "BD 2024 (%)": 0.020739853333333332, "BD 2025 (EUR)": 2758290.3, "BD 2025 (%)": 0.079950443478260858, "BD 2026 (EUR)": 96537.81, "BD 2026 (%)": 0.002798197391304348, "BD 2027 (EUR)": null, "BD 2027 (%)": null, "BD 2028 (EUR)": null, "BD 2028 (%)": null, "BD 2029 (EUR)": null, "BD 2029 (%)": null, "BD 2030 (EUR)": null, "BD 2030 (%)": null, "BD C1 (EUR)": null, "BD C1 (%)": null, "BD C2 (EUR)": null, "BD C2 (%)": null, "BD C3 (EUR)": null, "BD C3 (%)": null, "BD C4 (EUR)": null, "BD C4 (%)": null, "BDF (EUR)": null, "BDF (%)": null, "BDA (EUR)": null, "BDA (%)": null, "BDC (EUR)": null, "BDC (%)": null, "BDMI (EUR)": null, "BDMI (%)": null, "BDMP (EUR)": null, "BDMP (%)": null, "BDS (EUR)": null, "BDS (%)": null, "TAC": null, "PA (EUR)": null, "D (EUR)": null, "TAC  C1": null, "PA C1 (EUR)": null, "D C1 (EUR)": null, "TAC C2": null, "PA C2 (EUR)": null, "D C2 (EUR)": null, "TAC  C3": null, "PA C3 (EUR)": null, "D C3 (EUR)": null, "TAC C4": null, "PA C4 (EUR)": null, "D C4 (EUR)": null, "TAC F": null, "PAF (EUR)": null, "DF (EUR)": null, "TAC A": null, "PAA (EUR)": null, "DA (EUR)": null, "TAC C": null, "PAC (EUR)": null, "DC (EUR)": null, "TAC MI": null, "PAMI (EUR)": null, "DMI (EUR)": null, " TAC MP": null, "PAMP (EUR)": null, "DMP (EUR)": null }, "geometry": null },
{ "type": "Feature", "properties": { "Année": 2029, "Mois": "Juin", "UC": "UCR-FD", "TAG": null, "NAP": null, "NAA": null, "NAC": null, "NAD": null, "TAR 1": null, "TAR 2": null, "TAR 1.1": null, "TAR 1.2": null, "TAR 2.1": null, "TAR 2.2": null, "TAA 1.1.1": null, "TAA 1.1.2": null, "TAA 1.1.3": null, "TAA 1.1.4": null, "TAA 1.2.1": null, "TAA 1.2.2": null, "TAA 1.2.3": null, "TAA 1.2.4": null, "TAA 2.1.1": null, "TAA 2.1.2": null, "TAA 2.1.3": null, "TAA 2.1.4": null, "TAA 2.2.1": null, "TAA 2.2.2": null, "TAA 2.2.3": null, "TAA 2.2.4": null, "DC": 3570353.05, "BT": 34500000, "TD": 0.10348849420289855, "BD 2024 (EUR)": 715524.94, "BD 2024 (%)": 0.020739853333333332, "BD 2025 (EUR)": 2758290.3, "BD 2025 (%)": 0.079950443478260858, "BD 2026 (EUR)": 96537.81, "BD 2026 (%)": 0.002798197391304348, "BD 2027 (EUR)": null, "BD 2027 (%)": null, "BD 2028 (EUR)": null, "BD 2028 (%)": null, "BD 2029 (EUR)": null, "BD 2029 (%)": null, "BD 2030 (EUR)": null, "BD 2030 (%)": null, "BD C1 (EUR)": null, "BD C1 (%)": null, "BD C2 (EUR)": null, "BD C2 (%)": null, "BD C3 (EUR)": null, "BD C3 (%)": null, "BD C4 (EUR)": null, "BD C4 (%)": null, "BDF (EUR)": null, "BDF (%)": null, "BDA (EUR)": null, "BDA (%)": null, "BDC (EUR)": null, "BDC (%)": null, "BDMI (EUR)": null, "BDMI (%)": null, "BDMP (EUR)": null, "BDMP (%)": null, "BDS (EUR)": null, "BDS (%)": null, "TAC": null, "PA (EUR)": null, "D (EUR)": null, "TAC  C1": null, "PA C1 (EUR)": null, "D C1 (EUR)": null, "TAC C2": null, "PA C2 (EUR)": null, "D C2 (EUR)": null, "TAC  C3": null, "PA C3 (EUR)": null, "D C3 (EUR)": null, "TAC C4": null, "PA C4 (EUR)": null, "D C4 (EUR)": null, "TAC F": null, "PAF (EUR)": null, "DF (EUR)": null, "TAC A": null, "PAA (EUR)": null, "DA (EUR)": null, "TAC C": null, "PAC (EUR)": null, "DC (EUR)": null, "TAC MI": null, "PAMI (EUR)": null, "DMI (EUR)": null, " TAC MP": null, "PAMP (EUR)": null, "DMP (EUR)": null }, "geometry": null },
{ "type": "Feature", "properties": { "Année": 2029, "Mois": "Juillet", "UC": "UCR-FD", "TAG": null, "NAP": null, "NAA": null, "NAC": null, "NAD": null, "TAR 1": null, "TAR 2": null, "TAR 1.1": null, "TAR 1.2": null, "TAR 2.1": null, "TAR 2.2": null, "TAA 1.1.1": null, "TAA 1.1.2": null, "TAA 1.1.3": null, "TAA 1.1.4": null, "TAA 1.2.1": null, "TAA 1.2.2": null, "TAA 1.2.3": null, "TAA 1.2.4": null, "TAA 2.1.1": null, "TAA 2.1.2": null, "TAA 2.1.3": null, "TAA 2.1.4": null, "TAA 2.2.1": null, "TAA 2.2.2": null, "TAA 2.2.3": null, "TAA 2.2.4": null, "DC": 3570353.05, "BT": 34500000, "TD": 0.10348849420289855, "BD 2024 (EUR)": 715524.94, "BD 2024 (%)": 0.020739853333333332, "BD 2025 (EUR)": 2758290.3, "BD 2025 (%)": 0.079950443478260858, "BD 2026 (EUR)": 96537.81, "BD 2026 (%)": 0.002798197391304348, "BD 2027 (EUR)": null, "BD 2027 (%)": null, "BD 2028 (EUR)": null, "BD 2028 (%)": null, "BD 2029 (EUR)": null, "BD 2029 (%)": null, "BD 2030 (EUR)": null, "BD 2030 (%)": null, "BD C1 (EUR)": null, "BD C1 (%)": null, "BD C2 (EUR)": null, "BD C2 (%)": null, "BD C3 (EUR)": null, "BD C3 (%)": null, "BD C4 (EUR)": null, "BD C4 (%)": null, "BDF (EUR)": null, "BDF (%)": null, "BDA (EUR)": null, "BDA (%)": null, "BDC (EUR)": null, "BDC (%)": null, "BDMI (EUR)": null, "BDMI (%)": null, "BDMP (EUR)": null, "BDMP (%)": null, "BDS (EUR)": null, "BDS (%)": null, "TAC": null, "PA (EUR)": null, "D (EUR)": null, "TAC  C1": null, "PA C1 (EUR)": null, "D C1 (EUR)": null, "TAC C2": null, "PA C2 (EUR)": null, "D C2 (EUR)": null, "TAC  C3": null, "PA C3 (EUR)": null, "D C3 (EUR)": null, "TAC C4": null, "PA C4 (EUR)": null, "D C4 (EUR)": null, "TAC F": null, "PAF (EUR)": null, "DF (EUR)": null, "TAC A": null, "PAA (EUR)": null, "DA (EUR)": null, "TAC C": null, "PAC (EUR)": null, "DC (EUR)": null, "TAC MI": null, "PAMI (EUR)": null, "DMI (EUR)": null, " TAC MP": null, "PAMP (EUR)": null, "DMP (EUR)": null }, "geometry": null },
{ "type": "Feature", "properties": { "Année": 2029, "Mois": "Août", "UC": "UCR-FD", "TAG": null, "NAP": null, "NAA": null, "NAC": null, "NAD": null, "TAR 1": null, "TAR 2": null, "TAR 1.1": null, "TAR 1.2": null, "TAR 2.1": null, "TAR 2.2": null, "TAA 1.1.1": null, "TAA 1.1.2": null, "TAA 1.1.3": null, "TAA 1.1.4": null, "TAA 1.2.1": null, "TAA 1.2.2": null, "TAA 1.2.3": null, "TAA 1.2.4": null, "TAA 2.1.1": null, "TAA 2.1.2": null, "TAA 2.1.3": null, "TAA 2.1.4": null, "TAA 2.2.1": null, "TAA 2.2.2": null, "TAA 2.2.3": null, "TAA 2.2.4": null, "DC": 3570353.05, "BT": 34500000, "TD": 0.10348849420289855, "BD 2024 (EUR)": 715524.94, "BD 2024 (%)": 0.020739853333333332, "BD 2025 (EUR)": 2758290.3, "BD 2025 (%)": 0.079950443478260858, "BD 2026 (EUR)": 96537.81, "BD 2026 (%)": 0.002798197391304348, "BD 2027 (EUR)": null, "BD 2027 (%)": null, "BD 2028 (EUR)": null, "BD 2028 (%)": null, "BD 2029 (EUR)": null, "BD 2029 (%)": null, "BD 2030 (EUR)": null, "BD 2030 (%)": null, "BD C1 (EUR)": null, "BD C1 (%)": null, "BD C2 (EUR)": null, "BD C2 (%)": null, "BD C3 (EUR)": null, "BD C3 (%)": null, "BD C4 (EUR)": null, "BD C4 (%)": null, "BDF (EUR)": null, "BDF (%)": null, "BDA (EUR)": null, "BDA (%)": null, "BDC (EUR)": null, "BDC (%)": null, "BDMI (EUR)": null, "BDMI (%)": null, "BDMP (EUR)": null, "BDMP (%)": null, "BDS (EUR)": null, "BDS (%)": null, "TAC": null, "PA (EUR)": null, "D (EUR)": null, "TAC  C1": null, "PA C1 (EUR)": null, "D C1 (EUR)": null, "TAC C2": null, "PA C2 (EUR)": null, "D C2 (EUR)": null, "TAC  C3": null, "PA C3 (EUR)": null, "D C3 (EUR)": null, "TAC C4": null, "PA C4 (EUR)": null, "D C4 (EUR)": null, "TAC F": null, "PAF (EUR)": null, "DF (EUR)": null, "TAC A": null, "PAA (EUR)": null, "DA (EUR)": null, "TAC C": null, "PAC (EUR)": null, "DC (EUR)": null, "TAC MI": null, "PAMI (EUR)": null, "DMI (EUR)": null, " TAC MP": null, "PAMP (EUR)": null, "DMP (EUR)": null }, "geometry": null },
{ "type": "Feature", "properties": { "Année": 2029, "Mois": "Septembre", "UC": "UCR-FD", "TAG": null, "NAP": null, "NAA": null, "NAC": null, "NAD": null, "TAR 1": null, "TAR 2": null, "TAR 1.1": null, "TAR 1.2": null, "TAR 2.1": null, "TAR 2.2": null, "TAA 1.1.1": null, "TAA 1.1.2": null, "TAA 1.1.3": null, "TAA 1.1.4": null, "TAA 1.2.1": null, "TAA 1.2.2": null, "TAA 1.2.3": null, "TAA 1.2.4": null, "TAA 2.1.1": null, "TAA 2.1.2": null, "TAA 2.1.3": null, "TAA 2.1.4": null, "TAA 2.2.1": null, "TAA 2.2.2": null, "TAA 2.2.3": null, "TAA 2.2.4": null, "DC": 3570353.05, "BT": 34500000, "TD": 0.10348849420289855, "BD 2024 (EUR)": 715524.94, "BD 2024 (%)": 0.020739853333333332, "BD 2025 (EUR)": 2758290.3, "BD 2025 (%)": 0.079950443478260858, "BD 2026 (EUR)": 96537.81, "BD 2026 (%)": 0.002798197391304348, "BD 2027 (EUR)": null, "BD 2027 (%)": null, "BD 2028 (EUR)": null, "BD 2028 (%)": null, "BD 2029 (EUR)": null, "BD 2029 (%)": null, "BD 2030 (EUR)": null, "BD 2030 (%)": null, "BD C1 (EUR)": null, "BD C1 (%)": null, "BD C2 (EUR)": null, "BD C2 (%)": null, "BD C3 (EUR)": null, "BD C3 (%)": null, "BD C4 (EUR)": null, "BD C4 (%)": null, "BDF (EUR)": null, "BDF (%)": null, "BDA (EUR)": null, "BDA (%)": null, "BDC (EUR)": null, "BDC (%)": null, "BDMI (EUR)": null, "BDMI (%)": null, "BDMP (EUR)": null, "BDMP (%)": null, "BDS (EUR)": null, "BDS (%)": null, "TAC": null, "PA (EUR)": null, "D (EUR)": null, "TAC  C1": null, "PA C1 (EUR)": null, "D C1 (EUR)": null, "TAC C2": null, "PA C2 (EUR)": null, "D C2 (EUR)": null, "TAC  C3": null, "PA C3 (EUR)": null, "D C3 (EUR)": null, "TAC C4": null, "PA C4 (EUR)": null, "D C4 (EUR)": null, "TAC F": null, "PAF (EUR)": null, "DF (EUR)": null, "TAC A": null, "PAA (EUR)": null, "DA (EUR)": null, "TAC C": null, "PAC (EUR)": null, "DC (EUR)": null, "TAC MI": null, "PAMI (EUR)": null, "DMI (EUR)": null, " TAC MP": null, "PAMP (EUR)": null, "DMP (EUR)": null }, "geometry": null },
{ "type": "Feature", "properties": { "Année": 2029, "Mois": "Octobre", "UC": "UCR-FD", "TAG": null, "NAP": null, "NAA": null, "NAC": null, "NAD": null, "TAR 1": null, "TAR 2": null, "TAR 1.1": null, "TAR 1.2": null, "TAR 2.1": null, "TAR 2.2": null, "TAA 1.1.1": null, "TAA 1.1.2": null, "TAA 1.1.3": null, "TAA 1.1.4": null, "TAA 1.2.1": null, "TAA 1.2.2": null, "TAA 1.2.3": null, "TAA 1.2.4": null, "TAA 2.1.1": null, "TAA 2.1.2": null, "TAA 2.1.3": null, "TAA 2.1.4": null, "TAA 2.2.1": null, "TAA 2.2.2": null, "TAA 2.2.3": null, "TAA 2.2.4": null, "DC": 3570353.05, "BT": 34500000, "TD": 0.10348849420289855, "BD 2024 (EUR)": 715524.94, "BD 2024 (%)": 0.020739853333333332, "BD 2025 (EUR)": 2758290.3, "BD 2025 (%)": 0.079950443478260858, "BD 2026 (EUR)": 96537.81, "BD 2026 (%)": 0.002798197391304348, "BD 2027 (EUR)": null, "BD 2027 (%)": null, "BD 2028 (EUR)": null, "BD 2028 (%)": null, "BD 2029 (EUR)": null, "BD 2029 (%)": null, "BD 2030 (EUR)": null, "BD 2030 (%)": null, "BD C1 (EUR)": null, "BD C1 (%)": null, "BD C2 (EUR)": null, "BD C2 (%)": null, "BD C3 (EUR)": null, "BD C3 (%)": null, "BD C4 (EUR)": null, "BD C4 (%)": null, "BDF (EUR)": null, "BDF (%)": null, "BDA (EUR)": null, "BDA (%)": null, "BDC (EUR)": null, "BDC (%)": null, "BDMI (EUR)": null, "BDMI (%)": null, "BDMP (EUR)": null, "BDMP (%)": null, "BDS (EUR)": null, "BDS (%)": null, "TAC": null, "PA (EUR)": null, "D (EUR)": null, "TAC  C1": null, "PA C1 (EUR)": null, "D C1 (EUR)": null, "TAC C2": null, "PA C2 (EUR)": null, "D C2 (EUR)": null, "TAC  C3": null, "PA C3 (EUR)": null, "D C3 (EUR)": null, "TAC C4": null, "PA C4 (EUR)": null, "D C4 (EUR)": null, "TAC F": null, "PAF (EUR)": null, "DF (EUR)": null, "TAC A": null, "PAA (EUR)": null, "DA (EUR)": null, "TAC C": null, "PAC (EUR)": null, "DC (EUR)": null, "TAC MI": null, "PAMI (EUR)": null, "DMI (EUR)": null, " TAC MP": null, "PAMP (EUR)": null, "DMP (EUR)": null }, "geometry": null },
{ "type": "Feature", "properties": { "Année": 2029, "Mois": "Novembre", "UC": "UCR-FD", "TAG": null, "NAP": null, "NAA": null, "NAC": null, "NAD": null, "TAR 1": null, "TAR 2": null, "TAR 1.1": null, "TAR 1.2": null, "TAR 2.1": null, "TAR 2.2": null, "TAA 1.1.1": null, "TAA 1.1.2": null, "TAA 1.1.3": null, "TAA 1.1.4": null, "TAA 1.2.1": null, "TAA 1.2.2": null, "TAA 1.2.3": null, "TAA 1.2.4": null, "TAA 2.1.1": null, "TAA 2.1.2": null, "TAA 2.1.3": null, "TAA 2.1.4": null, "TAA 2.2.1": null, "TAA 2.2.2": null, "TAA 2.2.3": null, "TAA 2.2.4": null, "DC": 3570353.05, "BT": 34500000, "TD": 0.10348849420289855, "BD 2024 (EUR)": 715524.94, "BD 2024 (%)": 0.020739853333333332, "BD 2025 (EUR)": 2758290.3, "BD 2025 (%)": 0.079950443478260858, "BD 2026 (EUR)": 96537.81, "BD 2026 (%)": 0.002798197391304348, "BD 2027 (EUR)": null, "BD 2027 (%)": null, "BD 2028 (EUR)": null, "BD 2028 (%)": null, "BD 2029 (EUR)": null, "BD 2029 (%)": null, "BD 2030 (EUR)": null, "BD 2030 (%)": null, "BD C1 (EUR)": null, "BD C1 (%)": null, "BD C2 (EUR)": null, "BD C2 (%)": null, "BD C3 (EUR)": null, "BD C3 (%)": null, "BD C4 (EUR)": null, "BD C4 (%)": null, "BDF (EUR)": null, "BDF (%)": null, "BDA (EUR)": null, "BDA (%)": null, "BDC (EUR)": null, "BDC (%)": null, "BDMI (EUR)": null, "BDMI (%)": null, "BDMP (EUR)": null, "BDMP (%)": null, "BDS (EUR)": null, "BDS (%)": null, "TAC": null, "PA (EUR)": null, "D (EUR)": null, "TAC  C1": null, "PA C1 (EUR)": null, "D C1 (EUR)": null, "TAC C2": null, "PA C2 (EUR)": null, "D C2 (EUR)": null, "TAC  C3": null, "PA C3 (EUR)": null, "D C3 (EUR)": null, "TAC C4": null, "PA C4 (EUR)": null, "D C4 (EUR)": null, "TAC F": null, "PAF (EUR)": null, "DF (EUR)": null, "TAC A": null, "PAA (EUR)": null, "DA (EUR)": null, "TAC C": null, "PAC (EUR)": null, "DC (EUR)": null, "TAC MI": null, "PAMI (EUR)": null, "DMI (EUR)": null, " TAC MP": null, "PAMP (EUR)": null, "DMP (EUR)": null }, "geometry": null },
{ "type": "Feature", "properties": { "Année": 2029, "Mois": "Décembre", "UC": "UCR-FD", "TAG": null, "NAP": null, "NAA": null, "NAC": null, "NAD": null, "TAR 1": null, "TAR 2": null, "TAR 1.1": null, "TAR 1.2": null, "TAR 2.1": null, "TAR 2.2": null, "TAA 1.1.1": null, "TAA 1.1.2": null, "TAA 1.1.3": null, "TAA 1.1.4": null, "TAA 1.2.1": null, "TAA 1.2.2": null, "TAA 1.2.3": null, "TAA 1.2.4": null, "TAA 2.1.1": null, "TAA 2.1.2": null, "TAA 2.1.3": null, "TAA 2.1.4": null, "TAA 2.2.1": null, "TAA 2.2.2": null, "TAA 2.2.3": null, "TAA 2.2.4": null, "DC": 3570353.05, "BT": 34500000, "TD": 0.10348849420289855, "BD 2024 (EUR)": 715524.94, "BD 2024 (%)": 0.020739853333333332, "BD 2025 (EUR)": 2758290.3, "BD 2025 (%)": 0.079950443478260858, "BD 2026 (EUR)": 96537.81, "BD 2026 (%)": 0.002798197391304348, "BD 2027 (EUR)": null, "BD 2027 (%)": null, "BD 2028 (EUR)": null, "BD 2028 (%)": null, "BD 2029 (EUR)": null, "BD 2029 (%)": null, "BD 2030 (EUR)": null, "BD 2030 (%)": null, "BD C1 (EUR)": null, "BD C1 (%)": null, "BD C2 (EUR)": null, "BD C2 (%)": null, "BD C3 (EUR)": null, "BD C3 (%)": null, "BD C4 (EUR)": null, "BD C4 (%)": null, "BDF (EUR)": null, "BDF (%)": null, "BDA (EUR)": null, "BDA (%)": null, "BDC (EUR)": null, "BDC (%)": null, "BDMI (EUR)": null, "BDMI (%)": null, "BDMP (EUR)": null, "BDMP (%)": null, "BDS (EUR)": null, "BDS (%)": null, "TAC": null, "PA (EUR)": null, "D (EUR)": null, "TAC  C1": null, "PA C1 (EUR)": null, "D C1 (EUR)": null, "TAC C2": null, "PA C2 (EUR)": null, "D C2 (EUR)": null, "TAC  C3": null, "PA C3 (EUR)": null, "D C3 (EUR)": null, "TAC C4": null, "PA C4 (EUR)": null, "D C4 (EUR)": null, "TAC F": null, "PAF (EUR)": null, "DF (EUR)": null, "TAC A": null, "PAA (EUR)": null, "DA (EUR)": null, "TAC C": null, "PAC (EUR)": null, "DC (EUR)": null, "TAC MI": null, "PAMI (EUR)": null, "DMI (EUR)": null, " TAC MP": null, "PAMP (EUR)": null, "DMP (EUR)": null }, "geometry": null },
{ "type": "Feature", "properties": { "Année": 2030, "Mois": "Janvier", "UC": "Tous", "TAG": null, "NAP": null, "NAA": null, "NAC": null, "NAD": null, "TAR 1": null, "TAR 2": null, "TAR 1.1": null, "TAR 1.2": null, "TAR 2.1": null, "TAR 2.2": null, "TAA 1.1.1": null, "TAA 1.1.2": null, "TAA 1.1.3": null, "TAA 1.1.4": null, "TAA 1.2.1": null, "TAA 1.2.2": null, "TAA 1.2.3": null, "TAA 1.2.4": null, "TAA 2.1.1": null, "TAA 2.1.2": null, "TAA 2.1.3": null, "TAA 2.1.4": null, "TAA 2.2.1": null, "TAA 2.2.2": null, "TAA 2.2.3": null, "TAA 2.2.4": null, "DC": 3570353.05, "BT": 34500000, "TD": 0.10348849420289855, "BD 2024 (EUR)": 715524.94, "BD 2024 (%)": 0.020739853333333332, "BD 2025 (EUR)": 2758290.3, "BD 2025 (%)": 0.079950443478260858, "BD 2026 (EUR)": 96537.81, "BD 2026 (%)": 0.002798197391304348, "BD 2027 (EUR)": null, "BD 2027 (%)": null, "BD 2028 (EUR)": null, "BD 2028 (%)": null, "BD 2029 (EUR)": null, "BD 2029 (%)": null, "BD 2030 (EUR)": null, "BD 2030 (%)": null, "BD C1 (EUR)": null, "BD C1 (%)": null, "BD C2 (EUR)": null, "BD C2 (%)": null, "BD C3 (EUR)": null, "BD C3 (%)": null, "BD C4 (EUR)": null, "BD C4 (%)": null, "BDF (EUR)": null, "BDF (%)": null, "BDA (EUR)": null, "BDA (%)": null, "BDC (EUR)": null, "BDC (%)": null, "BDMI (EUR)": null, "BDMI (%)": null, "BDMP (EUR)": null, "BDMP (%)": null, "BDS (EUR)": null, "BDS (%)": null, "TAC": null, "PA (EUR)": null, "D (EUR)": null, "TAC  C1": null, "PA C1 (EUR)": null, "D C1 (EUR)": null, "TAC C2": null, "PA C2 (EUR)": null, "D C2 (EUR)": null, "TAC  C3": null, "PA C3 (EUR)": null, "D C3 (EUR)": null, "TAC C4": null, "PA C4 (EUR)": null, "D C4 (EUR)": null, "TAC F": null, "PAF (EUR)": null, "DF (EUR)": null, "TAC A": null, "PAA (EUR)": null, "DA (EUR)": null, "TAC C": null, "PAC (EUR)": null, "DC (EUR)": null, "TAC MI": null, "PAMI (EUR)": null, "DMI (EUR)": null, " TAC MP": null, "PAMP (EUR)": null, "DMP (EUR)": null }, "geometry": null },
{ "type": "Feature", "properties": { "Année": 2030, "Mois": "Février", "UC": "Tous", "TAG": null, "NAP": null, "NAA": null, "NAC": null, "NAD": null, "TAR 1": null, "TAR 2": null, "TAR 1.1": null, "TAR 1.2": null, "TAR 2.1": null, "TAR 2.2": null, "TAA 1.1.1": null, "TAA 1.1.2": null, "TAA 1.1.3": null, "TAA 1.1.4": null, "TAA 1.2.1": null, "TAA 1.2.2": null, "TAA 1.2.3": null, "TAA 1.2.4": null, "TAA 2.1.1": null, "TAA 2.1.2": null, "TAA 2.1.3": null, "TAA 2.1.4": null, "TAA 2.2.1": null, "TAA 2.2.2": null, "TAA 2.2.3": null, "TAA 2.2.4": null, "DC": 3570353.05, "BT": 34500000, "TD": 0.10348849420289855, "BD 2024 (EUR)": 715524.94, "BD 2024 (%)": 0.020739853333333332, "BD 2025 (EUR)": 2758290.3, "BD 2025 (%)": 0.079950443478260858, "BD 2026 (EUR)": 96537.81, "BD 2026 (%)": 0.002798197391304348, "BD 2027 (EUR)": null, "BD 2027 (%)": null, "BD 2028 (EUR)": null, "BD 2028 (%)": null, "BD 2029 (EUR)": null, "BD 2029 (%)": null, "BD 2030 (EUR)": null, "BD 2030 (%)": null, "BD C1 (EUR)": null, "BD C1 (%)": null, "BD C2 (EUR)": null, "BD C2 (%)": null, "BD C3 (EUR)": null, "BD C3 (%)": null, "BD C4 (EUR)": null, "BD C4 (%)": null, "BDF (EUR)": null, "BDF (%)": null, "BDA (EUR)": null, "BDA (%)": null, "BDC (EUR)": null, "BDC (%)": null, "BDMI (EUR)": null, "BDMI (%)": null, "BDMP (EUR)": null, "BDMP (%)": null, "BDS (EUR)": null, "BDS (%)": null, "TAC": null, "PA (EUR)": null, "D (EUR)": null, "TAC  C1": null, "PA C1 (EUR)": null, "D C1 (EUR)": null, "TAC C2": null, "PA C2 (EUR)": null, "D C2 (EUR)": null, "TAC  C3": null, "PA C3 (EUR)": null, "D C3 (EUR)": null, "TAC C4": null, "PA C4 (EUR)": null, "D C4 (EUR)": null, "TAC F": null, "PAF (EUR)": null, "DF (EUR)": null, "TAC A": null, "PAA (EUR)": null, "DA (EUR)": null, "TAC C": null, "PAC (EUR)": null, "DC (EUR)": null, "TAC MI": null, "PAMI (EUR)": null, "DMI (EUR)": null, " TAC MP": null, "PAMP (EUR)": null, "DMP (EUR)": null }, "geometry": null },
{ "type": "Feature", "properties": { "Année": 2030, "Mois": "Mars", "UC": "Tous", "TAG": null, "NAP": null, "NAA": null, "NAC": null, "NAD": null, "TAR 1": null, "TAR 2": null, "TAR 1.1": null, "TAR 1.2": null, "TAR 2.1": null, "TAR 2.2": null, "TAA 1.1.1": null, "TAA 1.1.2": null, "TAA 1.1.3": null, "TAA 1.1.4": null, "TAA 1.2.1": null, "TAA 1.2.2": null, "TAA 1.2.3": null, "TAA 1.2.4": null, "TAA 2.1.1": null, "TAA 2.1.2": null, "TAA 2.1.3": null, "TAA 2.1.4": null, "TAA 2.2.1": null, "TAA 2.2.2": null, "TAA 2.2.3": null, "TAA 2.2.4": null, "DC": 3570353.05, "BT": 34500000, "TD": 0.10348849420289855, "BD 2024 (EUR)": 715524.94, "BD 2024 (%)": 0.020739853333333332, "BD 2025 (EUR)": 2758290.3, "BD 2025 (%)": 0.079950443478260858, "BD 2026 (EUR)": 96537.81, "BD 2026 (%)": 0.002798197391304348, "BD 2027 (EUR)": null, "BD 2027 (%)": null, "BD 2028 (EUR)": null, "BD 2028 (%)": null, "BD 2029 (EUR)": null, "BD 2029 (%)": null, "BD 2030 (EUR)": null, "BD 2030 (%)": null, "BD C1 (EUR)": null, "BD C1 (%)": null, "BD C2 (EUR)": null, "BD C2 (%)": null, "BD C3 (EUR)": null, "BD C3 (%)": null, "BD C4 (EUR)": null, "BD C4 (%)": null, "BDF (EUR)": null, "BDF (%)": null, "BDA (EUR)": null, "BDA (%)": null, "BDC (EUR)": null, "BDC (%)": null, "BDMI (EUR)": null, "BDMI (%)": null, "BDMP (EUR)": null, "BDMP (%)": null, "BDS (EUR)": null, "BDS (%)": null, "TAC": null, "PA (EUR)": null, "D (EUR)": null, "TAC  C1": null, "PA C1 (EUR)": null, "D C1 (EUR)": null, "TAC C2": null, "PA C2 (EUR)": null, "D C2 (EUR)": null, "TAC  C3": null, "PA C3 (EUR)": null, "D C3 (EUR)": null, "TAC C4": null, "PA C4 (EUR)": null, "D C4 (EUR)": null, "TAC F": null, "PAF (EUR)": null, "DF (EUR)": null, "TAC A": null, "PAA (EUR)": null, "DA (EUR)": null, "TAC C": null, "PAC (EUR)": null, "DC (EUR)": null, "TAC MI": null, "PAMI (EUR)": null, "DMI (EUR)": null, " TAC MP": null, "PAMP (EUR)": null, "DMP (EUR)": null }, "geometry": null },
{ "type": "Feature", "properties": { "Année": 2030, "Mois": "Avril", "UC": "Tous", "TAG": null, "NAP": null, "NAA": null, "NAC": null, "NAD": null, "TAR 1": null, "TAR 2": null, "TAR 1.1": null, "TAR 1.2": null, "TAR 2.1": null, "TAR 2.2": null, "TAA 1.1.1": null, "TAA 1.1.2": null, "TAA 1.1.3": null, "TAA 1.1.4": null, "TAA 1.2.1": null, "TAA 1.2.2": null, "TAA 1.2.3": null, "TAA 1.2.4": null, "TAA 2.1.1": null, "TAA 2.1.2": null, "TAA 2.1.3": null, "TAA 2.1.4": null, "TAA 2.2.1": null, "TAA 2.2.2": null, "TAA 2.2.3": null, "TAA 2.2.4": null, "DC": 3570353.05, "BT": 34500000, "TD": 0.10348849420289855, "BD 2024 (EUR)": 715524.94, "BD 2024 (%)": 0.020739853333333332, "BD 2025 (EUR)": 2758290.3, "BD 2025 (%)": 0.079950443478260858, "BD 2026 (EUR)": 96537.81, "BD 2026 (%)": 0.002798197391304348, "BD 2027 (EUR)": null, "BD 2027 (%)": null, "BD 2028 (EUR)": null, "BD 2028 (%)": null, "BD 2029 (EUR)": null, "BD 2029 (%)": null, "BD 2030 (EUR)": null, "BD 2030 (%)": null, "BD C1 (EUR)": null, "BD C1 (%)": null, "BD C2 (EUR)": null, "BD C2 (%)": null, "BD C3 (EUR)": null, "BD C3 (%)": null, "BD C4 (EUR)": null, "BD C4 (%)": null, "BDF (EUR)": null, "BDF (%)": null, "BDA (EUR)": null, "BDA (%)": null, "BDC (EUR)": null, "BDC (%)": null, "BDMI (EUR)": null, "BDMI (%)": null, "BDMP (EUR)": null, "BDMP (%)": null, "BDS (EUR)": null, "BDS (%)": null, "TAC": null, "PA (EUR)": null, "D (EUR)": null, "TAC  C1": null, "PA C1 (EUR)": null, "D C1 (EUR)": null, "TAC C2": null, "PA C2 (EUR)": null, "D C2 (EUR)": null, "TAC  C3": null, "PA C3 (EUR)": null, "D C3 (EUR)": null, "TAC C4": null, "PA C4 (EUR)": null, "D C4 (EUR)": null, "TAC F": null, "PAF (EUR)": null, "DF (EUR)": null, "TAC A": null, "PAA (EUR)": null, "DA (EUR)": null, "TAC C": null, "PAC (EUR)": null, "DC (EUR)": null, "TAC MI": null, "PAMI (EUR)": null, "DMI (EUR)": null, " TAC MP": null, "PAMP (EUR)": null, "DMP (EUR)": null }, "geometry": null },
{ "type": "Feature", "properties": { "Année": 2030, "Mois": "Mai", "UC": "Tous", "TAG": null, "NAP": null, "NAA": null, "NAC": null, "NAD": null, "TAR 1": null, "TAR 2": null, "TAR 1.1": null, "TAR 1.2": null, "TAR 2.1": null, "TAR 2.2": null, "TAA 1.1.1": null, "TAA 1.1.2": null, "TAA 1.1.3": null, "TAA 1.1.4": null, "TAA 1.2.1": null, "TAA 1.2.2": null, "TAA 1.2.3": null, "TAA 1.2.4": null, "TAA 2.1.1": null, "TAA 2.1.2": null, "TAA 2.1.3": null, "TAA 2.1.4": null, "TAA 2.2.1": null, "TAA 2.2.2": null, "TAA 2.2.3": null, "TAA 2.2.4": null, "DC": 3570353.05, "BT": 34500000, "TD": 0.10348849420289855, "BD 2024 (EUR)": 715524.94, "BD 2024 (%)": 0.020739853333333332, "BD 2025 (EUR)": 2758290.3, "BD 2025 (%)": 0.079950443478260858, "BD 2026 (EUR)": 96537.81, "BD 2026 (%)": 0.002798197391304348, "BD 2027 (EUR)": null, "BD 2027 (%)": null, "BD 2028 (EUR)": null, "BD 2028 (%)": null, "BD 2029 (EUR)": null, "BD 2029 (%)": null, "BD 2030 (EUR)": null, "BD 2030 (%)": null, "BD C1 (EUR)": null, "BD C1 (%)": null, "BD C2 (EUR)": null, "BD C2 (%)": null, "BD C3 (EUR)": null, "BD C3 (%)": null, "BD C4 (EUR)": null, "BD C4 (%)": null, "BDF (EUR)": null, "BDF (%)": null, "BDA (EUR)": null, "BDA (%)": null, "BDC (EUR)": null, "BDC (%)": null, "BDMI (EUR)": null, "BDMI (%)": null, "BDMP (EUR)": null, "BDMP (%)": null, "BDS (EUR)": null, "BDS (%)": null, "TAC": null, "PA (EUR)": null, "D (EUR)": null, "TAC  C1": null, "PA C1 (EUR)": null, "D C1 (EUR)": null, "TAC C2": null, "PA C2 (EUR)": null, "D C2 (EUR)": null, "TAC  C3": null, "PA C3 (EUR)": null, "D C3 (EUR)": null, "TAC C4": null, "PA C4 (EUR)": null, "D C4 (EUR)": null, "TAC F": null, "PAF (EUR)": null, "DF (EUR)": null, "TAC A": null, "PAA (EUR)": null, "DA (EUR)": null, "TAC C": null, "PAC (EUR)": null, "DC (EUR)": null, "TAC MI": null, "PAMI (EUR)": null, "DMI (EUR)": null, " TAC MP": null, "PAMP (EUR)": null, "DMP (EUR)": null }, "geometry": null },
{ "type": "Feature", "properties": { "Année": 2030, "Mois": "Juin", "UC": "Tous", "TAG": null, "NAP": null, "NAA": null, "NAC": null, "NAD": null, "TAR 1": null, "TAR 2": null, "TAR 1.1": null, "TAR 1.2": null, "TAR 2.1": null, "TAR 2.2": null, "TAA 1.1.1": null, "TAA 1.1.2": null, "TAA 1.1.3": null, "TAA 1.1.4": null, "TAA 1.2.1": null, "TAA 1.2.2": null, "TAA 1.2.3": null, "TAA 1.2.4": null, "TAA 2.1.1": null, "TAA 2.1.2": null, "TAA 2.1.3": null, "TAA 2.1.4": null, "TAA 2.2.1": null, "TAA 2.2.2": null, "TAA 2.2.3": null, "TAA 2.2.4": null, "DC": 3570353.05, "BT": 34500000, "TD": 0.10348849420289855, "BD 2024 (EUR)": 715524.94, "BD 2024 (%)": 0.020739853333333332, "BD 2025 (EUR)": 2758290.3, "BD 2025 (%)": 0.079950443478260858, "BD 2026 (EUR)": 96537.81, "BD 2026 (%)": 0.002798197391304348, "BD 2027 (EUR)": null, "BD 2027 (%)": null, "BD 2028 (EUR)": null, "BD 2028 (%)": null, "BD 2029 (EUR)": null, "BD 2029 (%)": null, "BD 2030 (EUR)": null, "BD 2030 (%)": null, "BD C1 (EUR)": null, "BD C1 (%)": null, "BD C2 (EUR)": null, "BD C2 (%)": null, "BD C3 (EUR)": null, "BD C3 (%)": null, "BD C4 (EUR)": null, "BD C4 (%)": null, "BDF (EUR)": null, "BDF (%)": null, "BDA (EUR)": null, "BDA (%)": null, "BDC (EUR)": null, "BDC (%)": null, "BDMI (EUR)": null, "BDMI (%)": null, "BDMP (EUR)": null, "BDMP (%)": null, "BDS (EUR)": null, "BDS (%)": null, "TAC": null, "PA (EUR)": null, "D (EUR)": null, "TAC  C1": null, "PA C1 (EUR)": null, "D C1 (EUR)": null, "TAC C2": null, "PA C2 (EUR)": null, "D C2 (EUR)": null, "TAC  C3": null, "PA C3 (EUR)": null, "D C3 (EUR)": null, "TAC C4": null, "PA C4 (EUR)": null, "D C4 (EUR)": null, "TAC F": null, "PAF (EUR)": null, "DF (EUR)": null, "TAC A": null, "PAA (EUR)": null, "DA (EUR)": null, "TAC C": null, "PAC (EUR)": null, "DC (EUR)": null, "TAC MI": null, "PAMI (EUR)": null, "DMI (EUR)": null, " TAC MP": null, "PAMP (EUR)": null, "DMP (EUR)": null }, "geometry": null },
{ "type": "Feature", "properties": { "Année": 2030, "Mois": "Juillet", "UC": "Tous", "TAG": null, "NAP": null, "NAA": null, "NAC": null, "NAD": null, "TAR 1": null, "TAR 2": null, "TAR 1.1": null, "TAR 1.2": null, "TAR 2.1": null, "TAR 2.2": null, "TAA 1.1.1": null, "TAA 1.1.2": null, "TAA 1.1.3": null, "TAA 1.1.4": null, "TAA 1.2.1": null, "TAA 1.2.2": null, "TAA 1.2.3": null, "TAA 1.2.4": null, "TAA 2.1.1": null, "TAA 2.1.2": null, "TAA 2.1.3": null, "TAA 2.1.4": null, "TAA 2.2.1": null, "TAA 2.2.2": null, "TAA 2.2.3": null, "TAA 2.2.4": null, "DC": 3570353.05, "BT": 34500000, "TD": 0.10348849420289855, "BD 2024 (EUR)": 715524.94, "BD 2024 (%)": 0.020739853333333332, "BD 2025 (EUR)": 2758290.3, "BD 2025 (%)": 0.079950443478260858, "BD 2026 (EUR)": 96537.81, "BD 2026 (%)": 0.002798197391304348, "BD 2027 (EUR)": null, "BD 2027 (%)": null, "BD 2028 (EUR)": null, "BD 2028 (%)": null, "BD 2029 (EUR)": null, "BD 2029 (%)": null, "BD 2030 (EUR)": null, "BD 2030 (%)": null, "BD C1 (EUR)": null, "BD C1 (%)": null, "BD C2 (EUR)": null, "BD C2 (%)": null, "BD C3 (EUR)": null, "BD C3 (%)": null, "BD C4 (EUR)": null, "BD C4 (%)": null, "BDF (EUR)": null, "BDF (%)": null, "BDA (EUR)": null, "BDA (%)": null, "BDC (EUR)": null, "BDC (%)": null, "BDMI (EUR)": null, "BDMI (%)": null, "BDMP (EUR)": null, "BDMP (%)": null, "BDS (EUR)": null, "BDS (%)": null, "TAC": null, "PA (EUR)": null, "D (EUR)": null, "TAC  C1": null, "PA C1 (EUR)": null, "D C1 (EUR)": null, "TAC C2": null, "PA C2 (EUR)": null, "D C2 (EUR)": null, "TAC  C3": null, "PA C3 (EUR)": null, "D C3 (EUR)": null, "TAC C4": null, "PA C4 (EUR)": null, "D C4 (EUR)": null, "TAC F": null, "PAF (EUR)": null, "DF (EUR)": null, "TAC A": null, "PAA (EUR)": null, "DA (EUR)": null, "TAC C": null, "PAC (EUR)": null, "DC (EUR)": null, "TAC MI": null, "PAMI (EUR)": null, "DMI (EUR)": null, " TAC MP": null, "PAMP (EUR)": null, "DMP (EUR)": null }, "geometry": null },
{ "type": "Feature", "properties": { "Année": 2030, "Mois": "Août", "UC": "Tous", "TAG": null, "NAP": null, "NAA": null, "NAC": null, "NAD": null, "TAR 1": null, "TAR 2": null, "TAR 1.1": null, "TAR 1.2": null, "TAR 2.1": null, "TAR 2.2": null, "TAA 1.1.1": null, "TAA 1.1.2": null, "TAA 1.1.3": null, "TAA 1.1.4": null, "TAA 1.2.1": null, "TAA 1.2.2": null, "TAA 1.2.3": null, "TAA 1.2.4": null, "TAA 2.1.1": null, "TAA 2.1.2": null, "TAA 2.1.3": null, "TAA 2.1.4": null, "TAA 2.2.1": null, "TAA 2.2.2": null, "TAA 2.2.3": null, "TAA 2.2.4": null, "DC": 3570353.05, "BT": 34500000, "TD": 0.10348849420289855, "BD 2024 (EUR)": 715524.94, "BD 2024 (%)": 0.020739853333333332, "BD 2025 (EUR)": 2758290.3, "BD 2025 (%)": 0.079950443478260858, "BD 2026 (EUR)": 96537.81, "BD 2026 (%)": 0.002798197391304348, "BD 2027 (EUR)": null, "BD 2027 (%)": null, "BD 2028 (EUR)": null, "BD 2028 (%)": null, "BD 2029 (EUR)": null, "BD 2029 (%)": null, "BD 2030 (EUR)": null, "BD 2030 (%)": null, "BD C1 (EUR)": null, "BD C1 (%)": null, "BD C2 (EUR)": null, "BD C2 (%)": null, "BD C3 (EUR)": null, "BD C3 (%)": null, "BD C4 (EUR)": null, "BD C4 (%)": null, "BDF (EUR)": null, "BDF (%)": null, "BDA (EUR)": null, "BDA (%)": null, "BDC (EUR)": null, "BDC (%)": null, "BDMI (EUR)": null, "BDMI (%)": null, "BDMP (EUR)": null, "BDMP (%)": null, "BDS (EUR)": null, "BDS (%)": null, "TAC": null, "PA (EUR)": null, "D (EUR)": null, "TAC  C1": null, "PA C1 (EUR)": null, "D C1 (EUR)": null, "TAC C2": null, "PA C2 (EUR)": null, "D C2 (EUR)": null, "TAC  C3": null, "PA C3 (EUR)": null, "D C3 (EUR)": null, "TAC C4": null, "PA C4 (EUR)": null, "D C4 (EUR)": null, "TAC F": null, "PAF (EUR)": null, "DF (EUR)": null, "TAC A": null, "PAA (EUR)": null, "DA (EUR)": null, "TAC C": null, "PAC (EUR)": null, "DC (EUR)": null, "TAC MI": null, "PAMI (EUR)": null, "DMI (EUR)": null, " TAC MP": null, "PAMP (EUR)": null, "DMP (EUR)": null }, "geometry": null },
{ "type": "Feature", "properties": { "Année": 2030, "Mois": "Septembre", "UC": "Tous", "TAG": null, "NAP": null, "NAA": null, "NAC": null, "NAD": null, "TAR 1": null, "TAR 2": null, "TAR 1.1": null, "TAR 1.2": null, "TAR 2.1": null, "TAR 2.2": null, "TAA 1.1.1": null, "TAA 1.1.2": null, "TAA 1.1.3": null, "TAA 1.1.4": null, "TAA 1.2.1": null, "TAA 1.2.2": null, "TAA 1.2.3": null, "TAA 1.2.4": null, "TAA 2.1.1": null, "TAA 2.1.2": null, "TAA 2.1.3": null, "TAA 2.1.4": null, "TAA 2.2.1": null, "TAA 2.2.2": null, "TAA 2.2.3": null, "TAA 2.2.4": null, "DC": 3570353.05, "BT": 34500000, "TD": 0.10348849420289855, "BD 2024 (EUR)": 715524.94, "BD 2024 (%)": 0.020739853333333332, "BD 2025 (EUR)": 2758290.3, "BD 2025 (%)": 0.079950443478260858, "BD 2026 (EUR)": 96537.81, "BD 2026 (%)": 0.002798197391304348, "BD 2027 (EUR)": null, "BD 2027 (%)": null, "BD 2028 (EUR)": null, "BD 2028 (%)": null, "BD 2029 (EUR)": null, "BD 2029 (%)": null, "BD 2030 (EUR)": null, "BD 2030 (%)": null, "BD C1 (EUR)": null, "BD C1 (%)": null, "BD C2 (EUR)": null, "BD C2 (%)": null, "BD C3 (EUR)": null, "BD C3 (%)": null, "BD C4 (EUR)": null, "BD C4 (%)": null, "BDF (EUR)": null, "BDF (%)": null, "BDA (EUR)": null, "BDA (%)": null, "BDC (EUR)": null, "BDC (%)": null, "BDMI (EUR)": null, "BDMI (%)": null, "BDMP (EUR)": null, "BDMP (%)": null, "BDS (EUR)": null, "BDS (%)": null, "TAC": null, "PA (EUR)": null, "D (EUR)": null, "TAC  C1": null, "PA C1 (EUR)": null, "D C1 (EUR)": null, "TAC C2": null, "PA C2 (EUR)": null, "D C2 (EUR)": null, "TAC  C3": null, "PA C3 (EUR)": null, "D C3 (EUR)": null, "TAC C4": null, "PA C4 (EUR)": null, "D C4 (EUR)": null, "TAC F": null, "PAF (EUR)": null, "DF (EUR)": null, "TAC A": null, "PAA (EUR)": null, "DA (EUR)": null, "TAC C": null, "PAC (EUR)": null, "DC (EUR)": null, "TAC MI": null, "PAMI (EUR)": null, "DMI (EUR)": null, " TAC MP": null, "PAMP (EUR)": null, "DMP (EUR)": null }, "geometry": null },
{ "type": "Feature", "properties": { "Année": 2030, "Mois": "Octobre", "UC": "Tous", "TAG": null, "NAP": null, "NAA": null, "NAC": null, "NAD": null, "TAR 1": null, "TAR 2": null, "TAR 1.1": null, "TAR 1.2": null, "TAR 2.1": null, "TAR 2.2": null, "TAA 1.1.1": null, "TAA 1.1.2": null, "TAA 1.1.3": null, "TAA 1.1.4": null, "TAA 1.2.1": null, "TAA 1.2.2": null, "TAA 1.2.3": null, "TAA 1.2.4": null, "TAA 2.1.1": null, "TAA 2.1.2": null, "TAA 2.1.3": null, "TAA 2.1.4": null, "TAA 2.2.1": null, "TAA 2.2.2": null, "TAA 2.2.3": null, "TAA 2.2.4": null, "DC": 3570353.05, "BT": 34500000, "TD": 0.10348849420289855, "BD 2024 (EUR)": 715524.94, "BD 2024 (%)": 0.020739853333333332, "BD 2025 (EUR)": 2758290.3, "BD 2025 (%)": 0.079950443478260858, "BD 2026 (EUR)": 96537.81, "BD 2026 (%)": 0.002798197391304348, "BD 2027 (EUR)": null, "BD 2027 (%)": null, "BD 2028 (EUR)": null, "BD 2028 (%)": null, "BD 2029 (EUR)": null, "BD 2029 (%)": null, "BD 2030 (EUR)": null, "BD 2030 (%)": null, "BD C1 (EUR)": null, "BD C1 (%)": null, "BD C2 (EUR)": null, "BD C2 (%)": null, "BD C3 (EUR)": null, "BD C3 (%)": null, "BD C4 (EUR)": null, "BD C4 (%)": null, "BDF (EUR)": null, "BDF (%)": null, "BDA (EUR)": null, "BDA (%)": null, "BDC (EUR)": null, "BDC (%)": null, "BDMI (EUR)": null, "BDMI (%)": null, "BDMP (EUR)": null, "BDMP (%)": null, "BDS (EUR)": null, "BDS (%)": null, "TAC": null, "PA (EUR)": null, "D (EUR)": null, "TAC  C1": null, "PA C1 (EUR)": null, "D C1 (EUR)": null, "TAC C2": null, "PA C2 (EUR)": null, "D C2 (EUR)": null, "TAC  C3": null, "PA C3 (EUR)": null, "D C3 (EUR)": null, "TAC C4": null, "PA C4 (EUR)": null, "D C4 (EUR)": null, "TAC F": null, "PAF (EUR)": null, "DF (EUR)": null, "TAC A": null, "PAA (EUR)": null, "DA (EUR)": null, "TAC C": null, "PAC (EUR)": null, "DC (EUR)": null, "TAC MI": null, "PAMI (EUR)": null, "DMI (EUR)": null, " TAC MP": null, "PAMP (EUR)": null, "DMP (EUR)": null }, "geometry": null },
{ "type": "Feature", "properties": { "Année": 2030, "Mois": "Novembre", "UC": "Tous", "TAG": null, "NAP": null, "NAA": null, "NAC": null, "NAD": null, "TAR 1": null, "TAR 2": null, "TAR 1.1": null, "TAR 1.2": null, "TAR 2.1": null, "TAR 2.2": null, "TAA 1.1.1": null, "TAA 1.1.2": null, "TAA 1.1.3": null, "TAA 1.1.4": null, "TAA 1.2.1": null, "TAA 1.2.2": null, "TAA 1.2.3": null, "TAA 1.2.4": null, "TAA 2.1.1": null, "TAA 2.1.2": null, "TAA 2.1.3": null, "TAA 2.1.4": null, "TAA 2.2.1": null, "TAA 2.2.2": null, "TAA 2.2.3": null, "TAA 2.2.4": null, "DC": 3570353.05, "BT": 34500000, "TD": 0.10348849420289855, "BD 2024 (EUR)": 715524.94, "BD 2024 (%)": 0.020739853333333332, "BD 2025 (EUR)": 2758290.3, "BD 2025 (%)": 0.079950443478260858, "BD 2026 (EUR)": 96537.81, "BD 2026 (%)": 0.002798197391304348, "BD 2027 (EUR)": null, "BD 2027 (%)": null, "BD 2028 (EUR)": null, "BD 2028 (%)": null, "BD 2029 (EUR)": null, "BD 2029 (%)": null, "BD 2030 (EUR)": null, "BD 2030 (%)": null, "BD C1 (EUR)": null, "BD C1 (%)": null, "BD C2 (EUR)": null, "BD C2 (%)": null, "BD C3 (EUR)": null, "BD C3 (%)": null, "BD C4 (EUR)": null, "BD C4 (%)": null, "BDF (EUR)": null, "BDF (%)": null, "BDA (EUR)": null, "BDA (%)": null, "BDC (EUR)": null, "BDC (%)": null, "BDMI (EUR)": null, "BDMI (%)": null, "BDMP (EUR)": null, "BDMP (%)": null, "BDS (EUR)": null, "BDS (%)": null, "TAC": null, "PA (EUR)": null, "D (EUR)": null, "TAC  C1": null, "PA C1 (EUR)": null, "D C1 (EUR)": null, "TAC C2": null, "PA C2 (EUR)": null, "D C2 (EUR)": null, "TAC  C3": null, "PA C3 (EUR)": null, "D C3 (EUR)": null, "TAC C4": null, "PA C4 (EUR)": null, "D C4 (EUR)": null, "TAC F": null, "PAF (EUR)": null, "DF (EUR)": null, "TAC A": null, "PAA (EUR)": null, "DA (EUR)": null, "TAC C": null, "PAC (EUR)": null, "DC (EUR)": null, "TAC MI": null, "PAMI (EUR)": null, "DMI (EUR)": null, " TAC MP": null, "PAMP (EUR)": null, "DMP (EUR)": null }, "geometry": null },
{ "type": "Feature", "properties": { "Année": 2030, "Mois": "Décembre", "UC": "Tous", "TAG": null, "NAP": null, "NAA": null, "NAC": null, "NAD": null, "TAR 1": null, "TAR 2": null, "TAR 1.1": null, "TAR 1.2": null, "TAR 2.1": null, "TAR 2.2": null, "TAA 1.1.1": null, "TAA 1.1.2": null, "TAA 1.1.3": null, "TAA 1.1.4": null, "TAA 1.2.1": null, "TAA 1.2.2": null, "TAA 1.2.3": null, "TAA 1.2.4": null, "TAA 2.1.1": null, "TAA 2.1.2": null, "TAA 2.1.3": null, "TAA 2.1.4": null, "TAA 2.2.1": null, "TAA 2.2.2": null, "TAA 2.2.3": null, "TAA 2.2.4": null, "DC": 3570353.05, "BT": 34500000, "TD": 0.10348849420289855, "BD 2024 (EUR)": 715524.94, "BD 2024 (%)": 0.020739853333333332, "BD 2025 (EUR)": 2758290.3, "BD 2025 (%)": 0.079950443478260858, "BD 2026 (EUR)": 96537.81, "BD 2026 (%)": 0.002798197391304348, "BD 2027 (EUR)": null, "BD 2027 (%)": null, "BD 2028 (EUR)": null, "BD 2028 (%)": null, "BD 2029 (EUR)": null, "BD 2029 (%)": null, "BD 2030 (EUR)": null, "BD 2030 (%)": null, "BD C1 (EUR)": null, "BD C1 (%)": null, "BD C2 (EUR)": null, "BD C2 (%)": null, "BD C3 (EUR)": null, "BD C3 (%)": null, "BD C4 (EUR)": null, "BD C4 (%)": null, "BDF (EUR)": null, "BDF (%)": null, "BDA (EUR)": null, "BDA (%)": null, "BDC (EUR)": null, "BDC (%)": null, "BDMI (EUR)": null, "BDMI (%)": null, "BDMP (EUR)": null, "BDMP (%)": null, "BDS (EUR)": null, "BDS (%)": null, "TAC": null, "PA (EUR)": null, "D (EUR)": null, "TAC  C1": null, "PA C1 (EUR)": null, "D C1 (EUR)": null, "TAC C2": null, "PA C2 (EUR)": null, "D C2 (EUR)": null, "TAC  C3": null, "PA C3 (EUR)": null, "D C3 (EUR)": null, "TAC C4": null, "PA C4 (EUR)": null, "D C4 (EUR)": null, "TAC F": null, "PAF (EUR)": null, "DF (EUR)": null, "TAC A": null, "PAA (EUR)": null, "DA (EUR)": null, "TAC C": null, "PAC (EUR)": null, "DC (EUR)": null, "TAC MI": null, "PAMI (EUR)": null, "DMI (EUR)": null, " TAC MP": null, "PAMP (EUR)": null, "DMP (EUR)": null }, "geometry": null },
{ "type": "Feature", "properties": { "Année": 2030, "Mois": "Janvier", "UC": "UCT", "TAG": null, "NAP": null, "NAA": null, "NAC": null, "NAD": null, "TAR 1": null, "TAR 2": null, "TAR 1.1": null, "TAR 1.2": null, "TAR 2.1": null, "TAR 2.2": null, "TAA 1.1.1": null, "TAA 1.1.2": null, "TAA 1.1.3": null, "TAA 1.1.4": null, "TAA 1.2.1": null, "TAA 1.2.2": null, "TAA 1.2.3": null, "TAA 1.2.4": null, "TAA 2.1.1": null, "TAA 2.1.2": null, "TAA 2.1.3": null, "TAA 2.1.4": null, "TAA 2.2.1": null, "TAA 2.2.2": null, "TAA 2.2.3": null, "TAA 2.2.4": null, "DC": 3570353.05, "BT": 34500000, "TD": 0.10348849420289855, "BD 2024 (EUR)": 715524.94, "BD 2024 (%)": 0.020739853333333332, "BD 2025 (EUR)": 2758290.3, "BD 2025 (%)": 0.079950443478260858, "BD 2026 (EUR)": 96537.81, "BD 2026 (%)": 0.002798197391304348, "BD 2027 (EUR)": null, "BD 2027 (%)": null, "BD 2028 (EUR)": null, "BD 2028 (%)": null, "BD 2029 (EUR)": null, "BD 2029 (%)": null, "BD 2030 (EUR)": null, "BD 2030 (%)": null, "BD C1 (EUR)": null, "BD C1 (%)": null, "BD C2 (EUR)": null, "BD C2 (%)": null, "BD C3 (EUR)": null, "BD C3 (%)": null, "BD C4 (EUR)": null, "BD C4 (%)": null, "BDF (EUR)": null, "BDF (%)": null, "BDA (EUR)": null, "BDA (%)": null, "BDC (EUR)": null, "BDC (%)": null, "BDMI (EUR)": null, "BDMI (%)": null, "BDMP (EUR)": null, "BDMP (%)": null, "BDS (EUR)": null, "BDS (%)": null, "TAC": null, "PA (EUR)": null, "D (EUR)": null, "TAC  C1": null, "PA C1 (EUR)": null, "D C1 (EUR)": null, "TAC C2": null, "PA C2 (EUR)": null, "D C2 (EUR)": null, "TAC  C3": null, "PA C3 (EUR)": null, "D C3 (EUR)": null, "TAC C4": null, "PA C4 (EUR)": null, "D C4 (EUR)": null, "TAC F": null, "PAF (EUR)": null, "DF (EUR)": null, "TAC A": null, "PAA (EUR)": null, "DA (EUR)": null, "TAC C": null, "PAC (EUR)": null, "DC (EUR)": null, "TAC MI": null, "PAMI (EUR)": null, "DMI (EUR)": null, " TAC MP": null, "PAMP (EUR)": null, "DMP (EUR)": null }, "geometry": null },
{ "type": "Feature", "properties": { "Année": 2030, "Mois": "Février", "UC": "UCT", "TAG": null, "NAP": null, "NAA": null, "NAC": null, "NAD": null, "TAR 1": null, "TAR 2": null, "TAR 1.1": null, "TAR 1.2": null, "TAR 2.1": null, "TAR 2.2": null, "TAA 1.1.1": null, "TAA 1.1.2": null, "TAA 1.1.3": null, "TAA 1.1.4": null, "TAA 1.2.1": null, "TAA 1.2.2": null, "TAA 1.2.3": null, "TAA 1.2.4": null, "TAA 2.1.1": null, "TAA 2.1.2": null, "TAA 2.1.3": null, "TAA 2.1.4": null, "TAA 2.2.1": null, "TAA 2.2.2": null, "TAA 2.2.3": null, "TAA 2.2.4": null, "DC": 3570353.05, "BT": 34500000, "TD": 0.10348849420289855, "BD 2024 (EUR)": 715524.94, "BD 2024 (%)": 0.020739853333333332, "BD 2025 (EUR)": 2758290.3, "BD 2025 (%)": 0.079950443478260858, "BD 2026 (EUR)": 96537.81, "BD 2026 (%)": 0.002798197391304348, "BD 2027 (EUR)": null, "BD 2027 (%)": null, "BD 2028 (EUR)": null, "BD 2028 (%)": null, "BD 2029 (EUR)": null, "BD 2029 (%)": null, "BD 2030 (EUR)": null, "BD 2030 (%)": null, "BD C1 (EUR)": null, "BD C1 (%)": null, "BD C2 (EUR)": null, "BD C2 (%)": null, "BD C3 (EUR)": null, "BD C3 (%)": null, "BD C4 (EUR)": null, "BD C4 (%)": null, "BDF (EUR)": null, "BDF (%)": null, "BDA (EUR)": null, "BDA (%)": null, "BDC (EUR)": null, "BDC (%)": null, "BDMI (EUR)": null, "BDMI (%)": null, "BDMP (EUR)": null, "BDMP (%)": null, "BDS (EUR)": null, "BDS (%)": null, "TAC": null, "PA (EUR)": null, "D (EUR)": null, "TAC  C1": null, "PA C1 (EUR)": null, "D C1 (EUR)": null, "TAC C2": null, "PA C2 (EUR)": null, "D C2 (EUR)": null, "TAC  C3": null, "PA C3 (EUR)": null, "D C3 (EUR)": null, "TAC C4": null, "PA C4 (EUR)": null, "D C4 (EUR)": null, "TAC F": null, "PAF (EUR)": null, "DF (EUR)": null, "TAC A": null, "PAA (EUR)": null, "DA (EUR)": null, "TAC C": null, "PAC (EUR)": null, "DC (EUR)": null, "TAC MI": null, "PAMI (EUR)": null, "DMI (EUR)": null, " TAC MP": null, "PAMP (EUR)": null, "DMP (EUR)": null }, "geometry": null },
{ "type": "Feature", "properties": { "Année": 2030, "Mois": "Mars", "UC": "UCT", "TAG": null, "NAP": null, "NAA": null, "NAC": null, "NAD": null, "TAR 1": null, "TAR 2": null, "TAR 1.1": null, "TAR 1.2": null, "TAR 2.1": null, "TAR 2.2": null, "TAA 1.1.1": null, "TAA 1.1.2": null, "TAA 1.1.3": null, "TAA 1.1.4": null, "TAA 1.2.1": null, "TAA 1.2.2": null, "TAA 1.2.3": null, "TAA 1.2.4": null, "TAA 2.1.1": null, "TAA 2.1.2": null, "TAA 2.1.3": null, "TAA 2.1.4": null, "TAA 2.2.1": null, "TAA 2.2.2": null, "TAA 2.2.3": null, "TAA 2.2.4": null, "DC": 3570353.05, "BT": 34500000, "TD": 0.10348849420289855, "BD 2024 (EUR)": 715524.94, "BD 2024 (%)": 0.020739853333333332, "BD 2025 (EUR)": 2758290.3, "BD 2025 (%)": 0.079950443478260858, "BD 2026 (EUR)": 96537.81, "BD 2026 (%)": 0.002798197391304348, "BD 2027 (EUR)": null, "BD 2027 (%)": null, "BD 2028 (EUR)": null, "BD 2028 (%)": null, "BD 2029 (EUR)": null, "BD 2029 (%)": null, "BD 2030 (EUR)": null, "BD 2030 (%)": null, "BD C1 (EUR)": null, "BD C1 (%)": null, "BD C2 (EUR)": null, "BD C2 (%)": null, "BD C3 (EUR)": null, "BD C3 (%)": null, "BD C4 (EUR)": null, "BD C4 (%)": null, "BDF (EUR)": null, "BDF (%)": null, "BDA (EUR)": null, "BDA (%)": null, "BDC (EUR)": null, "BDC (%)": null, "BDMI (EUR)": null, "BDMI (%)": null, "BDMP (EUR)": null, "BDMP (%)": null, "BDS (EUR)": null, "BDS (%)": null, "TAC": null, "PA (EUR)": null, "D (EUR)": null, "TAC  C1": null, "PA C1 (EUR)": null, "D C1 (EUR)": null, "TAC C2": null, "PA C2 (EUR)": null, "D C2 (EUR)": null, "TAC  C3": null, "PA C3 (EUR)": null, "D C3 (EUR)": null, "TAC C4": null, "PA C4 (EUR)": null, "D C4 (EUR)": null, "TAC F": null, "PAF (EUR)": null, "DF (EUR)": null, "TAC A": null, "PAA (EUR)": null, "DA (EUR)": null, "TAC C": null, "PAC (EUR)": null, "DC (EUR)": null, "TAC MI": null, "PAMI (EUR)": null, "DMI (EUR)": null, " TAC MP": null, "PAMP (EUR)": null, "DMP (EUR)": null }, "geometry": null },
{ "type": "Feature", "properties": { "Année": 2030, "Mois": "Avril", "UC": "UCT", "TAG": null, "NAP": null, "NAA": null, "NAC": null, "NAD": null, "TAR 1": null, "TAR 2": null, "TAR 1.1": null, "TAR 1.2": null, "TAR 2.1": null, "TAR 2.2": null, "TAA 1.1.1": null, "TAA 1.1.2": null, "TAA 1.1.3": null, "TAA 1.1.4": null, "TAA 1.2.1": null, "TAA 1.2.2": null, "TAA 1.2.3": null, "TAA 1.2.4": null, "TAA 2.1.1": null, "TAA 2.1.2": null, "TAA 2.1.3": null, "TAA 2.1.4": null, "TAA 2.2.1": null, "TAA 2.2.2": null, "TAA 2.2.3": null, "TAA 2.2.4": null, "DC": 3570353.05, "BT": 34500000, "TD": 0.10348849420289855, "BD 2024 (EUR)": 715524.94, "BD 2024 (%)": 0.020739853333333332, "BD 2025 (EUR)": 2758290.3, "BD 2025 (%)": 0.079950443478260858, "BD 2026 (EUR)": 96537.81, "BD 2026 (%)": 0.002798197391304348, "BD 2027 (EUR)": null, "BD 2027 (%)": null, "BD 2028 (EUR)": null, "BD 2028 (%)": null, "BD 2029 (EUR)": null, "BD 2029 (%)": null, "BD 2030 (EUR)": null, "BD 2030 (%)": null, "BD C1 (EUR)": null, "BD C1 (%)": null, "BD C2 (EUR)": null, "BD C2 (%)": null, "BD C3 (EUR)": null, "BD C3 (%)": null, "BD C4 (EUR)": null, "BD C4 (%)": null, "BDF (EUR)": null, "BDF (%)": null, "BDA (EUR)": null, "BDA (%)": null, "BDC (EUR)": null, "BDC (%)": null, "BDMI (EUR)": null, "BDMI (%)": null, "BDMP (EUR)": null, "BDMP (%)": null, "BDS (EUR)": null, "BDS (%)": null, "TAC": null, "PA (EUR)": null, "D (EUR)": null, "TAC  C1": null, "PA C1 (EUR)": null, "D C1 (EUR)": null, "TAC C2": null, "PA C2 (EUR)": null, "D C2 (EUR)": null, "TAC  C3": null, "PA C3 (EUR)": null, "D C3 (EUR)": null, "TAC C4": null, "PA C4 (EUR)": null, "D C4 (EUR)": null, "TAC F": null, "PAF (EUR)": null, "DF (EUR)": null, "TAC A": null, "PAA (EUR)": null, "DA (EUR)": null, "TAC C": null, "PAC (EUR)": null, "DC (EUR)": null, "TAC MI": null, "PAMI (EUR)": null, "DMI (EUR)": null, " TAC MP": null, "PAMP (EUR)": null, "DMP (EUR)": null }, "geometry": null },
{ "type": "Feature", "properties": { "Année": 2030, "Mois": "Mai", "UC": "UCT", "TAG": null, "NAP": null, "NAA": null, "NAC": null, "NAD": null, "TAR 1": null, "TAR 2": null, "TAR 1.1": null, "TAR 1.2": null, "TAR 2.1": null, "TAR 2.2": null, "TAA 1.1.1": null, "TAA 1.1.2": null, "TAA 1.1.3": null, "TAA 1.1.4": null, "TAA 1.2.1": null, "TAA 1.2.2": null, "TAA 1.2.3": null, "TAA 1.2.4": null, "TAA 2.1.1": null, "TAA 2.1.2": null, "TAA 2.1.3": null, "TAA 2.1.4": null, "TAA 2.2.1": null, "TAA 2.2.2": null, "TAA 2.2.3": null, "TAA 2.2.4": null, "DC": 3570353.05, "BT": 34500000, "TD": 0.10348849420289855, "BD 2024 (EUR)": 715524.94, "BD 2024 (%)": 0.020739853333333332, "BD 2025 (EUR)": 2758290.3, "BD 2025 (%)": 0.079950443478260858, "BD 2026 (EUR)": 96537.81, "BD 2026 (%)": 0.002798197391304348, "BD 2027 (EUR)": null, "BD 2027 (%)": null, "BD 2028 (EUR)": null, "BD 2028 (%)": null, "BD 2029 (EUR)": null, "BD 2029 (%)": null, "BD 2030 (EUR)": null, "BD 2030 (%)": null, "BD C1 (EUR)": null, "BD C1 (%)": null, "BD C2 (EUR)": null, "BD C2 (%)": null, "BD C3 (EUR)": null, "BD C3 (%)": null, "BD C4 (EUR)": null, "BD C4 (%)": null, "BDF (EUR)": null, "BDF (%)": null, "BDA (EUR)": null, "BDA (%)": null, "BDC (EUR)": null, "BDC (%)": null, "BDMI (EUR)": null, "BDMI (%)": null, "BDMP (EUR)": null, "BDMP (%)": null, "BDS (EUR)": null, "BDS (%)": null, "TAC": null, "PA (EUR)": null, "D (EUR)": null, "TAC  C1": null, "PA C1 (EUR)": null, "D C1 (EUR)": null, "TAC C2": null, "PA C2 (EUR)": null, "D C2 (EUR)": null, "TAC  C3": null, "PA C3 (EUR)": null, "D C3 (EUR)": null, "TAC C4": null, "PA C4 (EUR)": null, "D C4 (EUR)": null, "TAC F": null, "PAF (EUR)": null, "DF (EUR)": null, "TAC A": null, "PAA (EUR)": null, "DA (EUR)": null, "TAC C": null, "PAC (EUR)": null, "DC (EUR)": null, "TAC MI": null, "PAMI (EUR)": null, "DMI (EUR)": null, " TAC MP": null, "PAMP (EUR)": null, "DMP (EUR)": null }, "geometry": null },
{ "type": "Feature", "properties": { "Année": 2030, "Mois": "Juin", "UC": "UCT", "TAG": null, "NAP": null, "NAA": null, "NAC": null, "NAD": null, "TAR 1": null, "TAR 2": null, "TAR 1.1": null, "TAR 1.2": null, "TAR 2.1": null, "TAR 2.2": null, "TAA 1.1.1": null, "TAA 1.1.2": null, "TAA 1.1.3": null, "TAA 1.1.4": null, "TAA 1.2.1": null, "TAA 1.2.2": null, "TAA 1.2.3": null, "TAA 1.2.4": null, "TAA 2.1.1": null, "TAA 2.1.2": null, "TAA 2.1.3": null, "TAA 2.1.4": null, "TAA 2.2.1": null, "TAA 2.2.2": null, "TAA 2.2.3": null, "TAA 2.2.4": null, "DC": 3570353.05, "BT": 34500000, "TD": 0.10348849420289855, "BD 2024 (EUR)": 715524.94, "BD 2024 (%)": 0.020739853333333332, "BD 2025 (EUR)": 2758290.3, "BD 2025 (%)": 0.079950443478260858, "BD 2026 (EUR)": 96537.81, "BD 2026 (%)": 0.002798197391304348, "BD 2027 (EUR)": null, "BD 2027 (%)": null, "BD 2028 (EUR)": null, "BD 2028 (%)": null, "BD 2029 (EUR)": null, "BD 2029 (%)": null, "BD 2030 (EUR)": null, "BD 2030 (%)": null, "BD C1 (EUR)": null, "BD C1 (%)": null, "BD C2 (EUR)": null, "BD C2 (%)": null, "BD C3 (EUR)": null, "BD C3 (%)": null, "BD C4 (EUR)": null, "BD C4 (%)": null, "BDF (EUR)": null, "BDF (%)": null, "BDA (EUR)": null, "BDA (%)": null, "BDC (EUR)": null, "BDC (%)": null, "BDMI (EUR)": null, "BDMI (%)": null, "BDMP (EUR)": null, "BDMP (%)": null, "BDS (EUR)": null, "BDS (%)": null, "TAC": null, "PA (EUR)": null, "D (EUR)": null, "TAC  C1": null, "PA C1 (EUR)": null, "D C1 (EUR)": null, "TAC C2": null, "PA C2 (EUR)": null, "D C2 (EUR)": null, "TAC  C3": null, "PA C3 (EUR)": null, "D C3 (EUR)": null, "TAC C4": null, "PA C4 (EUR)": null, "D C4 (EUR)": null, "TAC F": null, "PAF (EUR)": null, "DF (EUR)": null, "TAC A": null, "PAA (EUR)": null, "DA (EUR)": null, "TAC C": null, "PAC (EUR)": null, "DC (EUR)": null, "TAC MI": null, "PAMI (EUR)": null, "DMI (EUR)": null, " TAC MP": null, "PAMP (EUR)": null, "DMP (EUR)": null }, "geometry": null },
{ "type": "Feature", "properties": { "Année": 2030, "Mois": "Juillet", "UC": "UCT", "TAG": null, "NAP": null, "NAA": null, "NAC": null, "NAD": null, "TAR 1": null, "TAR 2": null, "TAR 1.1": null, "TAR 1.2": null, "TAR 2.1": null, "TAR 2.2": null, "TAA 1.1.1": null, "TAA 1.1.2": null, "TAA 1.1.3": null, "TAA 1.1.4": null, "TAA 1.2.1": null, "TAA 1.2.2": null, "TAA 1.2.3": null, "TAA 1.2.4": null, "TAA 2.1.1": null, "TAA 2.1.2": null, "TAA 2.1.3": null, "TAA 2.1.4": null, "TAA 2.2.1": null, "TAA 2.2.2": null, "TAA 2.2.3": null, "TAA 2.2.4": null, "DC": 3570353.05, "BT": 34500000, "TD": 0.10348849420289855, "BD 2024 (EUR)": 715524.94, "BD 2024 (%)": 0.020739853333333332, "BD 2025 (EUR)": 2758290.3, "BD 2025 (%)": 0.079950443478260858, "BD 2026 (EUR)": 96537.81, "BD 2026 (%)": 0.002798197391304348, "BD 2027 (EUR)": null, "BD 2027 (%)": null, "BD 2028 (EUR)": null, "BD 2028 (%)": null, "BD 2029 (EUR)": null, "BD 2029 (%)": null, "BD 2030 (EUR)": null, "BD 2030 (%)": null, "BD C1 (EUR)": null, "BD C1 (%)": null, "BD C2 (EUR)": null, "BD C2 (%)": null, "BD C3 (EUR)": null, "BD C3 (%)": null, "BD C4 (EUR)": null, "BD C4 (%)": null, "BDF (EUR)": null, "BDF (%)": null, "BDA (EUR)": null, "BDA (%)": null, "BDC (EUR)": null, "BDC (%)": null, "BDMI (EUR)": null, "BDMI (%)": null, "BDMP (EUR)": null, "BDMP (%)": null, "BDS (EUR)": null, "BDS (%)": null, "TAC": null, "PA (EUR)": null, "D (EUR)": null, "TAC  C1": null, "PA C1 (EUR)": null, "D C1 (EUR)": null, "TAC C2": null, "PA C2 (EUR)": null, "D C2 (EUR)": null, "TAC  C3": null, "PA C3 (EUR)": null, "D C3 (EUR)": null, "TAC C4": null, "PA C4 (EUR)": null, "D C4 (EUR)": null, "TAC F": null, "PAF (EUR)": null, "DF (EUR)": null, "TAC A": null, "PAA (EUR)": null, "DA (EUR)": null, "TAC C": null, "PAC (EUR)": null, "DC (EUR)": null, "TAC MI": null, "PAMI (EUR)": null, "DMI (EUR)": null, " TAC MP": null, "PAMP (EUR)": null, "DMP (EUR)": null }, "geometry": null },
{ "type": "Feature", "properties": { "Année": 2030, "Mois": "Août", "UC": "UCT", "TAG": null, "NAP": null, "NAA": null, "NAC": null, "NAD": null, "TAR 1": null, "TAR 2": null, "TAR 1.1": null, "TAR 1.2": null, "TAR 2.1": null, "TAR 2.2": null, "TAA 1.1.1": null, "TAA 1.1.2": null, "TAA 1.1.3": null, "TAA 1.1.4": null, "TAA 1.2.1": null, "TAA 1.2.2": null, "TAA 1.2.3": null, "TAA 1.2.4": null, "TAA 2.1.1": null, "TAA 2.1.2": null, "TAA 2.1.3": null, "TAA 2.1.4": null, "TAA 2.2.1": null, "TAA 2.2.2": null, "TAA 2.2.3": null, "TAA 2.2.4": null, "DC": 3570353.05, "BT": 34500000, "TD": 0.10348849420289855, "BD 2024 (EUR)": 715524.94, "BD 2024 (%)": 0.020739853333333332, "BD 2025 (EUR)": 2758290.3, "BD 2025 (%)": 0.079950443478260858, "BD 2026 (EUR)": 96537.81, "BD 2026 (%)": 0.002798197391304348, "BD 2027 (EUR)": null, "BD 2027 (%)": null, "BD 2028 (EUR)": null, "BD 2028 (%)": null, "BD 2029 (EUR)": null, "BD 2029 (%)": null, "BD 2030 (EUR)": null, "BD 2030 (%)": null, "BD C1 (EUR)": null, "BD C1 (%)": null, "BD C2 (EUR)": null, "BD C2 (%)": null, "BD C3 (EUR)": null, "BD C3 (%)": null, "BD C4 (EUR)": null, "BD C4 (%)": null, "BDF (EUR)": null, "BDF (%)": null, "BDA (EUR)": null, "BDA (%)": null, "BDC (EUR)": null, "BDC (%)": null, "BDMI (EUR)": null, "BDMI (%)": null, "BDMP (EUR)": null, "BDMP (%)": null, "BDS (EUR)": null, "BDS (%)": null, "TAC": null, "PA (EUR)": null, "D (EUR)": null, "TAC  C1": null, "PA C1 (EUR)": null, "D C1 (EUR)": null, "TAC C2": null, "PA C2 (EUR)": null, "D C2 (EUR)": null, "TAC  C3": null, "PA C3 (EUR)": null, "D C3 (EUR)": null, "TAC C4": null, "PA C4 (EUR)": null, "D C4 (EUR)": null, "TAC F": null, "PAF (EUR)": null, "DF (EUR)": null, "TAC A": null, "PAA (EUR)": null, "DA (EUR)": null, "TAC C": null, "PAC (EUR)": null, "DC (EUR)": null, "TAC MI": null, "PAMI (EUR)": null, "DMI (EUR)": null, " TAC MP": null, "PAMP (EUR)": null, "DMP (EUR)": null }, "geometry": null },
{ "type": "Feature", "properties": { "Année": 2030, "Mois": "Septembre", "UC": "UCT", "TAG": null, "NAP": null, "NAA": null, "NAC": null, "NAD": null, "TAR 1": null, "TAR 2": null, "TAR 1.1": null, "TAR 1.2": null, "TAR 2.1": null, "TAR 2.2": null, "TAA 1.1.1": null, "TAA 1.1.2": null, "TAA 1.1.3": null, "TAA 1.1.4": null, "TAA 1.2.1": null, "TAA 1.2.2": null, "TAA 1.2.3": null, "TAA 1.2.4": null, "TAA 2.1.1": null, "TAA 2.1.2": null, "TAA 2.1.3": null, "TAA 2.1.4": null, "TAA 2.2.1": null, "TAA 2.2.2": null, "TAA 2.2.3": null, "TAA 2.2.4": null, "DC": 3570353.05, "BT": 34500000, "TD": 0.10348849420289855, "BD 2024 (EUR)": 715524.94, "BD 2024 (%)": 0.020739853333333332, "BD 2025 (EUR)": 2758290.3, "BD 2025 (%)": 0.079950443478260858, "BD 2026 (EUR)": 96537.81, "BD 2026 (%)": 0.002798197391304348, "BD 2027 (EUR)": null, "BD 2027 (%)": null, "BD 2028 (EUR)": null, "BD 2028 (%)": null, "BD 2029 (EUR)": null, "BD 2029 (%)": null, "BD 2030 (EUR)": null, "BD 2030 (%)": null, "BD C1 (EUR)": null, "BD C1 (%)": null, "BD C2 (EUR)": null, "BD C2 (%)": null, "BD C3 (EUR)": null, "BD C3 (%)": null, "BD C4 (EUR)": null, "BD C4 (%)": null, "BDF (EUR)": null, "BDF (%)": null, "BDA (EUR)": null, "BDA (%)": null, "BDC (EUR)": null, "BDC (%)": null, "BDMI (EUR)": null, "BDMI (%)": null, "BDMP (EUR)": null, "BDMP (%)": null, "BDS (EUR)": null, "BDS (%)": null, "TAC": null, "PA (EUR)": null, "D (EUR)": null, "TAC  C1": null, "PA C1 (EUR)": null, "D C1 (EUR)": null, "TAC C2": null, "PA C2 (EUR)": null, "D C2 (EUR)": null, "TAC  C3": null, "PA C3 (EUR)": null, "D C3 (EUR)": null, "TAC C4": null, "PA C4 (EUR)": null, "D C4 (EUR)": null, "TAC F": null, "PAF (EUR)": null, "DF (EUR)": null, "TAC A": null, "PAA (EUR)": null, "DA (EUR)": null, "TAC C": null, "PAC (EUR)": null, "DC (EUR)": null, "TAC MI": null, "PAMI (EUR)": null, "DMI (EUR)": null, " TAC MP": null, "PAMP (EUR)": null, "DMP (EUR)": null }, "geometry": null },
{ "type": "Feature", "properties": { "Année": 2030, "Mois": "Octobre", "UC": "UCT", "TAG": null, "NAP": null, "NAA": null, "NAC": null, "NAD": null, "TAR 1": null, "TAR 2": null, "TAR 1.1": null, "TAR 1.2": null, "TAR 2.1": null, "TAR 2.2": null, "TAA 1.1.1": null, "TAA 1.1.2": null, "TAA 1.1.3": null, "TAA 1.1.4": null, "TAA 1.2.1": null, "TAA 1.2.2": null, "TAA 1.2.3": null, "TAA 1.2.4": null, "TAA 2.1.1": null, "TAA 2.1.2": null, "TAA 2.1.3": null, "TAA 2.1.4": null, "TAA 2.2.1": null, "TAA 2.2.2": null, "TAA 2.2.3": null, "TAA 2.2.4": null, "DC": 3570353.05, "BT": 34500000, "TD": 0.10348849420289855, "BD 2024 (EUR)": 715524.94, "BD 2024 (%)": 0.020739853333333332, "BD 2025 (EUR)": 2758290.3, "BD 2025 (%)": 0.079950443478260858, "BD 2026 (EUR)": 96537.81, "BD 2026 (%)": 0.002798197391304348, "BD 2027 (EUR)": null, "BD 2027 (%)": null, "BD 2028 (EUR)": null, "BD 2028 (%)": null, "BD 2029 (EUR)": null, "BD 2029 (%)": null, "BD 2030 (EUR)": null, "BD 2030 (%)": null, "BD C1 (EUR)": null, "BD C1 (%)": null, "BD C2 (EUR)": null, "BD C2 (%)": null, "BD C3 (EUR)": null, "BD C3 (%)": null, "BD C4 (EUR)": null, "BD C4 (%)": null, "BDF (EUR)": null, "BDF (%)": null, "BDA (EUR)": null, "BDA (%)": null, "BDC (EUR)": null, "BDC (%)": null, "BDMI (EUR)": null, "BDMI (%)": null, "BDMP (EUR)": null, "BDMP (%)": null, "BDS (EUR)": null, "BDS (%)": null, "TAC": null, "PA (EUR)": null, "D (EUR)": null, "TAC  C1": null, "PA C1 (EUR)": null, "D C1 (EUR)": null, "TAC C2": null, "PA C2 (EUR)": null, "D C2 (EUR)": null, "TAC  C3": null, "PA C3 (EUR)": null, "D C3 (EUR)": null, "TAC C4": null, "PA C4 (EUR)": null, "D C4 (EUR)": null, "TAC F": null, "PAF (EUR)": null, "DF (EUR)": null, "TAC A": null, "PAA (EUR)": null, "DA (EUR)": null, "TAC C": null, "PAC (EUR)": null, "DC (EUR)": null, "TAC MI": null, "PAMI (EUR)": null, "DMI (EUR)": null, " TAC MP": null, "PAMP (EUR)": null, "DMP (EUR)": null }, "geometry": null },
{ "type": "Feature", "properties": { "Année": 2030, "Mois": "Novembre", "UC": "UCT", "TAG": null, "NAP": null, "NAA": null, "NAC": null, "NAD": null, "TAR 1": null, "TAR 2": null, "TAR 1.1": null, "TAR 1.2": null, "TAR 2.1": null, "TAR 2.2": null, "TAA 1.1.1": null, "TAA 1.1.2": null, "TAA 1.1.3": null, "TAA 1.1.4": null, "TAA 1.2.1": null, "TAA 1.2.2": null, "TAA 1.2.3": null, "TAA 1.2.4": null, "TAA 2.1.1": null, "TAA 2.1.2": null, "TAA 2.1.3": null, "TAA 2.1.4": null, "TAA 2.2.1": null, "TAA 2.2.2": null, "TAA 2.2.3": null, "TAA 2.2.4": null, "DC": 3570353.05, "BT": 34500000, "TD": 0.10348849420289855, "BD 2024 (EUR)": 715524.94, "BD 2024 (%)": 0.020739853333333332, "BD 2025 (EUR)": 2758290.3, "BD 2025 (%)": 0.079950443478260858, "BD 2026 (EUR)": 96537.81, "BD 2026 (%)": 0.002798197391304348, "BD 2027 (EUR)": null, "BD 2027 (%)": null, "BD 2028 (EUR)": null, "BD 2028 (%)": null, "BD 2029 (EUR)": null, "BD 2029 (%)": null, "BD 2030 (EUR)": null, "BD 2030 (%)": null, "BD C1 (EUR)": null, "BD C1 (%)": null, "BD C2 (EUR)": null, "BD C2 (%)": null, "BD C3 (EUR)": null, "BD C3 (%)": null, "BD C4 (EUR)": null, "BD C4 (%)": null, "BDF (EUR)": null, "BDF (%)": null, "BDA (EUR)": null, "BDA (%)": null, "BDC (EUR)": null, "BDC (%)": null, "BDMI (EUR)": null, "BDMI (%)": null, "BDMP (EUR)": null, "BDMP (%)": null, "BDS (EUR)": null, "BDS (%)": null, "TAC": null, "PA (EUR)": null, "D (EUR)": null, "TAC  C1": null, "PA C1 (EUR)": null, "D C1 (EUR)": null, "TAC C2": null, "PA C2 (EUR)": null, "D C2 (EUR)": null, "TAC  C3": null, "PA C3 (EUR)": null, "D C3 (EUR)": null, "TAC C4": null, "PA C4 (EUR)": null, "D C4 (EUR)": null, "TAC F": null, "PAF (EUR)": null, "DF (EUR)": null, "TAC A": null, "PAA (EUR)": null, "DA (EUR)": null, "TAC C": null, "PAC (EUR)": null, "DC (EUR)": null, "TAC MI": null, "PAMI (EUR)": null, "DMI (EUR)": null, " TAC MP": null, "PAMP (EUR)": null, "DMP (EUR)": null }, "geometry": null },
{ "type": "Feature", "properties": { "Année": 2030, "Mois": "Décembre", "UC": "UCT", "TAG": null, "NAP": null, "NAA": null, "NAC": null, "NAD": null, "TAR 1": null, "TAR 2": null, "TAR 1.1": null, "TAR 1.2": null, "TAR 2.1": null, "TAR 2.2": null, "TAA 1.1.1": null, "TAA 1.1.2": null, "TAA 1.1.3": null, "TAA 1.1.4": null, "TAA 1.2.1": null, "TAA 1.2.2": null, "TAA 1.2.3": null, "TAA 1.2.4": null, "TAA 2.1.1": null, "TAA 2.1.2": null, "TAA 2.1.3": null, "TAA 2.1.4": null, "TAA 2.2.1": null, "TAA 2.2.2": null, "TAA 2.2.3": null, "TAA 2.2.4": null, "DC": 3570353.05, "BT": 34500000, "TD": 0.10348849420289855, "BD 2024 (EUR)": 715524.94, "BD 2024 (%)": 0.020739853333333332, "BD 2025 (EUR)": 2758290.3, "BD 2025 (%)": 0.079950443478260858, "BD 2026 (EUR)": 96537.81, "BD 2026 (%)": 0.002798197391304348, "BD 2027 (EUR)": null, "BD 2027 (%)": null, "BD 2028 (EUR)": null, "BD 2028 (%)": null, "BD 2029 (EUR)": null, "BD 2029 (%)": null, "BD 2030 (EUR)": null, "BD 2030 (%)": null, "BD C1 (EUR)": null, "BD C1 (%)": null, "BD C2 (EUR)": null, "BD C2 (%)": null, "BD C3 (EUR)": null, "BD C3 (%)": null, "BD C4 (EUR)": null, "BD C4 (%)": null, "BDF (EUR)": null, "BDF (%)": null, "BDA (EUR)": null, "BDA (%)": null, "BDC (EUR)": null, "BDC (%)": null, "BDMI (EUR)": null, "BDMI (%)": null, "BDMP (EUR)": null, "BDMP (%)": null, "BDS (EUR)": null, "BDS (%)": null, "TAC": null, "PA (EUR)": null, "D (EUR)": null, "TAC  C1": null, "PA C1 (EUR)": null, "D C1 (EUR)": null, "TAC C2": null, "PA C2 (EUR)": null, "D C2 (EUR)": null, "TAC  C3": null, "PA C3 (EUR)": null, "D C3 (EUR)": null, "TAC C4": null, "PA C4 (EUR)": null, "D C4 (EUR)": null, "TAC F": null, "PAF (EUR)": null, "DF (EUR)": null, "TAC A": null, "PAA (EUR)": null, "DA (EUR)": null, "TAC C": null, "PAC (EUR)": null, "DC (EUR)": null, "TAC MI": null, "PAMI (EUR)": null, "DMI (EUR)": null, " TAC MP": null, "PAMP (EUR)": null, "DMP (EUR)": null }, "geometry": null },
{ "type": "Feature", "properties": { "Année": 2030, "Mois": "Janvier", "UC": "UCR-B", "TAG": null, "NAP": null, "NAA": null, "NAC": null, "NAD": null, "TAR 1": null, "TAR 2": null, "TAR 1.1": null, "TAR 1.2": null, "TAR 2.1": null, "TAR 2.2": null, "TAA 1.1.1": null, "TAA 1.1.2": null, "TAA 1.1.3": null, "TAA 1.1.4": null, "TAA 1.2.1": null, "TAA 1.2.2": null, "TAA 1.2.3": null, "TAA 1.2.4": null, "TAA 2.1.1": null, "TAA 2.1.2": null, "TAA 2.1.3": null, "TAA 2.1.4": null, "TAA 2.2.1": null, "TAA 2.2.2": null, "TAA 2.2.3": null, "TAA 2.2.4": null, "DC": 3570353.05, "BT": 34500000, "TD": 0.10348849420289855, "BD 2024 (EUR)": 715524.94, "BD 2024 (%)": 0.020739853333333332, "BD 2025 (EUR)": 2758290.3, "BD 2025 (%)": 0.079950443478260858, "BD 2026 (EUR)": 96537.81, "BD 2026 (%)": 0.002798197391304348, "BD 2027 (EUR)": null, "BD 2027 (%)": null, "BD 2028 (EUR)": null, "BD 2028 (%)": null, "BD 2029 (EUR)": null, "BD 2029 (%)": null, "BD 2030 (EUR)": null, "BD 2030 (%)": null, "BD C1 (EUR)": null, "BD C1 (%)": null, "BD C2 (EUR)": null, "BD C2 (%)": null, "BD C3 (EUR)": null, "BD C3 (%)": null, "BD C4 (EUR)": null, "BD C4 (%)": null, "BDF (EUR)": null, "BDF (%)": null, "BDA (EUR)": null, "BDA (%)": null, "BDC (EUR)": null, "BDC (%)": null, "BDMI (EUR)": null, "BDMI (%)": null, "BDMP (EUR)": null, "BDMP (%)": null, "BDS (EUR)": null, "BDS (%)": null, "TAC": null, "PA (EUR)": null, "D (EUR)": null, "TAC  C1": null, "PA C1 (EUR)": null, "D C1 (EUR)": null, "TAC C2": null, "PA C2 (EUR)": null, "D C2 (EUR)": null, "TAC  C3": null, "PA C3 (EUR)": null, "D C3 (EUR)": null, "TAC C4": null, "PA C4 (EUR)": null, "D C4 (EUR)": null, "TAC F": null, "PAF (EUR)": null, "DF (EUR)": null, "TAC A": null, "PAA (EUR)": null, "DA (EUR)": null, "TAC C": null, "PAC (EUR)": null, "DC (EUR)": null, "TAC MI": null, "PAMI (EUR)": null, "DMI (EUR)": null, " TAC MP": null, "PAMP (EUR)": null, "DMP (EUR)": null }, "geometry": null },
{ "type": "Feature", "properties": { "Année": 2030, "Mois": "Février", "UC": "UCR-B", "TAG": null, "NAP": null, "NAA": null, "NAC": null, "NAD": null, "TAR 1": null, "TAR 2": null, "TAR 1.1": null, "TAR 1.2": null, "TAR 2.1": null, "TAR 2.2": null, "TAA 1.1.1": null, "TAA 1.1.2": null, "TAA 1.1.3": null, "TAA 1.1.4": null, "TAA 1.2.1": null, "TAA 1.2.2": null, "TAA 1.2.3": null, "TAA 1.2.4": null, "TAA 2.1.1": null, "TAA 2.1.2": null, "TAA 2.1.3": null, "TAA 2.1.4": null, "TAA 2.2.1": null, "TAA 2.2.2": null, "TAA 2.2.3": null, "TAA 2.2.4": null, "DC": 3570353.05, "BT": 34500000, "TD": 0.10348849420289855, "BD 2024 (EUR)": 715524.94, "BD 2024 (%)": 0.020739853333333332, "BD 2025 (EUR)": 2758290.3, "BD 2025 (%)": 0.079950443478260858, "BD 2026 (EUR)": 96537.81, "BD 2026 (%)": 0.002798197391304348, "BD 2027 (EUR)": null, "BD 2027 (%)": null, "BD 2028 (EUR)": null, "BD 2028 (%)": null, "BD 2029 (EUR)": null, "BD 2029 (%)": null, "BD 2030 (EUR)": null, "BD 2030 (%)": null, "BD C1 (EUR)": null, "BD C1 (%)": null, "BD C2 (EUR)": null, "BD C2 (%)": null, "BD C3 (EUR)": null, "BD C3 (%)": null, "BD C4 (EUR)": null, "BD C4 (%)": null, "BDF (EUR)": null, "BDF (%)": null, "BDA (EUR)": null, "BDA (%)": null, "BDC (EUR)": null, "BDC (%)": null, "BDMI (EUR)": null, "BDMI (%)": null, "BDMP (EUR)": null, "BDMP (%)": null, "BDS (EUR)": null, "BDS (%)": null, "TAC": null, "PA (EUR)": null, "D (EUR)": null, "TAC  C1": null, "PA C1 (EUR)": null, "D C1 (EUR)": null, "TAC C2": null, "PA C2 (EUR)": null, "D C2 (EUR)": null, "TAC  C3": null, "PA C3 (EUR)": null, "D C3 (EUR)": null, "TAC C4": null, "PA C4 (EUR)": null, "D C4 (EUR)": null, "TAC F": null, "PAF (EUR)": null, "DF (EUR)": null, "TAC A": null, "PAA (EUR)": null, "DA (EUR)": null, "TAC C": null, "PAC (EUR)": null, "DC (EUR)": null, "TAC MI": null, "PAMI (EUR)": null, "DMI (EUR)": null, " TAC MP": null, "PAMP (EUR)": null, "DMP (EUR)": null }, "geometry": null },
{ "type": "Feature", "properties": { "Année": 2030, "Mois": "Mars", "UC": "UCR-B", "TAG": null, "NAP": null, "NAA": null, "NAC": null, "NAD": null, "TAR 1": null, "TAR 2": null, "TAR 1.1": null, "TAR 1.2": null, "TAR 2.1": null, "TAR 2.2": null, "TAA 1.1.1": null, "TAA 1.1.2": null, "TAA 1.1.3": null, "TAA 1.1.4": null, "TAA 1.2.1": null, "TAA 1.2.2": null, "TAA 1.2.3": null, "TAA 1.2.4": null, "TAA 2.1.1": null, "TAA 2.1.2": null, "TAA 2.1.3": null, "TAA 2.1.4": null, "TAA 2.2.1": null, "TAA 2.2.2": null, "TAA 2.2.3": null, "TAA 2.2.4": null, "DC": 3570353.05, "BT": 34500000, "TD": 0.10348849420289855, "BD 2024 (EUR)": 715524.94, "BD 2024 (%)": 0.020739853333333332, "BD 2025 (EUR)": 2758290.3, "BD 2025 (%)": 0.079950443478260858, "BD 2026 (EUR)": 96537.81, "BD 2026 (%)": 0.002798197391304348, "BD 2027 (EUR)": null, "BD 2027 (%)": null, "BD 2028 (EUR)": null, "BD 2028 (%)": null, "BD 2029 (EUR)": null, "BD 2029 (%)": null, "BD 2030 (EUR)": null, "BD 2030 (%)": null, "BD C1 (EUR)": null, "BD C1 (%)": null, "BD C2 (EUR)": null, "BD C2 (%)": null, "BD C3 (EUR)": null, "BD C3 (%)": null, "BD C4 (EUR)": null, "BD C4 (%)": null, "BDF (EUR)": null, "BDF (%)": null, "BDA (EUR)": null, "BDA (%)": null, "BDC (EUR)": null, "BDC (%)": null, "BDMI (EUR)": null, "BDMI (%)": null, "BDMP (EUR)": null, "BDMP (%)": null, "BDS (EUR)": null, "BDS (%)": null, "TAC": null, "PA (EUR)": null, "D (EUR)": null, "TAC  C1": null, "PA C1 (EUR)": null, "D C1 (EUR)": null, "TAC C2": null, "PA C2 (EUR)": null, "D C2 (EUR)": null, "TAC  C3": null, "PA C3 (EUR)": null, "D C3 (EUR)": null, "TAC C4": null, "PA C4 (EUR)": null, "D C4 (EUR)": null, "TAC F": null, "PAF (EUR)": null, "DF (EUR)": null, "TAC A": null, "PAA (EUR)": null, "DA (EUR)": null, "TAC C": null, "PAC (EUR)": null, "DC (EUR)": null, "TAC MI": null, "PAMI (EUR)": null, "DMI (EUR)": null, " TAC MP": null, "PAMP (EUR)": null, "DMP (EUR)": null }, "geometry": null },
{ "type": "Feature", "properties": { "Année": 2030, "Mois": "Avril", "UC": "UCR-B", "TAG": null, "NAP": null, "NAA": null, "NAC": null, "NAD": null, "TAR 1": null, "TAR 2": null, "TAR 1.1": null, "TAR 1.2": null, "TAR 2.1": null, "TAR 2.2": null, "TAA 1.1.1": null, "TAA 1.1.2": null, "TAA 1.1.3": null, "TAA 1.1.4": null, "TAA 1.2.1": null, "TAA 1.2.2": null, "TAA 1.2.3": null, "TAA 1.2.4": null, "TAA 2.1.1": null, "TAA 2.1.2": null, "TAA 2.1.3": null, "TAA 2.1.4": null, "TAA 2.2.1": null, "TAA 2.2.2": null, "TAA 2.2.3": null, "TAA 2.2.4": null, "DC": 3570353.05, "BT": 34500000, "TD": 0.10348849420289855, "BD 2024 (EUR)": 715524.94, "BD 2024 (%)": 0.020739853333333332, "BD 2025 (EUR)": 2758290.3, "BD 2025 (%)": 0.079950443478260858, "BD 2026 (EUR)": 96537.81, "BD 2026 (%)": 0.002798197391304348, "BD 2027 (EUR)": null, "BD 2027 (%)": null, "BD 2028 (EUR)": null, "BD 2028 (%)": null, "BD 2029 (EUR)": null, "BD 2029 (%)": null, "BD 2030 (EUR)": null, "BD 2030 (%)": null, "BD C1 (EUR)": null, "BD C1 (%)": null, "BD C2 (EUR)": null, "BD C2 (%)": null, "BD C3 (EUR)": null, "BD C3 (%)": null, "BD C4 (EUR)": null, "BD C4 (%)": null, "BDF (EUR)": null, "BDF (%)": null, "BDA (EUR)": null, "BDA (%)": null, "BDC (EUR)": null, "BDC (%)": null, "BDMI (EUR)": null, "BDMI (%)": null, "BDMP (EUR)": null, "BDMP (%)": null, "BDS (EUR)": null, "BDS (%)": null, "TAC": null, "PA (EUR)": null, "D (EUR)": null, "TAC  C1": null, "PA C1 (EUR)": null, "D C1 (EUR)": null, "TAC C2": null, "PA C2 (EUR)": null, "D C2 (EUR)": null, "TAC  C3": null, "PA C3 (EUR)": null, "D C3 (EUR)": null, "TAC C4": null, "PA C4 (EUR)": null, "D C4 (EUR)": null, "TAC F": null, "PAF (EUR)": null, "DF (EUR)": null, "TAC A": null, "PAA (EUR)": null, "DA (EUR)": null, "TAC C": null, "PAC (EUR)": null, "DC (EUR)": null, "TAC MI": null, "PAMI (EUR)": null, "DMI (EUR)": null, " TAC MP": null, "PAMP (EUR)": null, "DMP (EUR)": null }, "geometry": null },
{ "type": "Feature", "properties": { "Année": 2030, "Mois": "Mai", "UC": "UCR-B", "TAG": null, "NAP": null, "NAA": null, "NAC": null, "NAD": null, "TAR 1": null, "TAR 2": null, "TAR 1.1": null, "TAR 1.2": null, "TAR 2.1": null, "TAR 2.2": null, "TAA 1.1.1": null, "TAA 1.1.2": null, "TAA 1.1.3": null, "TAA 1.1.4": null, "TAA 1.2.1": null, "TAA 1.2.2": null, "TAA 1.2.3": null, "TAA 1.2.4": null, "TAA 2.1.1": null, "TAA 2.1.2": null, "TAA 2.1.3": null, "TAA 2.1.4": null, "TAA 2.2.1": null, "TAA 2.2.2": null, "TAA 2.2.3": null, "TAA 2.2.4": null, "DC": 3570353.05, "BT": 34500000, "TD": 0.10348849420289855, "BD 2024 (EUR)": 715524.94, "BD 2024 (%)": 0.020739853333333332, "BD 2025 (EUR)": 2758290.3, "BD 2025 (%)": 0.079950443478260858, "BD 2026 (EUR)": 96537.81, "BD 2026 (%)": 0.002798197391304348, "BD 2027 (EUR)": null, "BD 2027 (%)": null, "BD 2028 (EUR)": null, "BD 2028 (%)": null, "BD 2029 (EUR)": null, "BD 2029 (%)": null, "BD 2030 (EUR)": null, "BD 2030 (%)": null, "BD C1 (EUR)": null, "BD C1 (%)": null, "BD C2 (EUR)": null, "BD C2 (%)": null, "BD C3 (EUR)": null, "BD C3 (%)": null, "BD C4 (EUR)": null, "BD C4 (%)": null, "BDF (EUR)": null, "BDF (%)": null, "BDA (EUR)": null, "BDA (%)": null, "BDC (EUR)": null, "BDC (%)": null, "BDMI (EUR)": null, "BDMI (%)": null, "BDMP (EUR)": null, "BDMP (%)": null, "BDS (EUR)": null, "BDS (%)": null, "TAC": null, "PA (EUR)": null, "D (EUR)": null, "TAC  C1": null, "PA C1 (EUR)": null, "D C1 (EUR)": null, "TAC C2": null, "PA C2 (EUR)": null, "D C2 (EUR)": null, "TAC  C3": null, "PA C3 (EUR)": null, "D C3 (EUR)": null, "TAC C4": null, "PA C4 (EUR)": null, "D C4 (EUR)": null, "TAC F": null, "PAF (EUR)": null, "DF (EUR)": null, "TAC A": null, "PAA (EUR)": null, "DA (EUR)": null, "TAC C": null, "PAC (EUR)": null, "DC (EUR)": null, "TAC MI": null, "PAMI (EUR)": null, "DMI (EUR)": null, " TAC MP": null, "PAMP (EUR)": null, "DMP (EUR)": null }, "geometry": null },
{ "type": "Feature", "properties": { "Année": 2030, "Mois": "Juin", "UC": "UCR-B", "TAG": null, "NAP": null, "NAA": null, "NAC": null, "NAD": null, "TAR 1": null, "TAR 2": null, "TAR 1.1": null, "TAR 1.2": null, "TAR 2.1": null, "TAR 2.2": null, "TAA 1.1.1": null, "TAA 1.1.2": null, "TAA 1.1.3": null, "TAA 1.1.4": null, "TAA 1.2.1": null, "TAA 1.2.2": null, "TAA 1.2.3": null, "TAA 1.2.4": null, "TAA 2.1.1": null, "TAA 2.1.2": null, "TAA 2.1.3": null, "TAA 2.1.4": null, "TAA 2.2.1": null, "TAA 2.2.2": null, "TAA 2.2.3": null, "TAA 2.2.4": null, "DC": 3570353.05, "BT": 34500000, "TD": 0.10348849420289855, "BD 2024 (EUR)": 715524.94, "BD 2024 (%)": 0.020739853333333332, "BD 2025 (EUR)": 2758290.3, "BD 2025 (%)": 0.079950443478260858, "BD 2026 (EUR)": 96537.81, "BD 2026 (%)": 0.002798197391304348, "BD 2027 (EUR)": null, "BD 2027 (%)": null, "BD 2028 (EUR)": null, "BD 2028 (%)": null, "BD 2029 (EUR)": null, "BD 2029 (%)": null, "BD 2030 (EUR)": null, "BD 2030 (%)": null, "BD C1 (EUR)": null, "BD C1 (%)": null, "BD C2 (EUR)": null, "BD C2 (%)": null, "BD C3 (EUR)": null, "BD C3 (%)": null, "BD C4 (EUR)": null, "BD C4 (%)": null, "BDF (EUR)": null, "BDF (%)": null, "BDA (EUR)": null, "BDA (%)": null, "BDC (EUR)": null, "BDC (%)": null, "BDMI (EUR)": null, "BDMI (%)": null, "BDMP (EUR)": null, "BDMP (%)": null, "BDS (EUR)": null, "BDS (%)": null, "TAC": null, "PA (EUR)": null, "D (EUR)": null, "TAC  C1": null, "PA C1 (EUR)": null, "D C1 (EUR)": null, "TAC C2": null, "PA C2 (EUR)": null, "D C2 (EUR)": null, "TAC  C3": null, "PA C3 (EUR)": null, "D C3 (EUR)": null, "TAC C4": null, "PA C4 (EUR)": null, "D C4 (EUR)": null, "TAC F": null, "PAF (EUR)": null, "DF (EUR)": null, "TAC A": null, "PAA (EUR)": null, "DA (EUR)": null, "TAC C": null, "PAC (EUR)": null, "DC (EUR)": null, "TAC MI": null, "PAMI (EUR)": null, "DMI (EUR)": null, " TAC MP": null, "PAMP (EUR)": null, "DMP (EUR)": null }, "geometry": null },
{ "type": "Feature", "properties": { "Année": 2030, "Mois": "Juillet", "UC": "UCR-B", "TAG": null, "NAP": null, "NAA": null, "NAC": null, "NAD": null, "TAR 1": null, "TAR 2": null, "TAR 1.1": null, "TAR 1.2": null, "TAR 2.1": null, "TAR 2.2": null, "TAA 1.1.1": null, "TAA 1.1.2": null, "TAA 1.1.3": null, "TAA 1.1.4": null, "TAA 1.2.1": null, "TAA 1.2.2": null, "TAA 1.2.3": null, "TAA 1.2.4": null, "TAA 2.1.1": null, "TAA 2.1.2": null, "TAA 2.1.3": null, "TAA 2.1.4": null, "TAA 2.2.1": null, "TAA 2.2.2": null, "TAA 2.2.3": null, "TAA 2.2.4": null, "DC": 3570353.05, "BT": 34500000, "TD": 0.10348849420289855, "BD 2024 (EUR)": 715524.94, "BD 2024 (%)": 0.020739853333333332, "BD 2025 (EUR)": 2758290.3, "BD 2025 (%)": 0.079950443478260858, "BD 2026 (EUR)": 96537.81, "BD 2026 (%)": 0.002798197391304348, "BD 2027 (EUR)": null, "BD 2027 (%)": null, "BD 2028 (EUR)": null, "BD 2028 (%)": null, "BD 2029 (EUR)": null, "BD 2029 (%)": null, "BD 2030 (EUR)": null, "BD 2030 (%)": null, "BD C1 (EUR)": null, "BD C1 (%)": null, "BD C2 (EUR)": null, "BD C2 (%)": null, "BD C3 (EUR)": null, "BD C3 (%)": null, "BD C4 (EUR)": null, "BD C4 (%)": null, "BDF (EUR)": null, "BDF (%)": null, "BDA (EUR)": null, "BDA (%)": null, "BDC (EUR)": null, "BDC (%)": null, "BDMI (EUR)": null, "BDMI (%)": null, "BDMP (EUR)": null, "BDMP (%)": null, "BDS (EUR)": null, "BDS (%)": null, "TAC": null, "PA (EUR)": null, "D (EUR)": null, "TAC  C1": null, "PA C1 (EUR)": null, "D C1 (EUR)": null, "TAC C2": null, "PA C2 (EUR)": null, "D C2 (EUR)": null, "TAC  C3": null, "PA C3 (EUR)": null, "D C3 (EUR)": null, "TAC C4": null, "PA C4 (EUR)": null, "D C4 (EUR)": null, "TAC F": null, "PAF (EUR)": null, "DF (EUR)": null, "TAC A": null, "PAA (EUR)": null, "DA (EUR)": null, "TAC C": null, "PAC (EUR)": null, "DC (EUR)": null, "TAC MI": null, "PAMI (EUR)": null, "DMI (EUR)": null, " TAC MP": null, "PAMP (EUR)": null, "DMP (EUR)": null }, "geometry": null },
{ "type": "Feature", "properties": { "Année": 2030, "Mois": "Août", "UC": "UCR-B", "TAG": null, "NAP": null, "NAA": null, "NAC": null, "NAD": null, "TAR 1": null, "TAR 2": null, "TAR 1.1": null, "TAR 1.2": null, "TAR 2.1": null, "TAR 2.2": null, "TAA 1.1.1": null, "TAA 1.1.2": null, "TAA 1.1.3": null, "TAA 1.1.4": null, "TAA 1.2.1": null, "TAA 1.2.2": null, "TAA 1.2.3": null, "TAA 1.2.4": null, "TAA 2.1.1": null, "TAA 2.1.2": null, "TAA 2.1.3": null, "TAA 2.1.4": null, "TAA 2.2.1": null, "TAA 2.2.2": null, "TAA 2.2.3": null, "TAA 2.2.4": null, "DC": 3570353.05, "BT": 34500000, "TD": 0.10348849420289855, "BD 2024 (EUR)": 715524.94, "BD 2024 (%)": 0.020739853333333332, "BD 2025 (EUR)": 2758290.3, "BD 2025 (%)": 0.079950443478260858, "BD 2026 (EUR)": 96537.81, "BD 2026 (%)": 0.002798197391304348, "BD 2027 (EUR)": null, "BD 2027 (%)": null, "BD 2028 (EUR)": null, "BD 2028 (%)": null, "BD 2029 (EUR)": null, "BD 2029 (%)": null, "BD 2030 (EUR)": null, "BD 2030 (%)": null, "BD C1 (EUR)": null, "BD C1 (%)": null, "BD C2 (EUR)": null, "BD C2 (%)": null, "BD C3 (EUR)": null, "BD C3 (%)": null, "BD C4 (EUR)": null, "BD C4 (%)": null, "BDF (EUR)": null, "BDF (%)": null, "BDA (EUR)": null, "BDA (%)": null, "BDC (EUR)": null, "BDC (%)": null, "BDMI (EUR)": null, "BDMI (%)": null, "BDMP (EUR)": null, "BDMP (%)": null, "BDS (EUR)": null, "BDS (%)": null, "TAC": null, "PA (EUR)": null, "D (EUR)": null, "TAC  C1": null, "PA C1 (EUR)": null, "D C1 (EUR)": null, "TAC C2": null, "PA C2 (EUR)": null, "D C2 (EUR)": null, "TAC  C3": null, "PA C3 (EUR)": null, "D C3 (EUR)": null, "TAC C4": null, "PA C4 (EUR)": null, "D C4 (EUR)": null, "TAC F": null, "PAF (EUR)": null, "DF (EUR)": null, "TAC A": null, "PAA (EUR)": null, "DA (EUR)": null, "TAC C": null, "PAC (EUR)": null, "DC (EUR)": null, "TAC MI": null, "PAMI (EUR)": null, "DMI (EUR)": null, " TAC MP": null, "PAMP (EUR)": null, "DMP (EUR)": null }, "geometry": null },
{ "type": "Feature", "properties": { "Année": 2030, "Mois": "Septembre", "UC": "UCR-B", "TAG": null, "NAP": null, "NAA": null, "NAC": null, "NAD": null, "TAR 1": null, "TAR 2": null, "TAR 1.1": null, "TAR 1.2": null, "TAR 2.1": null, "TAR 2.2": null, "TAA 1.1.1": null, "TAA 1.1.2": null, "TAA 1.1.3": null, "TAA 1.1.4": null, "TAA 1.2.1": null, "TAA 1.2.2": null, "TAA 1.2.3": null, "TAA 1.2.4": null, "TAA 2.1.1": null, "TAA 2.1.2": null, "TAA 2.1.3": null, "TAA 2.1.4": null, "TAA 2.2.1": null, "TAA 2.2.2": null, "TAA 2.2.3": null, "TAA 2.2.4": null, "DC": 3570353.05, "BT": 34500000, "TD": 0.10348849420289855, "BD 2024 (EUR)": 715524.94, "BD 2024 (%)": 0.020739853333333332, "BD 2025 (EUR)": 2758290.3, "BD 2025 (%)": 0.079950443478260858, "BD 2026 (EUR)": 96537.81, "BD 2026 (%)": 0.002798197391304348, "BD 2027 (EUR)": null, "BD 2027 (%)": null, "BD 2028 (EUR)": null, "BD 2028 (%)": null, "BD 2029 (EUR)": null, "BD 2029 (%)": null, "BD 2030 (EUR)": null, "BD 2030 (%)": null, "BD C1 (EUR)": null, "BD C1 (%)": null, "BD C2 (EUR)": null, "BD C2 (%)": null, "BD C3 (EUR)": null, "BD C3 (%)": null, "BD C4 (EUR)": null, "BD C4 (%)": null, "BDF (EUR)": null, "BDF (%)": null, "BDA (EUR)": null, "BDA (%)": null, "BDC (EUR)": null, "BDC (%)": null, "BDMI (EUR)": null, "BDMI (%)": null, "BDMP (EUR)": null, "BDMP (%)": null, "BDS (EUR)": null, "BDS (%)": null, "TAC": null, "PA (EUR)": null, "D (EUR)": null, "TAC  C1": null, "PA C1 (EUR)": null, "D C1 (EUR)": null, "TAC C2": null, "PA C2 (EUR)": null, "D C2 (EUR)": null, "TAC  C3": null, "PA C3 (EUR)": null, "D C3 (EUR)": null, "TAC C4": null, "PA C4 (EUR)": null, "D C4 (EUR)": null, "TAC F": null, "PAF (EUR)": null, "DF (EUR)": null, "TAC A": null, "PAA (EUR)": null, "DA (EUR)": null, "TAC C": null, "PAC (EUR)": null, "DC (EUR)": null, "TAC MI": null, "PAMI (EUR)": null, "DMI (EUR)": null, " TAC MP": null, "PAMP (EUR)": null, "DMP (EUR)": null }, "geometry": null },
{ "type": "Feature", "properties": { "Année": 2030, "Mois": "Octobre", "UC": "UCR-B", "TAG": null, "NAP": null, "NAA": null, "NAC": null, "NAD": null, "TAR 1": null, "TAR 2": null, "TAR 1.1": null, "TAR 1.2": null, "TAR 2.1": null, "TAR 2.2": null, "TAA 1.1.1": null, "TAA 1.1.2": null, "TAA 1.1.3": null, "TAA 1.1.4": null, "TAA 1.2.1": null, "TAA 1.2.2": null, "TAA 1.2.3": null, "TAA 1.2.4": null, "TAA 2.1.1": null, "TAA 2.1.2": null, "TAA 2.1.3": null, "TAA 2.1.4": null, "TAA 2.2.1": null, "TAA 2.2.2": null, "TAA 2.2.3": null, "TAA 2.2.4": null, "DC": 3570353.05, "BT": 34500000, "TD": 0.10348849420289855, "BD 2024 (EUR)": 715524.94, "BD 2024 (%)": 0.020739853333333332, "BD 2025 (EUR)": 2758290.3, "BD 2025 (%)": 0.079950443478260858, "BD 2026 (EUR)": 96537.81, "BD 2026 (%)": 0.002798197391304348, "BD 2027 (EUR)": null, "BD 2027 (%)": null, "BD 2028 (EUR)": null, "BD 2028 (%)": null, "BD 2029 (EUR)": null, "BD 2029 (%)": null, "BD 2030 (EUR)": null, "BD 2030 (%)": null, "BD C1 (EUR)": null, "BD C1 (%)": null, "BD C2 (EUR)": null, "BD C2 (%)": null, "BD C3 (EUR)": null, "BD C3 (%)": null, "BD C4 (EUR)": null, "BD C4 (%)": null, "BDF (EUR)": null, "BDF (%)": null, "BDA (EUR)": null, "BDA (%)": null, "BDC (EUR)": null, "BDC (%)": null, "BDMI (EUR)": null, "BDMI (%)": null, "BDMP (EUR)": null, "BDMP (%)": null, "BDS (EUR)": null, "BDS (%)": null, "TAC": null, "PA (EUR)": null, "D (EUR)": null, "TAC  C1": null, "PA C1 (EUR)": null, "D C1 (EUR)": null, "TAC C2": null, "PA C2 (EUR)": null, "D C2 (EUR)": null, "TAC  C3": null, "PA C3 (EUR)": null, "D C3 (EUR)": null, "TAC C4": null, "PA C4 (EUR)": null, "D C4 (EUR)": null, "TAC F": null, "PAF (EUR)": null, "DF (EUR)": null, "TAC A": null, "PAA (EUR)": null, "DA (EUR)": null, "TAC C": null, "PAC (EUR)": null, "DC (EUR)": null, "TAC MI": null, "PAMI (EUR)": null, "DMI (EUR)": null, " TAC MP": null, "PAMP (EUR)": null, "DMP (EUR)": null }, "geometry": null },
{ "type": "Feature", "properties": { "Année": 2030, "Mois": "Novembre", "UC": "UCR-B", "TAG": null, "NAP": null, "NAA": null, "NAC": null, "NAD": null, "TAR 1": null, "TAR 2": null, "TAR 1.1": null, "TAR 1.2": null, "TAR 2.1": null, "TAR 2.2": null, "TAA 1.1.1": null, "TAA 1.1.2": null, "TAA 1.1.3": null, "TAA 1.1.4": null, "TAA 1.2.1": null, "TAA 1.2.2": null, "TAA 1.2.3": null, "TAA 1.2.4": null, "TAA 2.1.1": null, "TAA 2.1.2": null, "TAA 2.1.3": null, "TAA 2.1.4": null, "TAA 2.2.1": null, "TAA 2.2.2": null, "TAA 2.2.3": null, "TAA 2.2.4": null, "DC": 3570353.05, "BT": 34500000, "TD": 0.10348849420289855, "BD 2024 (EUR)": 715524.94, "BD 2024 (%)": 0.020739853333333332, "BD 2025 (EUR)": 2758290.3, "BD 2025 (%)": 0.079950443478260858, "BD 2026 (EUR)": 96537.81, "BD 2026 (%)": 0.002798197391304348, "BD 2027 (EUR)": null, "BD 2027 (%)": null, "BD 2028 (EUR)": null, "BD 2028 (%)": null, "BD 2029 (EUR)": null, "BD 2029 (%)": null, "BD 2030 (EUR)": null, "BD 2030 (%)": null, "BD C1 (EUR)": null, "BD C1 (%)": null, "BD C2 (EUR)": null, "BD C2 (%)": null, "BD C3 (EUR)": null, "BD C3 (%)": null, "BD C4 (EUR)": null, "BD C4 (%)": null, "BDF (EUR)": null, "BDF (%)": null, "BDA (EUR)": null, "BDA (%)": null, "BDC (EUR)": null, "BDC (%)": null, "BDMI (EUR)": null, "BDMI (%)": null, "BDMP (EUR)": null, "BDMP (%)": null, "BDS (EUR)": null, "BDS (%)": null, "TAC": null, "PA (EUR)": null, "D (EUR)": null, "TAC  C1": null, "PA C1 (EUR)": null, "D C1 (EUR)": null, "TAC C2": null, "PA C2 (EUR)": null, "D C2 (EUR)": null, "TAC  C3": null, "PA C3 (EUR)": null, "D C3 (EUR)": null, "TAC C4": null, "PA C4 (EUR)": null, "D C4 (EUR)": null, "TAC F": null, "PAF (EUR)": null, "DF (EUR)": null, "TAC A": null, "PAA (EUR)": null, "DA (EUR)": null, "TAC C": null, "PAC (EUR)": null, "DC (EUR)": null, "TAC MI": null, "PAMI (EUR)": null, "DMI (EUR)": null, " TAC MP": null, "PAMP (EUR)": null, "DMP (EUR)": null }, "geometry": null },
{ "type": "Feature", "properties": { "Année": 2030, "Mois": "Décembre", "UC": "UCR-B", "TAG": null, "NAP": null, "NAA": null, "NAC": null, "NAD": null, "TAR 1": null, "TAR 2": null, "TAR 1.1": null, "TAR 1.2": null, "TAR 2.1": null, "TAR 2.2": null, "TAA 1.1.1": null, "TAA 1.1.2": null, "TAA 1.1.3": null, "TAA 1.1.4": null, "TAA 1.2.1": null, "TAA 1.2.2": null, "TAA 1.2.3": null, "TAA 1.2.4": null, "TAA 2.1.1": null, "TAA 2.1.2": null, "TAA 2.1.3": null, "TAA 2.1.4": null, "TAA 2.2.1": null, "TAA 2.2.2": null, "TAA 2.2.3": null, "TAA 2.2.4": null, "DC": 3570353.05, "BT": 34500000, "TD": 0.10348849420289855, "BD 2024 (EUR)": 715524.94, "BD 2024 (%)": 0.020739853333333332, "BD 2025 (EUR)": 2758290.3, "BD 2025 (%)": 0.079950443478260858, "BD 2026 (EUR)": 96537.81, "BD 2026 (%)": 0.002798197391304348, "BD 2027 (EUR)": null, "BD 2027 (%)": null, "BD 2028 (EUR)": null, "BD 2028 (%)": null, "BD 2029 (EUR)": null, "BD 2029 (%)": null, "BD 2030 (EUR)": null, "BD 2030 (%)": null, "BD C1 (EUR)": null, "BD C1 (%)": null, "BD C2 (EUR)": null, "BD C2 (%)": null, "BD C3 (EUR)": null, "BD C3 (%)": null, "BD C4 (EUR)": null, "BD C4 (%)": null, "BDF (EUR)": null, "BDF (%)": null, "BDA (EUR)": null, "BDA (%)": null, "BDC (EUR)": null, "BDC (%)": null, "BDMI (EUR)": null, "BDMI (%)": null, "BDMP (EUR)": null, "BDMP (%)": null, "BDS (EUR)": null, "BDS (%)": null, "TAC": null, "PA (EUR)": null, "D (EUR)": null, "TAC  C1": null, "PA C1 (EUR)": null, "D C1 (EUR)": null, "TAC C2": null, "PA C2 (EUR)": null, "D C2 (EUR)": null, "TAC  C3": null, "PA C3 (EUR)": null, "D C3 (EUR)": null, "TAC C4": null, "PA C4 (EUR)": null, "D C4 (EUR)": null, "TAC F": null, "PAF (EUR)": null, "DF (EUR)": null, "TAC A": null, "PAA (EUR)": null, "DA (EUR)": null, "TAC C": null, "PAC (EUR)": null, "DC (EUR)": null, "TAC MI": null, "PAMI (EUR)": null, "DMI (EUR)": null, " TAC MP": null, "PAMP (EUR)": null, "DMP (EUR)": null }, "geometry": null },
{ "type": "Feature", "properties": { "Année": 2030, "Mois": "Janvier", "UC": "UCR-D", "TAG": null, "NAP": null, "NAA": null, "NAC": null, "NAD": null, "TAR 1": null, "TAR 2": null, "TAR 1.1": null, "TAR 1.2": null, "TAR 2.1": null, "TAR 2.2": null, "TAA 1.1.1": null, "TAA 1.1.2": null, "TAA 1.1.3": null, "TAA 1.1.4": null, "TAA 1.2.1": null, "TAA 1.2.2": null, "TAA 1.2.3": null, "TAA 1.2.4": null, "TAA 2.1.1": null, "TAA 2.1.2": null, "TAA 2.1.3": null, "TAA 2.1.4": null, "TAA 2.2.1": null, "TAA 2.2.2": null, "TAA 2.2.3": null, "TAA 2.2.4": null, "DC": 3570353.05, "BT": 34500000, "TD": 0.10348849420289855, "BD 2024 (EUR)": 715524.94, "BD 2024 (%)": 0.020739853333333332, "BD 2025 (EUR)": 2758290.3, "BD 2025 (%)": 0.079950443478260858, "BD 2026 (EUR)": 96537.81, "BD 2026 (%)": 0.002798197391304348, "BD 2027 (EUR)": null, "BD 2027 (%)": null, "BD 2028 (EUR)": null, "BD 2028 (%)": null, "BD 2029 (EUR)": null, "BD 2029 (%)": null, "BD 2030 (EUR)": null, "BD 2030 (%)": null, "BD C1 (EUR)": null, "BD C1 (%)": null, "BD C2 (EUR)": null, "BD C2 (%)": null, "BD C3 (EUR)": null, "BD C3 (%)": null, "BD C4 (EUR)": null, "BD C4 (%)": null, "BDF (EUR)": null, "BDF (%)": null, "BDA (EUR)": null, "BDA (%)": null, "BDC (EUR)": null, "BDC (%)": null, "BDMI (EUR)": null, "BDMI (%)": null, "BDMP (EUR)": null, "BDMP (%)": null, "BDS (EUR)": null, "BDS (%)": null, "TAC": null, "PA (EUR)": null, "D (EUR)": null, "TAC  C1": null, "PA C1 (EUR)": null, "D C1 (EUR)": null, "TAC C2": null, "PA C2 (EUR)": null, "D C2 (EUR)": null, "TAC  C3": null, "PA C3 (EUR)": null, "D C3 (EUR)": null, "TAC C4": null, "PA C4 (EUR)": null, "D C4 (EUR)": null, "TAC F": null, "PAF (EUR)": null, "DF (EUR)": null, "TAC A": null, "PAA (EUR)": null, "DA (EUR)": null, "TAC C": null, "PAC (EUR)": null, "DC (EUR)": null, "TAC MI": null, "PAMI (EUR)": null, "DMI (EUR)": null, " TAC MP": null, "PAMP (EUR)": null, "DMP (EUR)": null }, "geometry": null },
{ "type": "Feature", "properties": { "Année": 2030, "Mois": "Février", "UC": "UCR-D", "TAG": null, "NAP": null, "NAA": null, "NAC": null, "NAD": null, "TAR 1": null, "TAR 2": null, "TAR 1.1": null, "TAR 1.2": null, "TAR 2.1": null, "TAR 2.2": null, "TAA 1.1.1": null, "TAA 1.1.2": null, "TAA 1.1.3": null, "TAA 1.1.4": null, "TAA 1.2.1": null, "TAA 1.2.2": null, "TAA 1.2.3": null, "TAA 1.2.4": null, "TAA 2.1.1": null, "TAA 2.1.2": null, "TAA 2.1.3": null, "TAA 2.1.4": null, "TAA 2.2.1": null, "TAA 2.2.2": null, "TAA 2.2.3": null, "TAA 2.2.4": null, "DC": 3570353.05, "BT": 34500000, "TD": 0.10348849420289855, "BD 2024 (EUR)": 715524.94, "BD 2024 (%)": 0.020739853333333332, "BD 2025 (EUR)": 2758290.3, "BD 2025 (%)": 0.079950443478260858, "BD 2026 (EUR)": 96537.81, "BD 2026 (%)": 0.002798197391304348, "BD 2027 (EUR)": null, "BD 2027 (%)": null, "BD 2028 (EUR)": null, "BD 2028 (%)": null, "BD 2029 (EUR)": null, "BD 2029 (%)": null, "BD 2030 (EUR)": null, "BD 2030 (%)": null, "BD C1 (EUR)": null, "BD C1 (%)": null, "BD C2 (EUR)": null, "BD C2 (%)": null, "BD C3 (EUR)": null, "BD C3 (%)": null, "BD C4 (EUR)": null, "BD C4 (%)": null, "BDF (EUR)": null, "BDF (%)": null, "BDA (EUR)": null, "BDA (%)": null, "BDC (EUR)": null, "BDC (%)": null, "BDMI (EUR)": null, "BDMI (%)": null, "BDMP (EUR)": null, "BDMP (%)": null, "BDS (EUR)": null, "BDS (%)": null, "TAC": null, "PA (EUR)": null, "D (EUR)": null, "TAC  C1": null, "PA C1 (EUR)": null, "D C1 (EUR)": null, "TAC C2": null, "PA C2 (EUR)": null, "D C2 (EUR)": null, "TAC  C3": null, "PA C3 (EUR)": null, "D C3 (EUR)": null, "TAC C4": null, "PA C4 (EUR)": null, "D C4 (EUR)": null, "TAC F": null, "PAF (EUR)": null, "DF (EUR)": null, "TAC A": null, "PAA (EUR)": null, "DA (EUR)": null, "TAC C": null, "PAC (EUR)": null, "DC (EUR)": null, "TAC MI": null, "PAMI (EUR)": null, "DMI (EUR)": null, " TAC MP": null, "PAMP (EUR)": null, "DMP (EUR)": null }, "geometry": null },
{ "type": "Feature", "properties": { "Année": 2030, "Mois": "Mars", "UC": "UCR-D", "TAG": null, "NAP": null, "NAA": null, "NAC": null, "NAD": null, "TAR 1": null, "TAR 2": null, "TAR 1.1": null, "TAR 1.2": null, "TAR 2.1": null, "TAR 2.2": null, "TAA 1.1.1": null, "TAA 1.1.2": null, "TAA 1.1.3": null, "TAA 1.1.4": null, "TAA 1.2.1": null, "TAA 1.2.2": null, "TAA 1.2.3": null, "TAA 1.2.4": null, "TAA 2.1.1": null, "TAA 2.1.2": null, "TAA 2.1.3": null, "TAA 2.1.4": null, "TAA 2.2.1": null, "TAA 2.2.2": null, "TAA 2.2.3": null, "TAA 2.2.4": null, "DC": 3570353.05, "BT": 34500000, "TD": 0.10348849420289855, "BD 2024 (EUR)": 715524.94, "BD 2024 (%)": 0.020739853333333332, "BD 2025 (EUR)": 2758290.3, "BD 2025 (%)": 0.079950443478260858, "BD 2026 (EUR)": 96537.81, "BD 2026 (%)": 0.002798197391304348, "BD 2027 (EUR)": null, "BD 2027 (%)": null, "BD 2028 (EUR)": null, "BD 2028 (%)": null, "BD 2029 (EUR)": null, "BD 2029 (%)": null, "BD 2030 (EUR)": null, "BD 2030 (%)": null, "BD C1 (EUR)": null, "BD C1 (%)": null, "BD C2 (EUR)": null, "BD C2 (%)": null, "BD C3 (EUR)": null, "BD C3 (%)": null, "BD C4 (EUR)": null, "BD C4 (%)": null, "BDF (EUR)": null, "BDF (%)": null, "BDA (EUR)": null, "BDA (%)": null, "BDC (EUR)": null, "BDC (%)": null, "BDMI (EUR)": null, "BDMI (%)": null, "BDMP (EUR)": null, "BDMP (%)": null, "BDS (EUR)": null, "BDS (%)": null, "TAC": null, "PA (EUR)": null, "D (EUR)": null, "TAC  C1": null, "PA C1 (EUR)": null, "D C1 (EUR)": null, "TAC C2": null, "PA C2 (EUR)": null, "D C2 (EUR)": null, "TAC  C3": null, "PA C3 (EUR)": null, "D C3 (EUR)": null, "TAC C4": null, "PA C4 (EUR)": null, "D C4 (EUR)": null, "TAC F": null, "PAF (EUR)": null, "DF (EUR)": null, "TAC A": null, "PAA (EUR)": null, "DA (EUR)": null, "TAC C": null, "PAC (EUR)": null, "DC (EUR)": null, "TAC MI": null, "PAMI (EUR)": null, "DMI (EUR)": null, " TAC MP": null, "PAMP (EUR)": null, "DMP (EUR)": null }, "geometry": null },
{ "type": "Feature", "properties": { "Année": 2030, "Mois": "Avril", "UC": "UCR-D", "TAG": null, "NAP": null, "NAA": null, "NAC": null, "NAD": null, "TAR 1": null, "TAR 2": null, "TAR 1.1": null, "TAR 1.2": null, "TAR 2.1": null, "TAR 2.2": null, "TAA 1.1.1": null, "TAA 1.1.2": null, "TAA 1.1.3": null, "TAA 1.1.4": null, "TAA 1.2.1": null, "TAA 1.2.2": null, "TAA 1.2.3": null, "TAA 1.2.4": null, "TAA 2.1.1": null, "TAA 2.1.2": null, "TAA 2.1.3": null, "TAA 2.1.4": null, "TAA 2.2.1": null, "TAA 2.2.2": null, "TAA 2.2.3": null, "TAA 2.2.4": null, "DC": 3570353.05, "BT": 34500000, "TD": 0.10348849420289855, "BD 2024 (EUR)": 715524.94, "BD 2024 (%)": 0.020739853333333332, "BD 2025 (EUR)": 2758290.3, "BD 2025 (%)": 0.079950443478260858, "BD 2026 (EUR)": 96537.81, "BD 2026 (%)": 0.002798197391304348, "BD 2027 (EUR)": null, "BD 2027 (%)": null, "BD 2028 (EUR)": null, "BD 2028 (%)": null, "BD 2029 (EUR)": null, "BD 2029 (%)": null, "BD 2030 (EUR)": null, "BD 2030 (%)": null, "BD C1 (EUR)": null, "BD C1 (%)": null, "BD C2 (EUR)": null, "BD C2 (%)": null, "BD C3 (EUR)": null, "BD C3 (%)": null, "BD C4 (EUR)": null, "BD C4 (%)": null, "BDF (EUR)": null, "BDF (%)": null, "BDA (EUR)": null, "BDA (%)": null, "BDC (EUR)": null, "BDC (%)": null, "BDMI (EUR)": null, "BDMI (%)": null, "BDMP (EUR)": null, "BDMP (%)": null, "BDS (EUR)": null, "BDS (%)": null, "TAC": null, "PA (EUR)": null, "D (EUR)": null, "TAC  C1": null, "PA C1 (EUR)": null, "D C1 (EUR)": null, "TAC C2": null, "PA C2 (EUR)": null, "D C2 (EUR)": null, "TAC  C3": null, "PA C3 (EUR)": null, "D C3 (EUR)": null, "TAC C4": null, "PA C4 (EUR)": null, "D C4 (EUR)": null, "TAC F": null, "PAF (EUR)": null, "DF (EUR)": null, "TAC A": null, "PAA (EUR)": null, "DA (EUR)": null, "TAC C": null, "PAC (EUR)": null, "DC (EUR)": null, "TAC MI": null, "PAMI (EUR)": null, "DMI (EUR)": null, " TAC MP": null, "PAMP (EUR)": null, "DMP (EUR)": null }, "geometry": null },
{ "type": "Feature", "properties": { "Année": 2030, "Mois": "Mai", "UC": "UCR-D", "TAG": null, "NAP": null, "NAA": null, "NAC": null, "NAD": null, "TAR 1": null, "TAR 2": null, "TAR 1.1": null, "TAR 1.2": null, "TAR 2.1": null, "TAR 2.2": null, "TAA 1.1.1": null, "TAA 1.1.2": null, "TAA 1.1.3": null, "TAA 1.1.4": null, "TAA 1.2.1": null, "TAA 1.2.2": null, "TAA 1.2.3": null, "TAA 1.2.4": null, "TAA 2.1.1": null, "TAA 2.1.2": null, "TAA 2.1.3": null, "TAA 2.1.4": null, "TAA 2.2.1": null, "TAA 2.2.2": null, "TAA 2.2.3": null, "TAA 2.2.4": null, "DC": 3570353.05, "BT": 34500000, "TD": 0.10348849420289855, "BD 2024 (EUR)": 715524.94, "BD 2024 (%)": 0.020739853333333332, "BD 2025 (EUR)": 2758290.3, "BD 2025 (%)": 0.079950443478260858, "BD 2026 (EUR)": 96537.81, "BD 2026 (%)": 0.002798197391304348, "BD 2027 (EUR)": null, "BD 2027 (%)": null, "BD 2028 (EUR)": null, "BD 2028 (%)": null, "BD 2029 (EUR)": null, "BD 2029 (%)": null, "BD 2030 (EUR)": null, "BD 2030 (%)": null, "BD C1 (EUR)": null, "BD C1 (%)": null, "BD C2 (EUR)": null, "BD C2 (%)": null, "BD C3 (EUR)": null, "BD C3 (%)": null, "BD C4 (EUR)": null, "BD C4 (%)": null, "BDF (EUR)": null, "BDF (%)": null, "BDA (EUR)": null, "BDA (%)": null, "BDC (EUR)": null, "BDC (%)": null, "BDMI (EUR)": null, "BDMI (%)": null, "BDMP (EUR)": null, "BDMP (%)": null, "BDS (EUR)": null, "BDS (%)": null, "TAC": null, "PA (EUR)": null, "D (EUR)": null, "TAC  C1": null, "PA C1 (EUR)": null, "D C1 (EUR)": null, "TAC C2": null, "PA C2 (EUR)": null, "D C2 (EUR)": null, "TAC  C3": null, "PA C3 (EUR)": null, "D C3 (EUR)": null, "TAC C4": null, "PA C4 (EUR)": null, "D C4 (EUR)": null, "TAC F": null, "PAF (EUR)": null, "DF (EUR)": null, "TAC A": null, "PAA (EUR)": null, "DA (EUR)": null, "TAC C": null, "PAC (EUR)": null, "DC (EUR)": null, "TAC MI": null, "PAMI (EUR)": null, "DMI (EUR)": null, " TAC MP": null, "PAMP (EUR)": null, "DMP (EUR)": null }, "geometry": null },
{ "type": "Feature", "properties": { "Année": 2030, "Mois": "Juin", "UC": "UCR-D", "TAG": null, "NAP": null, "NAA": null, "NAC": null, "NAD": null, "TAR 1": null, "TAR 2": null, "TAR 1.1": null, "TAR 1.2": null, "TAR 2.1": null, "TAR 2.2": null, "TAA 1.1.1": null, "TAA 1.1.2": null, "TAA 1.1.3": null, "TAA 1.1.4": null, "TAA 1.2.1": null, "TAA 1.2.2": null, "TAA 1.2.3": null, "TAA 1.2.4": null, "TAA 2.1.1": null, "TAA 2.1.2": null, "TAA 2.1.3": null, "TAA 2.1.4": null, "TAA 2.2.1": null, "TAA 2.2.2": null, "TAA 2.2.3": null, "TAA 2.2.4": null, "DC": 3570353.05, "BT": 34500000, "TD": 0.10348849420289855, "BD 2024 (EUR)": 715524.94, "BD 2024 (%)": 0.020739853333333332, "BD 2025 (EUR)": 2758290.3, "BD 2025 (%)": 0.079950443478260858, "BD 2026 (EUR)": 96537.81, "BD 2026 (%)": 0.002798197391304348, "BD 2027 (EUR)": null, "BD 2027 (%)": null, "BD 2028 (EUR)": null, "BD 2028 (%)": null, "BD 2029 (EUR)": null, "BD 2029 (%)": null, "BD 2030 (EUR)": null, "BD 2030 (%)": null, "BD C1 (EUR)": null, "BD C1 (%)": null, "BD C2 (EUR)": null, "BD C2 (%)": null, "BD C3 (EUR)": null, "BD C3 (%)": null, "BD C4 (EUR)": null, "BD C4 (%)": null, "BDF (EUR)": null, "BDF (%)": null, "BDA (EUR)": null, "BDA (%)": null, "BDC (EUR)": null, "BDC (%)": null, "BDMI (EUR)": null, "BDMI (%)": null, "BDMP (EUR)": null, "BDMP (%)": null, "BDS (EUR)": null, "BDS (%)": null, "TAC": null, "PA (EUR)": null, "D (EUR)": null, "TAC  C1": null, "PA C1 (EUR)": null, "D C1 (EUR)": null, "TAC C2": null, "PA C2 (EUR)": null, "D C2 (EUR)": null, "TAC  C3": null, "PA C3 (EUR)": null, "D C3 (EUR)": null, "TAC C4": null, "PA C4 (EUR)": null, "D C4 (EUR)": null, "TAC F": null, "PAF (EUR)": null, "DF (EUR)": null, "TAC A": null, "PAA (EUR)": null, "DA (EUR)": null, "TAC C": null, "PAC (EUR)": null, "DC (EUR)": null, "TAC MI": null, "PAMI (EUR)": null, "DMI (EUR)": null, " TAC MP": null, "PAMP (EUR)": null, "DMP (EUR)": null }, "geometry": null },
{ "type": "Feature", "properties": { "Année": 2030, "Mois": "Juillet", "UC": "UCR-D", "TAG": null, "NAP": null, "NAA": null, "NAC": null, "NAD": null, "TAR 1": null, "TAR 2": null, "TAR 1.1": null, "TAR 1.2": null, "TAR 2.1": null, "TAR 2.2": null, "TAA 1.1.1": null, "TAA 1.1.2": null, "TAA 1.1.3": null, "TAA 1.1.4": null, "TAA 1.2.1": null, "TAA 1.2.2": null, "TAA 1.2.3": null, "TAA 1.2.4": null, "TAA 2.1.1": null, "TAA 2.1.2": null, "TAA 2.1.3": null, "TAA 2.1.4": null, "TAA 2.2.1": null, "TAA 2.2.2": null, "TAA 2.2.3": null, "TAA 2.2.4": null, "DC": 3570353.05, "BT": 34500000, "TD": 0.10348849420289855, "BD 2024 (EUR)": 715524.94, "BD 2024 (%)": 0.020739853333333332, "BD 2025 (EUR)": 2758290.3, "BD 2025 (%)": 0.079950443478260858, "BD 2026 (EUR)": 96537.81, "BD 2026 (%)": 0.002798197391304348, "BD 2027 (EUR)": null, "BD 2027 (%)": null, "BD 2028 (EUR)": null, "BD 2028 (%)": null, "BD 2029 (EUR)": null, "BD 2029 (%)": null, "BD 2030 (EUR)": null, "BD 2030 (%)": null, "BD C1 (EUR)": null, "BD C1 (%)": null, "BD C2 (EUR)": null, "BD C2 (%)": null, "BD C3 (EUR)": null, "BD C3 (%)": null, "BD C4 (EUR)": null, "BD C4 (%)": null, "BDF (EUR)": null, "BDF (%)": null, "BDA (EUR)": null, "BDA (%)": null, "BDC (EUR)": null, "BDC (%)": null, "BDMI (EUR)": null, "BDMI (%)": null, "BDMP (EUR)": null, "BDMP (%)": null, "BDS (EUR)": null, "BDS (%)": null, "TAC": null, "PA (EUR)": null, "D (EUR)": null, "TAC  C1": null, "PA C1 (EUR)": null, "D C1 (EUR)": null, "TAC C2": null, "PA C2 (EUR)": null, "D C2 (EUR)": null, "TAC  C3": null, "PA C3 (EUR)": null, "D C3 (EUR)": null, "TAC C4": null, "PA C4 (EUR)": null, "D C4 (EUR)": null, "TAC F": null, "PAF (EUR)": null, "DF (EUR)": null, "TAC A": null, "PAA (EUR)": null, "DA (EUR)": null, "TAC C": null, "PAC (EUR)": null, "DC (EUR)": null, "TAC MI": null, "PAMI (EUR)": null, "DMI (EUR)": null, " TAC MP": null, "PAMP (EUR)": null, "DMP (EUR)": null }, "geometry": null },
{ "type": "Feature", "properties": { "Année": 2030, "Mois": "Août", "UC": "UCR-D", "TAG": null, "NAP": null, "NAA": null, "NAC": null, "NAD": null, "TAR 1": null, "TAR 2": null, "TAR 1.1": null, "TAR 1.2": null, "TAR 2.1": null, "TAR 2.2": null, "TAA 1.1.1": null, "TAA 1.1.2": null, "TAA 1.1.3": null, "TAA 1.1.4": null, "TAA 1.2.1": null, "TAA 1.2.2": null, "TAA 1.2.3": null, "TAA 1.2.4": null, "TAA 2.1.1": null, "TAA 2.1.2": null, "TAA 2.1.3": null, "TAA 2.1.4": null, "TAA 2.2.1": null, "TAA 2.2.2": null, "TAA 2.2.3": null, "TAA 2.2.4": null, "DC": 3570353.05, "BT": 34500000, "TD": 0.10348849420289855, "BD 2024 (EUR)": 715524.94, "BD 2024 (%)": 0.020739853333333332, "BD 2025 (EUR)": 2758290.3, "BD 2025 (%)": 0.079950443478260858, "BD 2026 (EUR)": 96537.81, "BD 2026 (%)": 0.002798197391304348, "BD 2027 (EUR)": null, "BD 2027 (%)": null, "BD 2028 (EUR)": null, "BD 2028 (%)": null, "BD 2029 (EUR)": null, "BD 2029 (%)": null, "BD 2030 (EUR)": null, "BD 2030 (%)": null, "BD C1 (EUR)": null, "BD C1 (%)": null, "BD C2 (EUR)": null, "BD C2 (%)": null, "BD C3 (EUR)": null, "BD C3 (%)": null, "BD C4 (EUR)": null, "BD C4 (%)": null, "BDF (EUR)": null, "BDF (%)": null, "BDA (EUR)": null, "BDA (%)": null, "BDC (EUR)": null, "BDC (%)": null, "BDMI (EUR)": null, "BDMI (%)": null, "BDMP (EUR)": null, "BDMP (%)": null, "BDS (EUR)": null, "BDS (%)": null, "TAC": null, "PA (EUR)": null, "D (EUR)": null, "TAC  C1": null, "PA C1 (EUR)": null, "D C1 (EUR)": null, "TAC C2": null, "PA C2 (EUR)": null, "D C2 (EUR)": null, "TAC  C3": null, "PA C3 (EUR)": null, "D C3 (EUR)": null, "TAC C4": null, "PA C4 (EUR)": null, "D C4 (EUR)": null, "TAC F": null, "PAF (EUR)": null, "DF (EUR)": null, "TAC A": null, "PAA (EUR)": null, "DA (EUR)": null, "TAC C": null, "PAC (EUR)": null, "DC (EUR)": null, "TAC MI": null, "PAMI (EUR)": null, "DMI (EUR)": null, " TAC MP": null, "PAMP (EUR)": null, "DMP (EUR)": null }, "geometry": null },
{ "type": "Feature", "properties": { "Année": 2030, "Mois": "Septembre", "UC": "UCR-D", "TAG": null, "NAP": null, "NAA": null, "NAC": null, "NAD": null, "TAR 1": null, "TAR 2": null, "TAR 1.1": null, "TAR 1.2": null, "TAR 2.1": null, "TAR 2.2": null, "TAA 1.1.1": null, "TAA 1.1.2": null, "TAA 1.1.3": null, "TAA 1.1.4": null, "TAA 1.2.1": null, "TAA 1.2.2": null, "TAA 1.2.3": null, "TAA 1.2.4": null, "TAA 2.1.1": null, "TAA 2.1.2": null, "TAA 2.1.3": null, "TAA 2.1.4": null, "TAA 2.2.1": null, "TAA 2.2.2": null, "TAA 2.2.3": null, "TAA 2.2.4": null, "DC": 3570353.05, "BT": 34500000, "TD": 0.10348849420289855, "BD 2024 (EUR)": 715524.94, "BD 2024 (%)": 0.020739853333333332, "BD 2025 (EUR)": 2758290.3, "BD 2025 (%)": 0.079950443478260858, "BD 2026 (EUR)": 96537.81, "BD 2026 (%)": 0.002798197391304348, "BD 2027 (EUR)": null, "BD 2027 (%)": null, "BD 2028 (EUR)": null, "BD 2028 (%)": null, "BD 2029 (EUR)": null, "BD 2029 (%)": null, "BD 2030 (EUR)": null, "BD 2030 (%)": null, "BD C1 (EUR)": null, "BD C1 (%)": null, "BD C2 (EUR)": null, "BD C2 (%)": null, "BD C3 (EUR)": null, "BD C3 (%)": null, "BD C4 (EUR)": null, "BD C4 (%)": null, "BDF (EUR)": null, "BDF (%)": null, "BDA (EUR)": null, "BDA (%)": null, "BDC (EUR)": null, "BDC (%)": null, "BDMI (EUR)": null, "BDMI (%)": null, "BDMP (EUR)": null, "BDMP (%)": null, "BDS (EUR)": null, "BDS (%)": null, "TAC": null, "PA (EUR)": null, "D (EUR)": null, "TAC  C1": null, "PA C1 (EUR)": null, "D C1 (EUR)": null, "TAC C2": null, "PA C2 (EUR)": null, "D C2 (EUR)": null, "TAC  C3": null, "PA C3 (EUR)": null, "D C3 (EUR)": null, "TAC C4": null, "PA C4 (EUR)": null, "D C4 (EUR)": null, "TAC F": null, "PAF (EUR)": null, "DF (EUR)": null, "TAC A": null, "PAA (EUR)": null, "DA (EUR)": null, "TAC C": null, "PAC (EUR)": null, "DC (EUR)": null, "TAC MI": null, "PAMI (EUR)": null, "DMI (EUR)": null, " TAC MP": null, "PAMP (EUR)": null, "DMP (EUR)": null }, "geometry": null },
{ "type": "Feature", "properties": { "Année": 2030, "Mois": "Octobre", "UC": "UCR-D", "TAG": null, "NAP": null, "NAA": null, "NAC": null, "NAD": null, "TAR 1": null, "TAR 2": null, "TAR 1.1": null, "TAR 1.2": null, "TAR 2.1": null, "TAR 2.2": null, "TAA 1.1.1": null, "TAA 1.1.2": null, "TAA 1.1.3": null, "TAA 1.1.4": null, "TAA 1.2.1": null, "TAA 1.2.2": null, "TAA 1.2.3": null, "TAA 1.2.4": null, "TAA 2.1.1": null, "TAA 2.1.2": null, "TAA 2.1.3": null, "TAA 2.1.4": null, "TAA 2.2.1": null, "TAA 2.2.2": null, "TAA 2.2.3": null, "TAA 2.2.4": null, "DC": 3570353.05, "BT": 34500000, "TD": 0.10348849420289855, "BD 2024 (EUR)": 715524.94, "BD 2024 (%)": 0.020739853333333332, "BD 2025 (EUR)": 2758290.3, "BD 2025 (%)": 0.079950443478260858, "BD 2026 (EUR)": 96537.81, "BD 2026 (%)": 0.002798197391304348, "BD 2027 (EUR)": null, "BD 2027 (%)": null, "BD 2028 (EUR)": null, "BD 2028 (%)": null, "BD 2029 (EUR)": null, "BD 2029 (%)": null, "BD 2030 (EUR)": null, "BD 2030 (%)": null, "BD C1 (EUR)": null, "BD C1 (%)": null, "BD C2 (EUR)": null, "BD C2 (%)": null, "BD C3 (EUR)": null, "BD C3 (%)": null, "BD C4 (EUR)": null, "BD C4 (%)": null, "BDF (EUR)": null, "BDF (%)": null, "BDA (EUR)": null, "BDA (%)": null, "BDC (EUR)": null, "BDC (%)": null, "BDMI (EUR)": null, "BDMI (%)": null, "BDMP (EUR)": null, "BDMP (%)": null, "BDS (EUR)": null, "BDS (%)": null, "TAC": null, "PA (EUR)": null, "D (EUR)": null, "TAC  C1": null, "PA C1 (EUR)": null, "D C1 (EUR)": null, "TAC C2": null, "PA C2 (EUR)": null, "D C2 (EUR)": null, "TAC  C3": null, "PA C3 (EUR)": null, "D C3 (EUR)": null, "TAC C4": null, "PA C4 (EUR)": null, "D C4 (EUR)": null, "TAC F": null, "PAF (EUR)": null, "DF (EUR)": null, "TAC A": null, "PAA (EUR)": null, "DA (EUR)": null, "TAC C": null, "PAC (EUR)": null, "DC (EUR)": null, "TAC MI": null, "PAMI (EUR)": null, "DMI (EUR)": null, " TAC MP": null, "PAMP (EUR)": null, "DMP (EUR)": null }, "geometry": null },
{ "type": "Feature", "properties": { "Année": 2030, "Mois": "Novembre", "UC": "UCR-D", "TAG": null, "NAP": null, "NAA": null, "NAC": null, "NAD": null, "TAR 1": null, "TAR 2": null, "TAR 1.1": null, "TAR 1.2": null, "TAR 2.1": null, "TAR 2.2": null, "TAA 1.1.1": null, "TAA 1.1.2": null, "TAA 1.1.3": null, "TAA 1.1.4": null, "TAA 1.2.1": null, "TAA 1.2.2": null, "TAA 1.2.3": null, "TAA 1.2.4": null, "TAA 2.1.1": null, "TAA 2.1.2": null, "TAA 2.1.3": null, "TAA 2.1.4": null, "TAA 2.2.1": null, "TAA 2.2.2": null, "TAA 2.2.3": null, "TAA 2.2.4": null, "DC": 3570353.05, "BT": 34500000, "TD": 0.10348849420289855, "BD 2024 (EUR)": 715524.94, "BD 2024 (%)": 0.020739853333333332, "BD 2025 (EUR)": 2758290.3, "BD 2025 (%)": 0.079950443478260858, "BD 2026 (EUR)": 96537.81, "BD 2026 (%)": 0.002798197391304348, "BD 2027 (EUR)": null, "BD 2027 (%)": null, "BD 2028 (EUR)": null, "BD 2028 (%)": null, "BD 2029 (EUR)": null, "BD 2029 (%)": null, "BD 2030 (EUR)": null, "BD 2030 (%)": null, "BD C1 (EUR)": null, "BD C1 (%)": null, "BD C2 (EUR)": null, "BD C2 (%)": null, "BD C3 (EUR)": null, "BD C3 (%)": null, "BD C4 (EUR)": null, "BD C4 (%)": null, "BDF (EUR)": null, "BDF (%)": null, "BDA (EUR)": null, "BDA (%)": null, "BDC (EUR)": null, "BDC (%)": null, "BDMI (EUR)": null, "BDMI (%)": null, "BDMP (EUR)": null, "BDMP (%)": null, "BDS (EUR)": null, "BDS (%)": null, "TAC": null, "PA (EUR)": null, "D (EUR)": null, "TAC  C1": null, "PA C1 (EUR)": null, "D C1 (EUR)": null, "TAC C2": null, "PA C2 (EUR)": null, "D C2 (EUR)": null, "TAC  C3": null, "PA C3 (EUR)": null, "D C3 (EUR)": null, "TAC C4": null, "PA C4 (EUR)": null, "D C4 (EUR)": null, "TAC F": null, "PAF (EUR)": null, "DF (EUR)": null, "TAC A": null, "PAA (EUR)": null, "DA (EUR)": null, "TAC C": null, "PAC (EUR)": null, "DC (EUR)": null, "TAC MI": null, "PAMI (EUR)": null, "DMI (EUR)": null, " TAC MP": null, "PAMP (EUR)": null, "DMP (EUR)": null }, "geometry": null },
{ "type": "Feature", "properties": { "Année": 2030, "Mois": "Décembre", "UC": "UCR-D", "TAG": null, "NAP": null, "NAA": null, "NAC": null, "NAD": null, "TAR 1": null, "TAR 2": null, "TAR 1.1": null, "TAR 1.2": null, "TAR 2.1": null, "TAR 2.2": null, "TAA 1.1.1": null, "TAA 1.1.2": null, "TAA 1.1.3": null, "TAA 1.1.4": null, "TAA 1.2.1": null, "TAA 1.2.2": null, "TAA 1.2.3": null, "TAA 1.2.4": null, "TAA 2.1.1": null, "TAA 2.1.2": null, "TAA 2.1.3": null, "TAA 2.1.4": null, "TAA 2.2.1": null, "TAA 2.2.2": null, "TAA 2.2.3": null, "TAA 2.2.4": null, "DC": 3570353.05, "BT": 34500000, "TD": 0.10348849420289855, "BD 2024 (EUR)": 715524.94, "BD 2024 (%)": 0.020739853333333332, "BD 2025 (EUR)": 2758290.3, "BD 2025 (%)": 0.079950443478260858, "BD 2026 (EUR)": 96537.81, "BD 2026 (%)": 0.002798197391304348, "BD 2027 (EUR)": null, "BD 2027 (%)": null, "BD 2028 (EUR)": null, "BD 2028 (%)": null, "BD 2029 (EUR)": null, "BD 2029 (%)": null, "BD 2030 (EUR)": null, "BD 2030 (%)": null, "BD C1 (EUR)": null, "BD C1 (%)": null, "BD C2 (EUR)": null, "BD C2 (%)": null, "BD C3 (EUR)": null, "BD C3 (%)": null, "BD C4 (EUR)": null, "BD C4 (%)": null, "BDF (EUR)": null, "BDF (%)": null, "BDA (EUR)": null, "BDA (%)": null, "BDC (EUR)": null, "BDC (%)": null, "BDMI (EUR)": null, "BDMI (%)": null, "BDMP (EUR)": null, "BDMP (%)": null, "BDS (EUR)": null, "BDS (%)": null, "TAC": null, "PA (EUR)": null, "D (EUR)": null, "TAC  C1": null, "PA C1 (EUR)": null, "D C1 (EUR)": null, "TAC C2": null, "PA C2 (EUR)": null, "D C2 (EUR)": null, "TAC  C3": null, "PA C3 (EUR)": null, "D C3 (EUR)": null, "TAC C4": null, "PA C4 (EUR)": null, "D C4 (EUR)": null, "TAC F": null, "PAF (EUR)": null, "DF (EUR)": null, "TAC A": null, "PAA (EUR)": null, "DA (EUR)": null, "TAC C": null, "PAC (EUR)": null, "DC (EUR)": null, "TAC MI": null, "PAMI (EUR)": null, "DMI (EUR)": null, " TAC MP": null, "PAMP (EUR)": null, "DMP (EUR)": null }, "geometry": null },
{ "type": "Feature", "properties": { "Année": 2030, "Mois": "Janvier", "UC": "UCR-A", "TAG": null, "NAP": null, "NAA": null, "NAC": null, "NAD": null, "TAR 1": null, "TAR 2": null, "TAR 1.1": null, "TAR 1.2": null, "TAR 2.1": null, "TAR 2.2": null, "TAA 1.1.1": null, "TAA 1.1.2": null, "TAA 1.1.3": null, "TAA 1.1.4": null, "TAA 1.2.1": null, "TAA 1.2.2": null, "TAA 1.2.3": null, "TAA 1.2.4": null, "TAA 2.1.1": null, "TAA 2.1.2": null, "TAA 2.1.3": null, "TAA 2.1.4": null, "TAA 2.2.1": null, "TAA 2.2.2": null, "TAA 2.2.3": null, "TAA 2.2.4": null, "DC": 3570353.05, "BT": 34500000, "TD": 0.10348849420289855, "BD 2024 (EUR)": 715524.94, "BD 2024 (%)": 0.020739853333333332, "BD 2025 (EUR)": 2758290.3, "BD 2025 (%)": 0.079950443478260858, "BD 2026 (EUR)": 96537.81, "BD 2026 (%)": 0.002798197391304348, "BD 2027 (EUR)": null, "BD 2027 (%)": null, "BD 2028 (EUR)": null, "BD 2028 (%)": null, "BD 2029 (EUR)": null, "BD 2029 (%)": null, "BD 2030 (EUR)": null, "BD 2030 (%)": null, "BD C1 (EUR)": null, "BD C1 (%)": null, "BD C2 (EUR)": null, "BD C2 (%)": null, "BD C3 (EUR)": null, "BD C3 (%)": null, "BD C4 (EUR)": null, "BD C4 (%)": null, "BDF (EUR)": null, "BDF (%)": null, "BDA (EUR)": null, "BDA (%)": null, "BDC (EUR)": null, "BDC (%)": null, "BDMI (EUR)": null, "BDMI (%)": null, "BDMP (EUR)": null, "BDMP (%)": null, "BDS (EUR)": null, "BDS (%)": null, "TAC": null, "PA (EUR)": null, "D (EUR)": null, "TAC  C1": null, "PA C1 (EUR)": null, "D C1 (EUR)": null, "TAC C2": null, "PA C2 (EUR)": null, "D C2 (EUR)": null, "TAC  C3": null, "PA C3 (EUR)": null, "D C3 (EUR)": null, "TAC C4": null, "PA C4 (EUR)": null, "D C4 (EUR)": null, "TAC F": null, "PAF (EUR)": null, "DF (EUR)": null, "TAC A": null, "PAA (EUR)": null, "DA (EUR)": null, "TAC C": null, "PAC (EUR)": null, "DC (EUR)": null, "TAC MI": null, "PAMI (EUR)": null, "DMI (EUR)": null, " TAC MP": null, "PAMP (EUR)": null, "DMP (EUR)": null }, "geometry": null },
{ "type": "Feature", "properties": { "Année": 2030, "Mois": "Février", "UC": "UCR-A", "TAG": null, "NAP": null, "NAA": null, "NAC": null, "NAD": null, "TAR 1": null, "TAR 2": null, "TAR 1.1": null, "TAR 1.2": null, "TAR 2.1": null, "TAR 2.2": null, "TAA 1.1.1": null, "TAA 1.1.2": null, "TAA 1.1.3": null, "TAA 1.1.4": null, "TAA 1.2.1": null, "TAA 1.2.2": null, "TAA 1.2.3": null, "TAA 1.2.4": null, "TAA 2.1.1": null, "TAA 2.1.2": null, "TAA 2.1.3": null, "TAA 2.1.4": null, "TAA 2.2.1": null, "TAA 2.2.2": null, "TAA 2.2.3": null, "TAA 2.2.4": null, "DC": 3570353.05, "BT": 34500000, "TD": 0.10348849420289855, "BD 2024 (EUR)": 715524.94, "BD 2024 (%)": 0.020739853333333332, "BD 2025 (EUR)": 2758290.3, "BD 2025 (%)": 0.079950443478260858, "BD 2026 (EUR)": 96537.81, "BD 2026 (%)": 0.002798197391304348, "BD 2027 (EUR)": null, "BD 2027 (%)": null, "BD 2028 (EUR)": null, "BD 2028 (%)": null, "BD 2029 (EUR)": null, "BD 2029 (%)": null, "BD 2030 (EUR)": null, "BD 2030 (%)": null, "BD C1 (EUR)": null, "BD C1 (%)": null, "BD C2 (EUR)": null, "BD C2 (%)": null, "BD C3 (EUR)": null, "BD C3 (%)": null, "BD C4 (EUR)": null, "BD C4 (%)": null, "BDF (EUR)": null, "BDF (%)": null, "BDA (EUR)": null, "BDA (%)": null, "BDC (EUR)": null, "BDC (%)": null, "BDMI (EUR)": null, "BDMI (%)": null, "BDMP (EUR)": null, "BDMP (%)": null, "BDS (EUR)": null, "BDS (%)": null, "TAC": null, "PA (EUR)": null, "D (EUR)": null, "TAC  C1": null, "PA C1 (EUR)": null, "D C1 (EUR)": null, "TAC C2": null, "PA C2 (EUR)": null, "D C2 (EUR)": null, "TAC  C3": null, "PA C3 (EUR)": null, "D C3 (EUR)": null, "TAC C4": null, "PA C4 (EUR)": null, "D C4 (EUR)": null, "TAC F": null, "PAF (EUR)": null, "DF (EUR)": null, "TAC A": null, "PAA (EUR)": null, "DA (EUR)": null, "TAC C": null, "PAC (EUR)": null, "DC (EUR)": null, "TAC MI": null, "PAMI (EUR)": null, "DMI (EUR)": null, " TAC MP": null, "PAMP (EUR)": null, "DMP (EUR)": null }, "geometry": null },
{ "type": "Feature", "properties": { "Année": 2030, "Mois": "Mars", "UC": "UCR-A", "TAG": null, "NAP": null, "NAA": null, "NAC": null, "NAD": null, "TAR 1": null, "TAR 2": null, "TAR 1.1": null, "TAR 1.2": null, "TAR 2.1": null, "TAR 2.2": null, "TAA 1.1.1": null, "TAA 1.1.2": null, "TAA 1.1.3": null, "TAA 1.1.4": null, "TAA 1.2.1": null, "TAA 1.2.2": null, "TAA 1.2.3": null, "TAA 1.2.4": null, "TAA 2.1.1": null, "TAA 2.1.2": null, "TAA 2.1.3": null, "TAA 2.1.4": null, "TAA 2.2.1": null, "TAA 2.2.2": null, "TAA 2.2.3": null, "TAA 2.2.4": null, "DC": 3570353.05, "BT": 34500000, "TD": 0.10348849420289855, "BD 2024 (EUR)": 715524.94, "BD 2024 (%)": 0.020739853333333332, "BD 2025 (EUR)": 2758290.3, "BD 2025 (%)": 0.079950443478260858, "BD 2026 (EUR)": 96537.81, "BD 2026 (%)": 0.002798197391304348, "BD 2027 (EUR)": null, "BD 2027 (%)": null, "BD 2028 (EUR)": null, "BD 2028 (%)": null, "BD 2029 (EUR)": null, "BD 2029 (%)": null, "BD 2030 (EUR)": null, "BD 2030 (%)": null, "BD C1 (EUR)": null, "BD C1 (%)": null, "BD C2 (EUR)": null, "BD C2 (%)": null, "BD C3 (EUR)": null, "BD C3 (%)": null, "BD C4 (EUR)": null, "BD C4 (%)": null, "BDF (EUR)": null, "BDF (%)": null, "BDA (EUR)": null, "BDA (%)": null, "BDC (EUR)": null, "BDC (%)": null, "BDMI (EUR)": null, "BDMI (%)": null, "BDMP (EUR)": null, "BDMP (%)": null, "BDS (EUR)": null, "BDS (%)": null, "TAC": null, "PA (EUR)": null, "D (EUR)": null, "TAC  C1": null, "PA C1 (EUR)": null, "D C1 (EUR)": null, "TAC C2": null, "PA C2 (EUR)": null, "D C2 (EUR)": null, "TAC  C3": null, "PA C3 (EUR)": null, "D C3 (EUR)": null, "TAC C4": null, "PA C4 (EUR)": null, "D C4 (EUR)": null, "TAC F": null, "PAF (EUR)": null, "DF (EUR)": null, "TAC A": null, "PAA (EUR)": null, "DA (EUR)": null, "TAC C": null, "PAC (EUR)": null, "DC (EUR)": null, "TAC MI": null, "PAMI (EUR)": null, "DMI (EUR)": null, " TAC MP": null, "PAMP (EUR)": null, "DMP (EUR)": null }, "geometry": null },
{ "type": "Feature", "properties": { "Année": 2030, "Mois": "Avril", "UC": "UCR-A", "TAG": null, "NAP": null, "NAA": null, "NAC": null, "NAD": null, "TAR 1": null, "TAR 2": null, "TAR 1.1": null, "TAR 1.2": null, "TAR 2.1": null, "TAR 2.2": null, "TAA 1.1.1": null, "TAA 1.1.2": null, "TAA 1.1.3": null, "TAA 1.1.4": null, "TAA 1.2.1": null, "TAA 1.2.2": null, "TAA 1.2.3": null, "TAA 1.2.4": null, "TAA 2.1.1": null, "TAA 2.1.2": null, "TAA 2.1.3": null, "TAA 2.1.4": null, "TAA 2.2.1": null, "TAA 2.2.2": null, "TAA 2.2.3": null, "TAA 2.2.4": null, "DC": 3570353.05, "BT": 34500000, "TD": 0.10348849420289855, "BD 2024 (EUR)": 715524.94, "BD 2024 (%)": 0.020739853333333332, "BD 2025 (EUR)": 2758290.3, "BD 2025 (%)": 0.079950443478260858, "BD 2026 (EUR)": 96537.81, "BD 2026 (%)": 0.002798197391304348, "BD 2027 (EUR)": null, "BD 2027 (%)": null, "BD 2028 (EUR)": null, "BD 2028 (%)": null, "BD 2029 (EUR)": null, "BD 2029 (%)": null, "BD 2030 (EUR)": null, "BD 2030 (%)": null, "BD C1 (EUR)": null, "BD C1 (%)": null, "BD C2 (EUR)": null, "BD C2 (%)": null, "BD C3 (EUR)": null, "BD C3 (%)": null, "BD C4 (EUR)": null, "BD C4 (%)": null, "BDF (EUR)": null, "BDF (%)": null, "BDA (EUR)": null, "BDA (%)": null, "BDC (EUR)": null, "BDC (%)": null, "BDMI (EUR)": null, "BDMI (%)": null, "BDMP (EUR)": null, "BDMP (%)": null, "BDS (EUR)": null, "BDS (%)": null, "TAC": null, "PA (EUR)": null, "D (EUR)": null, "TAC  C1": null, "PA C1 (EUR)": null, "D C1 (EUR)": null, "TAC C2": null, "PA C2 (EUR)": null, "D C2 (EUR)": null, "TAC  C3": null, "PA C3 (EUR)": null, "D C3 (EUR)": null, "TAC C4": null, "PA C4 (EUR)": null, "D C4 (EUR)": null, "TAC F": null, "PAF (EUR)": null, "DF (EUR)": null, "TAC A": null, "PAA (EUR)": null, "DA (EUR)": null, "TAC C": null, "PAC (EUR)": null, "DC (EUR)": null, "TAC MI": null, "PAMI (EUR)": null, "DMI (EUR)": null, " TAC MP": null, "PAMP (EUR)": null, "DMP (EUR)": null }, "geometry": null },
{ "type": "Feature", "properties": { "Année": 2030, "Mois": "Mai", "UC": "UCR-A", "TAG": null, "NAP": null, "NAA": null, "NAC": null, "NAD": null, "TAR 1": null, "TAR 2": null, "TAR 1.1": null, "TAR 1.2": null, "TAR 2.1": null, "TAR 2.2": null, "TAA 1.1.1": null, "TAA 1.1.2": null, "TAA 1.1.3": null, "TAA 1.1.4": null, "TAA 1.2.1": null, "TAA 1.2.2": null, "TAA 1.2.3": null, "TAA 1.2.4": null, "TAA 2.1.1": null, "TAA 2.1.2": null, "TAA 2.1.3": null, "TAA 2.1.4": null, "TAA 2.2.1": null, "TAA 2.2.2": null, "TAA 2.2.3": null, "TAA 2.2.4": null, "DC": 3570353.05, "BT": 34500000, "TD": 0.10348849420289855, "BD 2024 (EUR)": 715524.94, "BD 2024 (%)": 0.020739853333333332, "BD 2025 (EUR)": 2758290.3, "BD 2025 (%)": 0.079950443478260858, "BD 2026 (EUR)": 96537.81, "BD 2026 (%)": 0.002798197391304348, "BD 2027 (EUR)": null, "BD 2027 (%)": null, "BD 2028 (EUR)": null, "BD 2028 (%)": null, "BD 2029 (EUR)": null, "BD 2029 (%)": null, "BD 2030 (EUR)": null, "BD 2030 (%)": null, "BD C1 (EUR)": null, "BD C1 (%)": null, "BD C2 (EUR)": null, "BD C2 (%)": null, "BD C3 (EUR)": null, "BD C3 (%)": null, "BD C4 (EUR)": null, "BD C4 (%)": null, "BDF (EUR)": null, "BDF (%)": null, "BDA (EUR)": null, "BDA (%)": null, "BDC (EUR)": null, "BDC (%)": null, "BDMI (EUR)": null, "BDMI (%)": null, "BDMP (EUR)": null, "BDMP (%)": null, "BDS (EUR)": null, "BDS (%)": null, "TAC": null, "PA (EUR)": null, "D (EUR)": null, "TAC  C1": null, "PA C1 (EUR)": null, "D C1 (EUR)": null, "TAC C2": null, "PA C2 (EUR)": null, "D C2 (EUR)": null, "TAC  C3": null, "PA C3 (EUR)": null, "D C3 (EUR)": null, "TAC C4": null, "PA C4 (EUR)": null, "D C4 (EUR)": null, "TAC F": null, "PAF (EUR)": null, "DF (EUR)": null, "TAC A": null, "PAA (EUR)": null, "DA (EUR)": null, "TAC C": null, "PAC (EUR)": null, "DC (EUR)": null, "TAC MI": null, "PAMI (EUR)": null, "DMI (EUR)": null, " TAC MP": null, "PAMP (EUR)": null, "DMP (EUR)": null }, "geometry": null },
{ "type": "Feature", "properties": { "Année": 2030, "Mois": "Juin", "UC": "UCR-A", "TAG": null, "NAP": null, "NAA": null, "NAC": null, "NAD": null, "TAR 1": null, "TAR 2": null, "TAR 1.1": null, "TAR 1.2": null, "TAR 2.1": null, "TAR 2.2": null, "TAA 1.1.1": null, "TAA 1.1.2": null, "TAA 1.1.3": null, "TAA 1.1.4": null, "TAA 1.2.1": null, "TAA 1.2.2": null, "TAA 1.2.3": null, "TAA 1.2.4": null, "TAA 2.1.1": null, "TAA 2.1.2": null, "TAA 2.1.3": null, "TAA 2.1.4": null, "TAA 2.2.1": null, "TAA 2.2.2": null, "TAA 2.2.3": null, "TAA 2.2.4": null, "DC": 3570353.05, "BT": 34500000, "TD": 0.10348849420289855, "BD 2024 (EUR)": 715524.94, "BD 2024 (%)": 0.020739853333333332, "BD 2025 (EUR)": 2758290.3, "BD 2025 (%)": 0.079950443478260858, "BD 2026 (EUR)": 96537.81, "BD 2026 (%)": 0.002798197391304348, "BD 2027 (EUR)": null, "BD 2027 (%)": null, "BD 2028 (EUR)": null, "BD 2028 (%)": null, "BD 2029 (EUR)": null, "BD 2029 (%)": null, "BD 2030 (EUR)": null, "BD 2030 (%)": null, "BD C1 (EUR)": null, "BD C1 (%)": null, "BD C2 (EUR)": null, "BD C2 (%)": null, "BD C3 (EUR)": null, "BD C3 (%)": null, "BD C4 (EUR)": null, "BD C4 (%)": null, "BDF (EUR)": null, "BDF (%)": null, "BDA (EUR)": null, "BDA (%)": null, "BDC (EUR)": null, "BDC (%)": null, "BDMI (EUR)": null, "BDMI (%)": null, "BDMP (EUR)": null, "BDMP (%)": null, "BDS (EUR)": null, "BDS (%)": null, "TAC": null, "PA (EUR)": null, "D (EUR)": null, "TAC  C1": null, "PA C1 (EUR)": null, "D C1 (EUR)": null, "TAC C2": null, "PA C2 (EUR)": null, "D C2 (EUR)": null, "TAC  C3": null, "PA C3 (EUR)": null, "D C3 (EUR)": null, "TAC C4": null, "PA C4 (EUR)": null, "D C4 (EUR)": null, "TAC F": null, "PAF (EUR)": null, "DF (EUR)": null, "TAC A": null, "PAA (EUR)": null, "DA (EUR)": null, "TAC C": null, "PAC (EUR)": null, "DC (EUR)": null, "TAC MI": null, "PAMI (EUR)": null, "DMI (EUR)": null, " TAC MP": null, "PAMP (EUR)": null, "DMP (EUR)": null }, "geometry": null },
{ "type": "Feature", "properties": { "Année": 2030, "Mois": "Juillet", "UC": "UCR-A", "TAG": null, "NAP": null, "NAA": null, "NAC": null, "NAD": null, "TAR 1": null, "TAR 2": null, "TAR 1.1": null, "TAR 1.2": null, "TAR 2.1": null, "TAR 2.2": null, "TAA 1.1.1": null, "TAA 1.1.2": null, "TAA 1.1.3": null, "TAA 1.1.4": null, "TAA 1.2.1": null, "TAA 1.2.2": null, "TAA 1.2.3": null, "TAA 1.2.4": null, "TAA 2.1.1": null, "TAA 2.1.2": null, "TAA 2.1.3": null, "TAA 2.1.4": null, "TAA 2.2.1": null, "TAA 2.2.2": null, "TAA 2.2.3": null, "TAA 2.2.4": null, "DC": 3570353.05, "BT": 34500000, "TD": 0.10348849420289855, "BD 2024 (EUR)": 715524.94, "BD 2024 (%)": 0.020739853333333332, "BD 2025 (EUR)": 2758290.3, "BD 2025 (%)": 0.079950443478260858, "BD 2026 (EUR)": 96537.81, "BD 2026 (%)": 0.002798197391304348, "BD 2027 (EUR)": null, "BD 2027 (%)": null, "BD 2028 (EUR)": null, "BD 2028 (%)": null, "BD 2029 (EUR)": null, "BD 2029 (%)": null, "BD 2030 (EUR)": null, "BD 2030 (%)": null, "BD C1 (EUR)": null, "BD C1 (%)": null, "BD C2 (EUR)": null, "BD C2 (%)": null, "BD C3 (EUR)": null, "BD C3 (%)": null, "BD C4 (EUR)": null, "BD C4 (%)": null, "BDF (EUR)": null, "BDF (%)": null, "BDA (EUR)": null, "BDA (%)": null, "BDC (EUR)": null, "BDC (%)": null, "BDMI (EUR)": null, "BDMI (%)": null, "BDMP (EUR)": null, "BDMP (%)": null, "BDS (EUR)": null, "BDS (%)": null, "TAC": null, "PA (EUR)": null, "D (EUR)": null, "TAC  C1": null, "PA C1 (EUR)": null, "D C1 (EUR)": null, "TAC C2": null, "PA C2 (EUR)": null, "D C2 (EUR)": null, "TAC  C3": null, "PA C3 (EUR)": null, "D C3 (EUR)": null, "TAC C4": null, "PA C4 (EUR)": null, "D C4 (EUR)": null, "TAC F": null, "PAF (EUR)": null, "DF (EUR)": null, "TAC A": null, "PAA (EUR)": null, "DA (EUR)": null, "TAC C": null, "PAC (EUR)": null, "DC (EUR)": null, "TAC MI": null, "PAMI (EUR)": null, "DMI (EUR)": null, " TAC MP": null, "PAMP (EUR)": null, "DMP (EUR)": null }, "geometry": null },
{ "type": "Feature", "properties": { "Année": 2030, "Mois": "Août", "UC": "UCR-A", "TAG": null, "NAP": null, "NAA": null, "NAC": null, "NAD": null, "TAR 1": null, "TAR 2": null, "TAR 1.1": null, "TAR 1.2": null, "TAR 2.1": null, "TAR 2.2": null, "TAA 1.1.1": null, "TAA 1.1.2": null, "TAA 1.1.3": null, "TAA 1.1.4": null, "TAA 1.2.1": null, "TAA 1.2.2": null, "TAA 1.2.3": null, "TAA 1.2.4": null, "TAA 2.1.1": null, "TAA 2.1.2": null, "TAA 2.1.3": null, "TAA 2.1.4": null, "TAA 2.2.1": null, "TAA 2.2.2": null, "TAA 2.2.3": null, "TAA 2.2.4": null, "DC": 3570353.05, "BT": 34500000, "TD": 0.10348849420289855, "BD 2024 (EUR)": 715524.94, "BD 2024 (%)": 0.020739853333333332, "BD 2025 (EUR)": 2758290.3, "BD 2025 (%)": 0.079950443478260858, "BD 2026 (EUR)": 96537.81, "BD 2026 (%)": 0.002798197391304348, "BD 2027 (EUR)": null, "BD 2027 (%)": null, "BD 2028 (EUR)": null, "BD 2028 (%)": null, "BD 2029 (EUR)": null, "BD 2029 (%)": null, "BD 2030 (EUR)": null, "BD 2030 (%)": null, "BD C1 (EUR)": null, "BD C1 (%)": null, "BD C2 (EUR)": null, "BD C2 (%)": null, "BD C3 (EUR)": null, "BD C3 (%)": null, "BD C4 (EUR)": null, "BD C4 (%)": null, "BDF (EUR)": null, "BDF (%)": null, "BDA (EUR)": null, "BDA (%)": null, "BDC (EUR)": null, "BDC (%)": null, "BDMI (EUR)": null, "BDMI (%)": null, "BDMP (EUR)": null, "BDMP (%)": null, "BDS (EUR)": null, "BDS (%)": null, "TAC": null, "PA (EUR)": null, "D (EUR)": null, "TAC  C1": null, "PA C1 (EUR)": null, "D C1 (EUR)": null, "TAC C2": null, "PA C2 (EUR)": null, "D C2 (EUR)": null, "TAC  C3": null, "PA C3 (EUR)": null, "D C3 (EUR)": null, "TAC C4": null, "PA C4 (EUR)": null, "D C4 (EUR)": null, "TAC F": null, "PAF (EUR)": null, "DF (EUR)": null, "TAC A": null, "PAA (EUR)": null, "DA (EUR)": null, "TAC C": null, "PAC (EUR)": null, "DC (EUR)": null, "TAC MI": null, "PAMI (EUR)": null, "DMI (EUR)": null, " TAC MP": null, "PAMP (EUR)": null, "DMP (EUR)": null }, "geometry": null },
{ "type": "Feature", "properties": { "Année": 2030, "Mois": "Septembre", "UC": "UCR-A", "TAG": null, "NAP": null, "NAA": null, "NAC": null, "NAD": null, "TAR 1": null, "TAR 2": null, "TAR 1.1": null, "TAR 1.2": null, "TAR 2.1": null, "TAR 2.2": null, "TAA 1.1.1": null, "TAA 1.1.2": null, "TAA 1.1.3": null, "TAA 1.1.4": null, "TAA 1.2.1": null, "TAA 1.2.2": null, "TAA 1.2.3": null, "TAA 1.2.4": null, "TAA 2.1.1": null, "TAA 2.1.2": null, "TAA 2.1.3": null, "TAA 2.1.4": null, "TAA 2.2.1": null, "TAA 2.2.2": null, "TAA 2.2.3": null, "TAA 2.2.4": null, "DC": 3570353.05, "BT": 34500000, "TD": 0.10348849420289855, "BD 2024 (EUR)": 715524.94, "BD 2024 (%)": 0.020739853333333332, "BD 2025 (EUR)": 2758290.3, "BD 2025 (%)": 0.079950443478260858, "BD 2026 (EUR)": 96537.81, "BD 2026 (%)": 0.002798197391304348, "BD 2027 (EUR)": null, "BD 2027 (%)": null, "BD 2028 (EUR)": null, "BD 2028 (%)": null, "BD 2029 (EUR)": null, "BD 2029 (%)": null, "BD 2030 (EUR)": null, "BD 2030 (%)": null, "BD C1 (EUR)": null, "BD C1 (%)": null, "BD C2 (EUR)": null, "BD C2 (%)": null, "BD C3 (EUR)": null, "BD C3 (%)": null, "BD C4 (EUR)": null, "BD C4 (%)": null, "BDF (EUR)": null, "BDF (%)": null, "BDA (EUR)": null, "BDA (%)": null, "BDC (EUR)": null, "BDC (%)": null, "BDMI (EUR)": null, "BDMI (%)": null, "BDMP (EUR)": null, "BDMP (%)": null, "BDS (EUR)": null, "BDS (%)": null, "TAC": null, "PA (EUR)": null, "D (EUR)": null, "TAC  C1": null, "PA C1 (EUR)": null, "D C1 (EUR)": null, "TAC C2": null, "PA C2 (EUR)": null, "D C2 (EUR)": null, "TAC  C3": null, "PA C3 (EUR)": null, "D C3 (EUR)": null, "TAC C4": null, "PA C4 (EUR)": null, "D C4 (EUR)": null, "TAC F": null, "PAF (EUR)": null, "DF (EUR)": null, "TAC A": null, "PAA (EUR)": null, "DA (EUR)": null, "TAC C": null, "PAC (EUR)": null, "DC (EUR)": null, "TAC MI": null, "PAMI (EUR)": null, "DMI (EUR)": null, " TAC MP": null, "PAMP (EUR)": null, "DMP (EUR)": null }, "geometry": null },
{ "type": "Feature", "properties": { "Année": 2030, "Mois": "Octobre", "UC": "UCR-A", "TAG": null, "NAP": null, "NAA": null, "NAC": null, "NAD": null, "TAR 1": null, "TAR 2": null, "TAR 1.1": null, "TAR 1.2": null, "TAR 2.1": null, "TAR 2.2": null, "TAA 1.1.1": null, "TAA 1.1.2": null, "TAA 1.1.3": null, "TAA 1.1.4": null, "TAA 1.2.1": null, "TAA 1.2.2": null, "TAA 1.2.3": null, "TAA 1.2.4": null, "TAA 2.1.1": null, "TAA 2.1.2": null, "TAA 2.1.3": null, "TAA 2.1.4": null, "TAA 2.2.1": null, "TAA 2.2.2": null, "TAA 2.2.3": null, "TAA 2.2.4": null, "DC": 3570353.05, "BT": 34500000, "TD": 0.10348849420289855, "BD 2024 (EUR)": 715524.94, "BD 2024 (%)": 0.020739853333333332, "BD 2025 (EUR)": 2758290.3, "BD 2025 (%)": 0.079950443478260858, "BD 2026 (EUR)": 96537.81, "BD 2026 (%)": 0.002798197391304348, "BD 2027 (EUR)": null, "BD 2027 (%)": null, "BD 2028 (EUR)": null, "BD 2028 (%)": null, "BD 2029 (EUR)": null, "BD 2029 (%)": null, "BD 2030 (EUR)": null, "BD 2030 (%)": null, "BD C1 (EUR)": null, "BD C1 (%)": null, "BD C2 (EUR)": null, "BD C2 (%)": null, "BD C3 (EUR)": null, "BD C3 (%)": null, "BD C4 (EUR)": null, "BD C4 (%)": null, "BDF (EUR)": null, "BDF (%)": null, "BDA (EUR)": null, "BDA (%)": null, "BDC (EUR)": null, "BDC (%)": null, "BDMI (EUR)": null, "BDMI (%)": null, "BDMP (EUR)": null, "BDMP (%)": null, "BDS (EUR)": null, "BDS (%)": null, "TAC": null, "PA (EUR)": null, "D (EUR)": null, "TAC  C1": null, "PA C1 (EUR)": null, "D C1 (EUR)": null, "TAC C2": null, "PA C2 (EUR)": null, "D C2 (EUR)": null, "TAC  C3": null, "PA C3 (EUR)": null, "D C3 (EUR)": null, "TAC C4": null, "PA C4 (EUR)": null, "D C4 (EUR)": null, "TAC F": null, "PAF (EUR)": null, "DF (EUR)": null, "TAC A": null, "PAA (EUR)": null, "DA (EUR)": null, "TAC C": null, "PAC (EUR)": null, "DC (EUR)": null, "TAC MI": null, "PAMI (EUR)": null, "DMI (EUR)": null, " TAC MP": null, "PAMP (EUR)": null, "DMP (EUR)": null }, "geometry": null },
{ "type": "Feature", "properties": { "Année": 2030, "Mois": "Novembre", "UC": "UCR-A", "TAG": null, "NAP": null, "NAA": null, "NAC": null, "NAD": null, "TAR 1": null, "TAR 2": null, "TAR 1.1": null, "TAR 1.2": null, "TAR 2.1": null, "TAR 2.2": null, "TAA 1.1.1": null, "TAA 1.1.2": null, "TAA 1.1.3": null, "TAA 1.1.4": null, "TAA 1.2.1": null, "TAA 1.2.2": null, "TAA 1.2.3": null, "TAA 1.2.4": null, "TAA 2.1.1": null, "TAA 2.1.2": null, "TAA 2.1.3": null, "TAA 2.1.4": null, "TAA 2.2.1": null, "TAA 2.2.2": null, "TAA 2.2.3": null, "TAA 2.2.4": null, "DC": 3570353.05, "BT": 34500000, "TD": 0.10348849420289855, "BD 2024 (EUR)": 715524.94, "BD 2024 (%)": 0.020739853333333332, "BD 2025 (EUR)": 2758290.3, "BD 2025 (%)": 0.079950443478260858, "BD 2026 (EUR)": 96537.81, "BD 2026 (%)": 0.002798197391304348, "BD 2027 (EUR)": null, "BD 2027 (%)": null, "BD 2028 (EUR)": null, "BD 2028 (%)": null, "BD 2029 (EUR)": null, "BD 2029 (%)": null, "BD 2030 (EUR)": null, "BD 2030 (%)": null, "BD C1 (EUR)": null, "BD C1 (%)": null, "BD C2 (EUR)": null, "BD C2 (%)": null, "BD C3 (EUR)": null, "BD C3 (%)": null, "BD C4 (EUR)": null, "BD C4 (%)": null, "BDF (EUR)": null, "BDF (%)": null, "BDA (EUR)": null, "BDA (%)": null, "BDC (EUR)": null, "BDC (%)": null, "BDMI (EUR)": null, "BDMI (%)": null, "BDMP (EUR)": null, "BDMP (%)": null, "BDS (EUR)": null, "BDS (%)": null, "TAC": null, "PA (EUR)": null, "D (EUR)": null, "TAC  C1": null, "PA C1 (EUR)": null, "D C1 (EUR)": null, "TAC C2": null, "PA C2 (EUR)": null, "D C2 (EUR)": null, "TAC  C3": null, "PA C3 (EUR)": null, "D C3 (EUR)": null, "TAC C4": null, "PA C4 (EUR)": null, "D C4 (EUR)": null, "TAC F": null, "PAF (EUR)": null, "DF (EUR)": null, "TAC A": null, "PAA (EUR)": null, "DA (EUR)": null, "TAC C": null, "PAC (EUR)": null, "DC (EUR)": null, "TAC MI": null, "PAMI (EUR)": null, "DMI (EUR)": null, " TAC MP": null, "PAMP (EUR)": null, "DMP (EUR)": null }, "geometry": null },
{ "type": "Feature", "properties": { "Année": 2030, "Mois": "Décembre", "UC": "UCR-A", "TAG": null, "NAP": null, "NAA": null, "NAC": null, "NAD": null, "TAR 1": null, "TAR 2": null, "TAR 1.1": null, "TAR 1.2": null, "TAR 2.1": null, "TAR 2.2": null, "TAA 1.1.1": null, "TAA 1.1.2": null, "TAA 1.1.3": null, "TAA 1.1.4": null, "TAA 1.2.1": null, "TAA 1.2.2": null, "TAA 1.2.3": null, "TAA 1.2.4": null, "TAA 2.1.1": null, "TAA 2.1.2": null, "TAA 2.1.3": null, "TAA 2.1.4": null, "TAA 2.2.1": null, "TAA 2.2.2": null, "TAA 2.2.3": null, "TAA 2.2.4": null, "DC": 3570353.05, "BT": 34500000, "TD": 0.10348849420289855, "BD 2024 (EUR)": 715524.94, "BD 2024 (%)": 0.020739853333333332, "BD 2025 (EUR)": 2758290.3, "BD 2025 (%)": 0.079950443478260858, "BD 2026 (EUR)": 96537.81, "BD 2026 (%)": 0.002798197391304348, "BD 2027 (EUR)": null, "BD 2027 (%)": null, "BD 2028 (EUR)": null, "BD 2028 (%)": null, "BD 2029 (EUR)": null, "BD 2029 (%)": null, "BD 2030 (EUR)": null, "BD 2030 (%)": null, "BD C1 (EUR)": null, "BD C1 (%)": null, "BD C2 (EUR)": null, "BD C2 (%)": null, "BD C3 (EUR)": null, "BD C3 (%)": null, "BD C4 (EUR)": null, "BD C4 (%)": null, "BDF (EUR)": null, "BDF (%)": null, "BDA (EUR)": null, "BDA (%)": null, "BDC (EUR)": null, "BDC (%)": null, "BDMI (EUR)": null, "BDMI (%)": null, "BDMP (EUR)": null, "BDMP (%)": null, "BDS (EUR)": null, "BDS (%)": null, "TAC": null, "PA (EUR)": null, "D (EUR)": null, "TAC  C1": null, "PA C1 (EUR)": null, "D C1 (EUR)": null, "TAC C2": null, "PA C2 (EUR)": null, "D C2 (EUR)": null, "TAC  C3": null, "PA C3 (EUR)": null, "D C3 (EUR)": null, "TAC C4": null, "PA C4 (EUR)": null, "D C4 (EUR)": null, "TAC F": null, "PAF (EUR)": null, "DF (EUR)": null, "TAC A": null, "PAA (EUR)": null, "DA (EUR)": null, "TAC C": null, "PAC (EUR)": null, "DC (EUR)": null, "TAC MI": null, "PAMI (EUR)": null, "DMI (EUR)": null, " TAC MP": null, "PAMP (EUR)": null, "DMP (EUR)": null }, "geometry": null },
{ "type": "Feature", "properties": { "Année": 2030, "Mois": "Janvier", "UC": "UCR-F", "TAG": null, "NAP": null, "NAA": null, "NAC": null, "NAD": null, "TAR 1": null, "TAR 2": null, "TAR 1.1": null, "TAR 1.2": null, "TAR 2.1": null, "TAR 2.2": null, "TAA 1.1.1": null, "TAA 1.1.2": null, "TAA 1.1.3": null, "TAA 1.1.4": null, "TAA 1.2.1": null, "TAA 1.2.2": null, "TAA 1.2.3": null, "TAA 1.2.4": null, "TAA 2.1.1": null, "TAA 2.1.2": null, "TAA 2.1.3": null, "TAA 2.1.4": null, "TAA 2.2.1": null, "TAA 2.2.2": null, "TAA 2.2.3": null, "TAA 2.2.4": null, "DC": 3570353.05, "BT": 34500000, "TD": 0.10348849420289855, "BD 2024 (EUR)": 715524.94, "BD 2024 (%)": 0.020739853333333332, "BD 2025 (EUR)": 2758290.3, "BD 2025 (%)": 0.079950443478260858, "BD 2026 (EUR)": 96537.81, "BD 2026 (%)": 0.002798197391304348, "BD 2027 (EUR)": null, "BD 2027 (%)": null, "BD 2028 (EUR)": null, "BD 2028 (%)": null, "BD 2029 (EUR)": null, "BD 2029 (%)": null, "BD 2030 (EUR)": null, "BD 2030 (%)": null, "BD C1 (EUR)": null, "BD C1 (%)": null, "BD C2 (EUR)": null, "BD C2 (%)": null, "BD C3 (EUR)": null, "BD C3 (%)": null, "BD C4 (EUR)": null, "BD C4 (%)": null, "BDF (EUR)": null, "BDF (%)": null, "BDA (EUR)": null, "BDA (%)": null, "BDC (EUR)": null, "BDC (%)": null, "BDMI (EUR)": null, "BDMI (%)": null, "BDMP (EUR)": null, "BDMP (%)": null, "BDS (EUR)": null, "BDS (%)": null, "TAC": null, "PA (EUR)": null, "D (EUR)": null, "TAC  C1": null, "PA C1 (EUR)": null, "D C1 (EUR)": null, "TAC C2": null, "PA C2 (EUR)": null, "D C2 (EUR)": null, "TAC  C3": null, "PA C3 (EUR)": null, "D C3 (EUR)": null, "TAC C4": null, "PA C4 (EUR)": null, "D C4 (EUR)": null, "TAC F": null, "PAF (EUR)": null, "DF (EUR)": null, "TAC A": null, "PAA (EUR)": null, "DA (EUR)": null, "TAC C": null, "PAC (EUR)": null, "DC (EUR)": null, "TAC MI": null, "PAMI (EUR)": null, "DMI (EUR)": null, " TAC MP": null, "PAMP (EUR)": null, "DMP (EUR)": null }, "geometry": null },
{ "type": "Feature", "properties": { "Année": 2030, "Mois": "Février", "UC": "UCR-F", "TAG": null, "NAP": null, "NAA": null, "NAC": null, "NAD": null, "TAR 1": null, "TAR 2": null, "TAR 1.1": null, "TAR 1.2": null, "TAR 2.1": null, "TAR 2.2": null, "TAA 1.1.1": null, "TAA 1.1.2": null, "TAA 1.1.3": null, "TAA 1.1.4": null, "TAA 1.2.1": null, "TAA 1.2.2": null, "TAA 1.2.3": null, "TAA 1.2.4": null, "TAA 2.1.1": null, "TAA 2.1.2": null, "TAA 2.1.3": null, "TAA 2.1.4": null, "TAA 2.2.1": null, "TAA 2.2.2": null, "TAA 2.2.3": null, "TAA 2.2.4": null, "DC": 3570353.05, "BT": 34500000, "TD": 0.10348849420289855, "BD 2024 (EUR)": 715524.94, "BD 2024 (%)": 0.020739853333333332, "BD 2025 (EUR)": 2758290.3, "BD 2025 (%)": 0.079950443478260858, "BD 2026 (EUR)": 96537.81, "BD 2026 (%)": 0.002798197391304348, "BD 2027 (EUR)": null, "BD 2027 (%)": null, "BD 2028 (EUR)": null, "BD 2028 (%)": null, "BD 2029 (EUR)": null, "BD 2029 (%)": null, "BD 2030 (EUR)": null, "BD 2030 (%)": null, "BD C1 (EUR)": null, "BD C1 (%)": null, "BD C2 (EUR)": null, "BD C2 (%)": null, "BD C3 (EUR)": null, "BD C3 (%)": null, "BD C4 (EUR)": null, "BD C4 (%)": null, "BDF (EUR)": null, "BDF (%)": null, "BDA (EUR)": null, "BDA (%)": null, "BDC (EUR)": null, "BDC (%)": null, "BDMI (EUR)": null, "BDMI (%)": null, "BDMP (EUR)": null, "BDMP (%)": null, "BDS (EUR)": null, "BDS (%)": null, "TAC": null, "PA (EUR)": null, "D (EUR)": null, "TAC  C1": null, "PA C1 (EUR)": null, "D C1 (EUR)": null, "TAC C2": null, "PA C2 (EUR)": null, "D C2 (EUR)": null, "TAC  C3": null, "PA C3 (EUR)": null, "D C3 (EUR)": null, "TAC C4": null, "PA C4 (EUR)": null, "D C4 (EUR)": null, "TAC F": null, "PAF (EUR)": null, "DF (EUR)": null, "TAC A": null, "PAA (EUR)": null, "DA (EUR)": null, "TAC C": null, "PAC (EUR)": null, "DC (EUR)": null, "TAC MI": null, "PAMI (EUR)": null, "DMI (EUR)": null, " TAC MP": null, "PAMP (EUR)": null, "DMP (EUR)": null }, "geometry": null },
{ "type": "Feature", "properties": { "Année": 2030, "Mois": "Mars", "UC": "UCR-F", "TAG": null, "NAP": null, "NAA": null, "NAC": null, "NAD": null, "TAR 1": null, "TAR 2": null, "TAR 1.1": null, "TAR 1.2": null, "TAR 2.1": null, "TAR 2.2": null, "TAA 1.1.1": null, "TAA 1.1.2": null, "TAA 1.1.3": null, "TAA 1.1.4": null, "TAA 1.2.1": null, "TAA 1.2.2": null, "TAA 1.2.3": null, "TAA 1.2.4": null, "TAA 2.1.1": null, "TAA 2.1.2": null, "TAA 2.1.3": null, "TAA 2.1.4": null, "TAA 2.2.1": null, "TAA 2.2.2": null, "TAA 2.2.3": null, "TAA 2.2.4": null, "DC": 3570353.05, "BT": 34500000, "TD": 0.10348849420289855, "BD 2024 (EUR)": 715524.94, "BD 2024 (%)": 0.020739853333333332, "BD 2025 (EUR)": 2758290.3, "BD 2025 (%)": 0.079950443478260858, "BD 2026 (EUR)": 96537.81, "BD 2026 (%)": 0.002798197391304348, "BD 2027 (EUR)": null, "BD 2027 (%)": null, "BD 2028 (EUR)": null, "BD 2028 (%)": null, "BD 2029 (EUR)": null, "BD 2029 (%)": null, "BD 2030 (EUR)": null, "BD 2030 (%)": null, "BD C1 (EUR)": null, "BD C1 (%)": null, "BD C2 (EUR)": null, "BD C2 (%)": null, "BD C3 (EUR)": null, "BD C3 (%)": null, "BD C4 (EUR)": null, "BD C4 (%)": null, "BDF (EUR)": null, "BDF (%)": null, "BDA (EUR)": null, "BDA (%)": null, "BDC (EUR)": null, "BDC (%)": null, "BDMI (EUR)": null, "BDMI (%)": null, "BDMP (EUR)": null, "BDMP (%)": null, "BDS (EUR)": null, "BDS (%)": null, "TAC": null, "PA (EUR)": null, "D (EUR)": null, "TAC  C1": null, "PA C1 (EUR)": null, "D C1 (EUR)": null, "TAC C2": null, "PA C2 (EUR)": null, "D C2 (EUR)": null, "TAC  C3": null, "PA C3 (EUR)": null, "D C3 (EUR)": null, "TAC C4": null, "PA C4 (EUR)": null, "D C4 (EUR)": null, "TAC F": null, "PAF (EUR)": null, "DF (EUR)": null, "TAC A": null, "PAA (EUR)": null, "DA (EUR)": null, "TAC C": null, "PAC (EUR)": null, "DC (EUR)": null, "TAC MI": null, "PAMI (EUR)": null, "DMI (EUR)": null, " TAC MP": null, "PAMP (EUR)": null, "DMP (EUR)": null }, "geometry": null },
{ "type": "Feature", "properties": { "Année": 2030, "Mois": "Avril", "UC": "UCR-F", "TAG": null, "NAP": null, "NAA": null, "NAC": null, "NAD": null, "TAR 1": null, "TAR 2": null, "TAR 1.1": null, "TAR 1.2": null, "TAR 2.1": null, "TAR 2.2": null, "TAA 1.1.1": null, "TAA 1.1.2": null, "TAA 1.1.3": null, "TAA 1.1.4": null, "TAA 1.2.1": null, "TAA 1.2.2": null, "TAA 1.2.3": null, "TAA 1.2.4": null, "TAA 2.1.1": null, "TAA 2.1.2": null, "TAA 2.1.3": null, "TAA 2.1.4": null, "TAA 2.2.1": null, "TAA 2.2.2": null, "TAA 2.2.3": null, "TAA 2.2.4": null, "DC": 3570353.05, "BT": 34500000, "TD": 0.10348849420289855, "BD 2024 (EUR)": 715524.94, "BD 2024 (%)": 0.020739853333333332, "BD 2025 (EUR)": 2758290.3, "BD 2025 (%)": 0.079950443478260858, "BD 2026 (EUR)": 96537.81, "BD 2026 (%)": 0.002798197391304348, "BD 2027 (EUR)": null, "BD 2027 (%)": null, "BD 2028 (EUR)": null, "BD 2028 (%)": null, "BD 2029 (EUR)": null, "BD 2029 (%)": null, "BD 2030 (EUR)": null, "BD 2030 (%)": null, "BD C1 (EUR)": null, "BD C1 (%)": null, "BD C2 (EUR)": null, "BD C2 (%)": null, "BD C3 (EUR)": null, "BD C3 (%)": null, "BD C4 (EUR)": null, "BD C4 (%)": null, "BDF (EUR)": null, "BDF (%)": null, "BDA (EUR)": null, "BDA (%)": null, "BDC (EUR)": null, "BDC (%)": null, "BDMI (EUR)": null, "BDMI (%)": null, "BDMP (EUR)": null, "BDMP (%)": null, "BDS (EUR)": null, "BDS (%)": null, "TAC": null, "PA (EUR)": null, "D (EUR)": null, "TAC  C1": null, "PA C1 (EUR)": null, "D C1 (EUR)": null, "TAC C2": null, "PA C2 (EUR)": null, "D C2 (EUR)": null, "TAC  C3": null, "PA C3 (EUR)": null, "D C3 (EUR)": null, "TAC C4": null, "PA C4 (EUR)": null, "D C4 (EUR)": null, "TAC F": null, "PAF (EUR)": null, "DF (EUR)": null, "TAC A": null, "PAA (EUR)": null, "DA (EUR)": null, "TAC C": null, "PAC (EUR)": null, "DC (EUR)": null, "TAC MI": null, "PAMI (EUR)": null, "DMI (EUR)": null, " TAC MP": null, "PAMP (EUR)": null, "DMP (EUR)": null }, "geometry": null },
{ "type": "Feature", "properties": { "Année": 2030, "Mois": "Mai", "UC": "UCR-F", "TAG": null, "NAP": null, "NAA": null, "NAC": null, "NAD": null, "TAR 1": null, "TAR 2": null, "TAR 1.1": null, "TAR 1.2": null, "TAR 2.1": null, "TAR 2.2": null, "TAA 1.1.1": null, "TAA 1.1.2": null, "TAA 1.1.3": null, "TAA 1.1.4": null, "TAA 1.2.1": null, "TAA 1.2.2": null, "TAA 1.2.3": null, "TAA 1.2.4": null, "TAA 2.1.1": null, "TAA 2.1.2": null, "TAA 2.1.3": null, "TAA 2.1.4": null, "TAA 2.2.1": null, "TAA 2.2.2": null, "TAA 2.2.3": null, "TAA 2.2.4": null, "DC": 3570353.05, "BT": 34500000, "TD": 0.10348849420289855, "BD 2024 (EUR)": 715524.94, "BD 2024 (%)": 0.020739853333333332, "BD 2025 (EUR)": 2758290.3, "BD 2025 (%)": 0.079950443478260858, "BD 2026 (EUR)": 96537.81, "BD 2026 (%)": 0.002798197391304348, "BD 2027 (EUR)": null, "BD 2027 (%)": null, "BD 2028 (EUR)": null, "BD 2028 (%)": null, "BD 2029 (EUR)": null, "BD 2029 (%)": null, "BD 2030 (EUR)": null, "BD 2030 (%)": null, "BD C1 (EUR)": null, "BD C1 (%)": null, "BD C2 (EUR)": null, "BD C2 (%)": null, "BD C3 (EUR)": null, "BD C3 (%)": null, "BD C4 (EUR)": null, "BD C4 (%)": null, "BDF (EUR)": null, "BDF (%)": null, "BDA (EUR)": null, "BDA (%)": null, "BDC (EUR)": null, "BDC (%)": null, "BDMI (EUR)": null, "BDMI (%)": null, "BDMP (EUR)": null, "BDMP (%)": null, "BDS (EUR)": null, "BDS (%)": null, "TAC": null, "PA (EUR)": null, "D (EUR)": null, "TAC  C1": null, "PA C1 (EUR)": null, "D C1 (EUR)": null, "TAC C2": null, "PA C2 (EUR)": null, "D C2 (EUR)": null, "TAC  C3": null, "PA C3 (EUR)": null, "D C3 (EUR)": null, "TAC C4": null, "PA C4 (EUR)": null, "D C4 (EUR)": null, "TAC F": null, "PAF (EUR)": null, "DF (EUR)": null, "TAC A": null, "PAA (EUR)": null, "DA (EUR)": null, "TAC C": null, "PAC (EUR)": null, "DC (EUR)": null, "TAC MI": null, "PAMI (EUR)": null, "DMI (EUR)": null, " TAC MP": null, "PAMP (EUR)": null, "DMP (EUR)": null }, "geometry": null },
{ "type": "Feature", "properties": { "Année": 2030, "Mois": "Juin", "UC": "UCR-F", "TAG": null, "NAP": null, "NAA": null, "NAC": null, "NAD": null, "TAR 1": null, "TAR 2": null, "TAR 1.1": null, "TAR 1.2": null, "TAR 2.1": null, "TAR 2.2": null, "TAA 1.1.1": null, "TAA 1.1.2": null, "TAA 1.1.3": null, "TAA 1.1.4": null, "TAA 1.2.1": null, "TAA 1.2.2": null, "TAA 1.2.3": null, "TAA 1.2.4": null, "TAA 2.1.1": null, "TAA 2.1.2": null, "TAA 2.1.3": null, "TAA 2.1.4": null, "TAA 2.2.1": null, "TAA 2.2.2": null, "TAA 2.2.3": null, "TAA 2.2.4": null, "DC": 3570353.05, "BT": 34500000, "TD": 0.10348849420289855, "BD 2024 (EUR)": 715524.94, "BD 2024 (%)": 0.020739853333333332, "BD 2025 (EUR)": 2758290.3, "BD 2025 (%)": 0.079950443478260858, "BD 2026 (EUR)": 96537.81, "BD 2026 (%)": 0.002798197391304348, "BD 2027 (EUR)": null, "BD 2027 (%)": null, "BD 2028 (EUR)": null, "BD 2028 (%)": null, "BD 2029 (EUR)": null, "BD 2029 (%)": null, "BD 2030 (EUR)": null, "BD 2030 (%)": null, "BD C1 (EUR)": null, "BD C1 (%)": null, "BD C2 (EUR)": null, "BD C2 (%)": null, "BD C3 (EUR)": null, "BD C3 (%)": null, "BD C4 (EUR)": null, "BD C4 (%)": null, "BDF (EUR)": null, "BDF (%)": null, "BDA (EUR)": null, "BDA (%)": null, "BDC (EUR)": null, "BDC (%)": null, "BDMI (EUR)": null, "BDMI (%)": null, "BDMP (EUR)": null, "BDMP (%)": null, "BDS (EUR)": null, "BDS (%)": null, "TAC": null, "PA (EUR)": null, "D (EUR)": null, "TAC  C1": null, "PA C1 (EUR)": null, "D C1 (EUR)": null, "TAC C2": null, "PA C2 (EUR)": null, "D C2 (EUR)": null, "TAC  C3": null, "PA C3 (EUR)": null, "D C3 (EUR)": null, "TAC C4": null, "PA C4 (EUR)": null, "D C4 (EUR)": null, "TAC F": null, "PAF (EUR)": null, "DF (EUR)": null, "TAC A": null, "PAA (EUR)": null, "DA (EUR)": null, "TAC C": null, "PAC (EUR)": null, "DC (EUR)": null, "TAC MI": null, "PAMI (EUR)": null, "DMI (EUR)": null, " TAC MP": null, "PAMP (EUR)": null, "DMP (EUR)": null }, "geometry": null },
{ "type": "Feature", "properties": { "Année": 2030, "Mois": "Juillet", "UC": "UCR-F", "TAG": null, "NAP": null, "NAA": null, "NAC": null, "NAD": null, "TAR 1": null, "TAR 2": null, "TAR 1.1": null, "TAR 1.2": null, "TAR 2.1": null, "TAR 2.2": null, "TAA 1.1.1": null, "TAA 1.1.2": null, "TAA 1.1.3": null, "TAA 1.1.4": null, "TAA 1.2.1": null, "TAA 1.2.2": null, "TAA 1.2.3": null, "TAA 1.2.4": null, "TAA 2.1.1": null, "TAA 2.1.2": null, "TAA 2.1.3": null, "TAA 2.1.4": null, "TAA 2.2.1": null, "TAA 2.2.2": null, "TAA 2.2.3": null, "TAA 2.2.4": null, "DC": 3570353.05, "BT": 34500000, "TD": 0.10348849420289855, "BD 2024 (EUR)": 715524.94, "BD 2024 (%)": 0.020739853333333332, "BD 2025 (EUR)": 2758290.3, "BD 2025 (%)": 0.079950443478260858, "BD 2026 (EUR)": 96537.81, "BD 2026 (%)": 0.002798197391304348, "BD 2027 (EUR)": null, "BD 2027 (%)": null, "BD 2028 (EUR)": null, "BD 2028 (%)": null, "BD 2029 (EUR)": null, "BD 2029 (%)": null, "BD 2030 (EUR)": null, "BD 2030 (%)": null, "BD C1 (EUR)": null, "BD C1 (%)": null, "BD C2 (EUR)": null, "BD C2 (%)": null, "BD C3 (EUR)": null, "BD C3 (%)": null, "BD C4 (EUR)": null, "BD C4 (%)": null, "BDF (EUR)": null, "BDF (%)": null, "BDA (EUR)": null, "BDA (%)": null, "BDC (EUR)": null, "BDC (%)": null, "BDMI (EUR)": null, "BDMI (%)": null, "BDMP (EUR)": null, "BDMP (%)": null, "BDS (EUR)": null, "BDS (%)": null, "TAC": null, "PA (EUR)": null, "D (EUR)": null, "TAC  C1": null, "PA C1 (EUR)": null, "D C1 (EUR)": null, "TAC C2": null, "PA C2 (EUR)": null, "D C2 (EUR)": null, "TAC  C3": null, "PA C3 (EUR)": null, "D C3 (EUR)": null, "TAC C4": null, "PA C4 (EUR)": null, "D C4 (EUR)": null, "TAC F": null, "PAF (EUR)": null, "DF (EUR)": null, "TAC A": null, "PAA (EUR)": null, "DA (EUR)": null, "TAC C": null, "PAC (EUR)": null, "DC (EUR)": null, "TAC MI": null, "PAMI (EUR)": null, "DMI (EUR)": null, " TAC MP": null, "PAMP (EUR)": null, "DMP (EUR)": null }, "geometry": null },
{ "type": "Feature", "properties": { "Année": 2030, "Mois": "Août", "UC": "UCR-F", "TAG": null, "NAP": null, "NAA": null, "NAC": null, "NAD": null, "TAR 1": null, "TAR 2": null, "TAR 1.1": null, "TAR 1.2": null, "TAR 2.1": null, "TAR 2.2": null, "TAA 1.1.1": null, "TAA 1.1.2": null, "TAA 1.1.3": null, "TAA 1.1.4": null, "TAA 1.2.1": null, "TAA 1.2.2": null, "TAA 1.2.3": null, "TAA 1.2.4": null, "TAA 2.1.1": null, "TAA 2.1.2": null, "TAA 2.1.3": null, "TAA 2.1.4": null, "TAA 2.2.1": null, "TAA 2.2.2": null, "TAA 2.2.3": null, "TAA 2.2.4": null, "DC": 3570353.05, "BT": 34500000, "TD": 0.10348849420289855, "BD 2024 (EUR)": 715524.94, "BD 2024 (%)": 0.020739853333333332, "BD 2025 (EUR)": 2758290.3, "BD 2025 (%)": 0.079950443478260858, "BD 2026 (EUR)": 96537.81, "BD 2026 (%)": 0.002798197391304348, "BD 2027 (EUR)": null, "BD 2027 (%)": null, "BD 2028 (EUR)": null, "BD 2028 (%)": null, "BD 2029 (EUR)": null, "BD 2029 (%)": null, "BD 2030 (EUR)": null, "BD 2030 (%)": null, "BD C1 (EUR)": null, "BD C1 (%)": null, "BD C2 (EUR)": null, "BD C2 (%)": null, "BD C3 (EUR)": null, "BD C3 (%)": null, "BD C4 (EUR)": null, "BD C4 (%)": null, "BDF (EUR)": null, "BDF (%)": null, "BDA (EUR)": null, "BDA (%)": null, "BDC (EUR)": null, "BDC (%)": null, "BDMI (EUR)": null, "BDMI (%)": null, "BDMP (EUR)": null, "BDMP (%)": null, "BDS (EUR)": null, "BDS (%)": null, "TAC": null, "PA (EUR)": null, "D (EUR)": null, "TAC  C1": null, "PA C1 (EUR)": null, "D C1 (EUR)": null, "TAC C2": null, "PA C2 (EUR)": null, "D C2 (EUR)": null, "TAC  C3": null, "PA C3 (EUR)": null, "D C3 (EUR)": null, "TAC C4": null, "PA C4 (EUR)": null, "D C4 (EUR)": null, "TAC F": null, "PAF (EUR)": null, "DF (EUR)": null, "TAC A": null, "PAA (EUR)": null, "DA (EUR)": null, "TAC C": null, "PAC (EUR)": null, "DC (EUR)": null, "TAC MI": null, "PAMI (EUR)": null, "DMI (EUR)": null, " TAC MP": null, "PAMP (EUR)": null, "DMP (EUR)": null }, "geometry": null },
{ "type": "Feature", "properties": { "Année": 2030, "Mois": "Septembre", "UC": "UCR-F", "TAG": null, "NAP": null, "NAA": null, "NAC": null, "NAD": null, "TAR 1": null, "TAR 2": null, "TAR 1.1": null, "TAR 1.2": null, "TAR 2.1": null, "TAR 2.2": null, "TAA 1.1.1": null, "TAA 1.1.2": null, "TAA 1.1.3": null, "TAA 1.1.4": null, "TAA 1.2.1": null, "TAA 1.2.2": null, "TAA 1.2.3": null, "TAA 1.2.4": null, "TAA 2.1.1": null, "TAA 2.1.2": null, "TAA 2.1.3": null, "TAA 2.1.4": null, "TAA 2.2.1": null, "TAA 2.2.2": null, "TAA 2.2.3": null, "TAA 2.2.4": null, "DC": 3570353.05, "BT": 34500000, "TD": 0.10348849420289855, "BD 2024 (EUR)": 715524.94, "BD 2024 (%)": 0.020739853333333332, "BD 2025 (EUR)": 2758290.3, "BD 2025 (%)": 0.079950443478260858, "BD 2026 (EUR)": 96537.81, "BD 2026 (%)": 0.002798197391304348, "BD 2027 (EUR)": null, "BD 2027 (%)": null, "BD 2028 (EUR)": null, "BD 2028 (%)": null, "BD 2029 (EUR)": null, "BD 2029 (%)": null, "BD 2030 (EUR)": null, "BD 2030 (%)": null, "BD C1 (EUR)": null, "BD C1 (%)": null, "BD C2 (EUR)": null, "BD C2 (%)": null, "BD C3 (EUR)": null, "BD C3 (%)": null, "BD C4 (EUR)": null, "BD C4 (%)": null, "BDF (EUR)": null, "BDF (%)": null, "BDA (EUR)": null, "BDA (%)": null, "BDC (EUR)": null, "BDC (%)": null, "BDMI (EUR)": null, "BDMI (%)": null, "BDMP (EUR)": null, "BDMP (%)": null, "BDS (EUR)": null, "BDS (%)": null, "TAC": null, "PA (EUR)": null, "D (EUR)": null, "TAC  C1": null, "PA C1 (EUR)": null, "D C1 (EUR)": null, "TAC C2": null, "PA C2 (EUR)": null, "D C2 (EUR)": null, "TAC  C3": null, "PA C3 (EUR)": null, "D C3 (EUR)": null, "TAC C4": null, "PA C4 (EUR)": null, "D C4 (EUR)": null, "TAC F": null, "PAF (EUR)": null, "DF (EUR)": null, "TAC A": null, "PAA (EUR)": null, "DA (EUR)": null, "TAC C": null, "PAC (EUR)": null, "DC (EUR)": null, "TAC MI": null, "PAMI (EUR)": null, "DMI (EUR)": null, " TAC MP": null, "PAMP (EUR)": null, "DMP (EUR)": null }, "geometry": null },
{ "type": "Feature", "properties": { "Année": 2030, "Mois": "Octobre", "UC": "UCR-F", "TAG": null, "NAP": null, "NAA": null, "NAC": null, "NAD": null, "TAR 1": null, "TAR 2": null, "TAR 1.1": null, "TAR 1.2": null, "TAR 2.1": null, "TAR 2.2": null, "TAA 1.1.1": null, "TAA 1.1.2": null, "TAA 1.1.3": null, "TAA 1.1.4": null, "TAA 1.2.1": null, "TAA 1.2.2": null, "TAA 1.2.3": null, "TAA 1.2.4": null, "TAA 2.1.1": null, "TAA 2.1.2": null, "TAA 2.1.3": null, "TAA 2.1.4": null, "TAA 2.2.1": null, "TAA 2.2.2": null, "TAA 2.2.3": null, "TAA 2.2.4": null, "DC": 3570353.05, "BT": 34500000, "TD": 0.10348849420289855, "BD 2024 (EUR)": 715524.94, "BD 2024 (%)": 0.020739853333333332, "BD 2025 (EUR)": 2758290.3, "BD 2025 (%)": 0.079950443478260858, "BD 2026 (EUR)": 96537.81, "BD 2026 (%)": 0.002798197391304348, "BD 2027 (EUR)": null, "BD 2027 (%)": null, "BD 2028 (EUR)": null, "BD 2028 (%)": null, "BD 2029 (EUR)": null, "BD 2029 (%)": null, "BD 2030 (EUR)": null, "BD 2030 (%)": null, "BD C1 (EUR)": null, "BD C1 (%)": null, "BD C2 (EUR)": null, "BD C2 (%)": null, "BD C3 (EUR)": null, "BD C3 (%)": null, "BD C4 (EUR)": null, "BD C4 (%)": null, "BDF (EUR)": null, "BDF (%)": null, "BDA (EUR)": null, "BDA (%)": null, "BDC (EUR)": null, "BDC (%)": null, "BDMI (EUR)": null, "BDMI (%)": null, "BDMP (EUR)": null, "BDMP (%)": null, "BDS (EUR)": null, "BDS (%)": null, "TAC": null, "PA (EUR)": null, "D (EUR)": null, "TAC  C1": null, "PA C1 (EUR)": null, "D C1 (EUR)": null, "TAC C2": null, "PA C2 (EUR)": null, "D C2 (EUR)": null, "TAC  C3": null, "PA C3 (EUR)": null, "D C3 (EUR)": null, "TAC C4": null, "PA C4 (EUR)": null, "D C4 (EUR)": null, "TAC F": null, "PAF (EUR)": null, "DF (EUR)": null, "TAC A": null, "PAA (EUR)": null, "DA (EUR)": null, "TAC C": null, "PAC (EUR)": null, "DC (EUR)": null, "TAC MI": null, "PAMI (EUR)": null, "DMI (EUR)": null, " TAC MP": null, "PAMP (EUR)": null, "DMP (EUR)": null }, "geometry": null },
{ "type": "Feature", "properties": { "Année": 2030, "Mois": "Novembre", "UC": "UCR-F", "TAG": null, "NAP": null, "NAA": null, "NAC": null, "NAD": null, "TAR 1": null, "TAR 2": null, "TAR 1.1": null, "TAR 1.2": null, "TAR 2.1": null, "TAR 2.2": null, "TAA 1.1.1": null, "TAA 1.1.2": null, "TAA 1.1.3": null, "TAA 1.1.4": null, "TAA 1.2.1": null, "TAA 1.2.2": null, "TAA 1.2.3": null, "TAA 1.2.4": null, "TAA 2.1.1": null, "TAA 2.1.2": null, "TAA 2.1.3": null, "TAA 2.1.4": null, "TAA 2.2.1": null, "TAA 2.2.2": null, "TAA 2.2.3": null, "TAA 2.2.4": null, "DC": 3570353.05, "BT": 34500000, "TD": 0.10348849420289855, "BD 2024 (EUR)": 715524.94, "BD 2024 (%)": 0.020739853333333332, "BD 2025 (EUR)": 2758290.3, "BD 2025 (%)": 0.079950443478260858, "BD 2026 (EUR)": 96537.81, "BD 2026 (%)": 0.002798197391304348, "BD 2027 (EUR)": null, "BD 2027 (%)": null, "BD 2028 (EUR)": null, "BD 2028 (%)": null, "BD 2029 (EUR)": null, "BD 2029 (%)": null, "BD 2030 (EUR)": null, "BD 2030 (%)": null, "BD C1 (EUR)": null, "BD C1 (%)": null, "BD C2 (EUR)": null, "BD C2 (%)": null, "BD C3 (EUR)": null, "BD C3 (%)": null, "BD C4 (EUR)": null, "BD C4 (%)": null, "BDF (EUR)": null, "BDF (%)": null, "BDA (EUR)": null, "BDA (%)": null, "BDC (EUR)": null, "BDC (%)": null, "BDMI (EUR)": null, "BDMI (%)": null, "BDMP (EUR)": null, "BDMP (%)": null, "BDS (EUR)": null, "BDS (%)": null, "TAC": null, "PA (EUR)": null, "D (EUR)": null, "TAC  C1": null, "PA C1 (EUR)": null, "D C1 (EUR)": null, "TAC C2": null, "PA C2 (EUR)": null, "D C2 (EUR)": null, "TAC  C3": null, "PA C3 (EUR)": null, "D C3 (EUR)": null, "TAC C4": null, "PA C4 (EUR)": null, "D C4 (EUR)": null, "TAC F": null, "PAF (EUR)": null, "DF (EUR)": null, "TAC A": null, "PAA (EUR)": null, "DA (EUR)": null, "TAC C": null, "PAC (EUR)": null, "DC (EUR)": null, "TAC MI": null, "PAMI (EUR)": null, "DMI (EUR)": null, " TAC MP": null, "PAMP (EUR)": null, "DMP (EUR)": null }, "geometry": null },
{ "type": "Feature", "properties": { "Année": 2030, "Mois": "Décembre", "UC": "UCR-F", "TAG": null, "NAP": null, "NAA": null, "NAC": null, "NAD": null, "TAR 1": null, "TAR 2": null, "TAR 1.1": null, "TAR 1.2": null, "TAR 2.1": null, "TAR 2.2": null, "TAA 1.1.1": null, "TAA 1.1.2": null, "TAA 1.1.3": null, "TAA 1.1.4": null, "TAA 1.2.1": null, "TAA 1.2.2": null, "TAA 1.2.3": null, "TAA 1.2.4": null, "TAA 2.1.1": null, "TAA 2.1.2": null, "TAA 2.1.3": null, "TAA 2.1.4": null, "TAA 2.2.1": null, "TAA 2.2.2": null, "TAA 2.2.3": null, "TAA 2.2.4": null, "DC": 3570353.05, "BT": 34500000, "TD": 0.10348849420289855, "BD 2024 (EUR)": 715524.94, "BD 2024 (%)": 0.020739853333333332, "BD 2025 (EUR)": 2758290.3, "BD 2025 (%)": 0.079950443478260858, "BD 2026 (EUR)": 96537.81, "BD 2026 (%)": 0.002798197391304348, "BD 2027 (EUR)": null, "BD 2027 (%)": null, "BD 2028 (EUR)": null, "BD 2028 (%)": null, "BD 2029 (EUR)": null, "BD 2029 (%)": null, "BD 2030 (EUR)": null, "BD 2030 (%)": null, "BD C1 (EUR)": null, "BD C1 (%)": null, "BD C2 (EUR)": null, "BD C2 (%)": null, "BD C3 (EUR)": null, "BD C3 (%)": null, "BD C4 (EUR)": null, "BD C4 (%)": null, "BDF (EUR)": null, "BDF (%)": null, "BDA (EUR)": null, "BDA (%)": null, "BDC (EUR)": null, "BDC (%)": null, "BDMI (EUR)": null, "BDMI (%)": null, "BDMP (EUR)": null, "BDMP (%)": null, "BDS (EUR)": null, "BDS (%)": null, "TAC": null, "PA (EUR)": null, "D (EUR)": null, "TAC  C1": null, "PA C1 (EUR)": null, "D C1 (EUR)": null, "TAC C2": null, "PA C2 (EUR)": null, "D C2 (EUR)": null, "TAC  C3": null, "PA C3 (EUR)": null, "D C3 (EUR)": null, "TAC C4": null, "PA C4 (EUR)": null, "D C4 (EUR)": null, "TAC F": null, "PAF (EUR)": null, "DF (EUR)": null, "TAC A": null, "PAA (EUR)": null, "DA (EUR)": null, "TAC C": null, "PAC (EUR)": null, "DC (EUR)": null, "TAC MI": null, "PAMI (EUR)": null, "DMI (EUR)": null, " TAC MP": null, "PAMP (EUR)": null, "DMP (EUR)": null }, "geometry": null },
{ "type": "Feature", "properties": { "Année": 2030, "Mois": "Janvier", "UC": "UCR-FD", "TAG": null, "NAP": null, "NAA": null, "NAC": null, "NAD": null, "TAR 1": null, "TAR 2": null, "TAR 1.1": null, "TAR 1.2": null, "TAR 2.1": null, "TAR 2.2": null, "TAA 1.1.1": null, "TAA 1.1.2": null, "TAA 1.1.3": null, "TAA 1.1.4": null, "TAA 1.2.1": null, "TAA 1.2.2": null, "TAA 1.2.3": null, "TAA 1.2.4": null, "TAA 2.1.1": null, "TAA 2.1.2": null, "TAA 2.1.3": null, "TAA 2.1.4": null, "TAA 2.2.1": null, "TAA 2.2.2": null, "TAA 2.2.3": null, "TAA 2.2.4": null, "DC": 3570353.05, "BT": 34500000, "TD": 0.10348849420289855, "BD 2024 (EUR)": 715524.94, "BD 2024 (%)": 0.020739853333333332, "BD 2025 (EUR)": 2758290.3, "BD 2025 (%)": 0.079950443478260858, "BD 2026 (EUR)": 96537.81, "BD 2026 (%)": 0.002798197391304348, "BD 2027 (EUR)": null, "BD 2027 (%)": null, "BD 2028 (EUR)": null, "BD 2028 (%)": null, "BD 2029 (EUR)": null, "BD 2029 (%)": null, "BD 2030 (EUR)": null, "BD 2030 (%)": null, "BD C1 (EUR)": null, "BD C1 (%)": null, "BD C2 (EUR)": null, "BD C2 (%)": null, "BD C3 (EUR)": null, "BD C3 (%)": null, "BD C4 (EUR)": null, "BD C4 (%)": null, "BDF (EUR)": null, "BDF (%)": null, "BDA (EUR)": null, "BDA (%)": null, "BDC (EUR)": null, "BDC (%)": null, "BDMI (EUR)": null, "BDMI (%)": null, "BDMP (EUR)": null, "BDMP (%)": null, "BDS (EUR)": null, "BDS (%)": null, "TAC": null, "PA (EUR)": null, "D (EUR)": null, "TAC  C1": null, "PA C1 (EUR)": null, "D C1 (EUR)": null, "TAC C2": null, "PA C2 (EUR)": null, "D C2 (EUR)": null, "TAC  C3": null, "PA C3 (EUR)": null, "D C3 (EUR)": null, "TAC C4": null, "PA C4 (EUR)": null, "D C4 (EUR)": null, "TAC F": null, "PAF (EUR)": null, "DF (EUR)": null, "TAC A": null, "PAA (EUR)": null, "DA (EUR)": null, "TAC C": null, "PAC (EUR)": null, "DC (EUR)": null, "TAC MI": null, "PAMI (EUR)": null, "DMI (EUR)": null, " TAC MP": null, "PAMP (EUR)": null, "DMP (EUR)": null }, "geometry": null },
{ "type": "Feature", "properties": { "Année": 2030, "Mois": "Février", "UC": "UCR-FD", "TAG": null, "NAP": null, "NAA": null, "NAC": null, "NAD": null, "TAR 1": null, "TAR 2": null, "TAR 1.1": null, "TAR 1.2": null, "TAR 2.1": null, "TAR 2.2": null, "TAA 1.1.1": null, "TAA 1.1.2": null, "TAA 1.1.3": null, "TAA 1.1.4": null, "TAA 1.2.1": null, "TAA 1.2.2": null, "TAA 1.2.3": null, "TAA 1.2.4": null, "TAA 2.1.1": null, "TAA 2.1.2": null, "TAA 2.1.3": null, "TAA 2.1.4": null, "TAA 2.2.1": null, "TAA 2.2.2": null, "TAA 2.2.3": null, "TAA 2.2.4": null, "DC": 3570353.05, "BT": 34500000, "TD": 0.10348849420289855, "BD 2024 (EUR)": 715524.94, "BD 2024 (%)": 0.020739853333333332, "BD 2025 (EUR)": 2758290.3, "BD 2025 (%)": 0.079950443478260858, "BD 2026 (EUR)": 96537.81, "BD 2026 (%)": 0.002798197391304348, "BD 2027 (EUR)": null, "BD 2027 (%)": null, "BD 2028 (EUR)": null, "BD 2028 (%)": null, "BD 2029 (EUR)": null, "BD 2029 (%)": null, "BD 2030 (EUR)": null, "BD 2030 (%)": null, "BD C1 (EUR)": null, "BD C1 (%)": null, "BD C2 (EUR)": null, "BD C2 (%)": null, "BD C3 (EUR)": null, "BD C3 (%)": null, "BD C4 (EUR)": null, "BD C4 (%)": null, "BDF (EUR)": null, "BDF (%)": null, "BDA (EUR)": null, "BDA (%)": null, "BDC (EUR)": null, "BDC (%)": null, "BDMI (EUR)": null, "BDMI (%)": null, "BDMP (EUR)": null, "BDMP (%)": null, "BDS (EUR)": null, "BDS (%)": null, "TAC": null, "PA (EUR)": null, "D (EUR)": null, "TAC  C1": null, "PA C1 (EUR)": null, "D C1 (EUR)": null, "TAC C2": null, "PA C2 (EUR)": null, "D C2 (EUR)": null, "TAC  C3": null, "PA C3 (EUR)": null, "D C3 (EUR)": null, "TAC C4": null, "PA C4 (EUR)": null, "D C4 (EUR)": null, "TAC F": null, "PAF (EUR)": null, "DF (EUR)": null, "TAC A": null, "PAA (EUR)": null, "DA (EUR)": null, "TAC C": null, "PAC (EUR)": null, "DC (EUR)": null, "TAC MI": null, "PAMI (EUR)": null, "DMI (EUR)": null, " TAC MP": null, "PAMP (EUR)": null, "DMP (EUR)": null }, "geometry": null },
{ "type": "Feature", "properties": { "Année": 2030, "Mois": "Mars", "UC": "UCR-FD", "TAG": null, "NAP": null, "NAA": null, "NAC": null, "NAD": null, "TAR 1": null, "TAR 2": null, "TAR 1.1": null, "TAR 1.2": null, "TAR 2.1": null, "TAR 2.2": null, "TAA 1.1.1": null, "TAA 1.1.2": null, "TAA 1.1.3": null, "TAA 1.1.4": null, "TAA 1.2.1": null, "TAA 1.2.2": null, "TAA 1.2.3": null, "TAA 1.2.4": null, "TAA 2.1.1": null, "TAA 2.1.2": null, "TAA 2.1.3": null, "TAA 2.1.4": null, "TAA 2.2.1": null, "TAA 2.2.2": null, "TAA 2.2.3": null, "TAA 2.2.4": null, "DC": 3570353.05, "BT": 34500000, "TD": 0.10348849420289855, "BD 2024 (EUR)": 715524.94, "BD 2024 (%)": 0.020739853333333332, "BD 2025 (EUR)": 2758290.3, "BD 2025 (%)": 0.079950443478260858, "BD 2026 (EUR)": 96537.81, "BD 2026 (%)": 0.002798197391304348, "BD 2027 (EUR)": null, "BD 2027 (%)": null, "BD 2028 (EUR)": null, "BD 2028 (%)": null, "BD 2029 (EUR)": null, "BD 2029 (%)": null, "BD 2030 (EUR)": null, "BD 2030 (%)": null, "BD C1 (EUR)": null, "BD C1 (%)": null, "BD C2 (EUR)": null, "BD C2 (%)": null, "BD C3 (EUR)": null, "BD C3 (%)": null, "BD C4 (EUR)": null, "BD C4 (%)": null, "BDF (EUR)": null, "BDF (%)": null, "BDA (EUR)": null, "BDA (%)": null, "BDC (EUR)": null, "BDC (%)": null, "BDMI (EUR)": null, "BDMI (%)": null, "BDMP (EUR)": null, "BDMP (%)": null, "BDS (EUR)": null, "BDS (%)": null, "TAC": null, "PA (EUR)": null, "D (EUR)": null, "TAC  C1": null, "PA C1 (EUR)": null, "D C1 (EUR)": null, "TAC C2": null, "PA C2 (EUR)": null, "D C2 (EUR)": null, "TAC  C3": null, "PA C3 (EUR)": null, "D C3 (EUR)": null, "TAC C4": null, "PA C4 (EUR)": null, "D C4 (EUR)": null, "TAC F": null, "PAF (EUR)": null, "DF (EUR)": null, "TAC A": null, "PAA (EUR)": null, "DA (EUR)": null, "TAC C": null, "PAC (EUR)": null, "DC (EUR)": null, "TAC MI": null, "PAMI (EUR)": null, "DMI (EUR)": null, " TAC MP": null, "PAMP (EUR)": null, "DMP (EUR)": null }, "geometry": null },
{ "type": "Feature", "properties": { "Année": 2030, "Mois": "Avril", "UC": "UCR-FD", "TAG": null, "NAP": null, "NAA": null, "NAC": null, "NAD": null, "TAR 1": null, "TAR 2": null, "TAR 1.1": null, "TAR 1.2": null, "TAR 2.1": null, "TAR 2.2": null, "TAA 1.1.1": null, "TAA 1.1.2": null, "TAA 1.1.3": null, "TAA 1.1.4": null, "TAA 1.2.1": null, "TAA 1.2.2": null, "TAA 1.2.3": null, "TAA 1.2.4": null, "TAA 2.1.1": null, "TAA 2.1.2": null, "TAA 2.1.3": null, "TAA 2.1.4": null, "TAA 2.2.1": null, "TAA 2.2.2": null, "TAA 2.2.3": null, "TAA 2.2.4": null, "DC": 3570353.05, "BT": 34500000, "TD": 0.10348849420289855, "BD 2024 (EUR)": 715524.94, "BD 2024 (%)": 0.020739853333333332, "BD 2025 (EUR)": 2758290.3, "BD 2025 (%)": 0.079950443478260858, "BD 2026 (EUR)": 96537.81, "BD 2026 (%)": 0.002798197391304348, "BD 2027 (EUR)": null, "BD 2027 (%)": null, "BD 2028 (EUR)": null, "BD 2028 (%)": null, "BD 2029 (EUR)": null, "BD 2029 (%)": null, "BD 2030 (EUR)": null, "BD 2030 (%)": null, "BD C1 (EUR)": null, "BD C1 (%)": null, "BD C2 (EUR)": null, "BD C2 (%)": null, "BD C3 (EUR)": null, "BD C3 (%)": null, "BD C4 (EUR)": null, "BD C4 (%)": null, "BDF (EUR)": null, "BDF (%)": null, "BDA (EUR)": null, "BDA (%)": null, "BDC (EUR)": null, "BDC (%)": null, "BDMI (EUR)": null, "BDMI (%)": null, "BDMP (EUR)": null, "BDMP (%)": null, "BDS (EUR)": null, "BDS (%)": null, "TAC": null, "PA (EUR)": null, "D (EUR)": null, "TAC  C1": null, "PA C1 (EUR)": null, "D C1 (EUR)": null, "TAC C2": null, "PA C2 (EUR)": null, "D C2 (EUR)": null, "TAC  C3": null, "PA C3 (EUR)": null, "D C3 (EUR)": null, "TAC C4": null, "PA C4 (EUR)": null, "D C4 (EUR)": null, "TAC F": null, "PAF (EUR)": null, "DF (EUR)": null, "TAC A": null, "PAA (EUR)": null, "DA (EUR)": null, "TAC C": null, "PAC (EUR)": null, "DC (EUR)": null, "TAC MI": null, "PAMI (EUR)": null, "DMI (EUR)": null, " TAC MP": null, "PAMP (EUR)": null, "DMP (EUR)": null }, "geometry": null },
{ "type": "Feature", "properties": { "Année": 2030, "Mois": "Mai", "UC": "UCR-FD", "TAG": null, "NAP": null, "NAA": null, "NAC": null, "NAD": null, "TAR 1": null, "TAR 2": null, "TAR 1.1": null, "TAR 1.2": null, "TAR 2.1": null, "TAR 2.2": null, "TAA 1.1.1": null, "TAA 1.1.2": null, "TAA 1.1.3": null, "TAA 1.1.4": null, "TAA 1.2.1": null, "TAA 1.2.2": null, "TAA 1.2.3": null, "TAA 1.2.4": null, "TAA 2.1.1": null, "TAA 2.1.2": null, "TAA 2.1.3": null, "TAA 2.1.4": null, "TAA 2.2.1": null, "TAA 2.2.2": null, "TAA 2.2.3": null, "TAA 2.2.4": null, "DC": 3570353.05, "BT": 34500000, "TD": 0.10348849420289855, "BD 2024 (EUR)": 715524.94, "BD 2024 (%)": 0.020739853333333332, "BD 2025 (EUR)": 2758290.3, "BD 2025 (%)": 0.079950443478260858, "BD 2026 (EUR)": 96537.81, "BD 2026 (%)": 0.002798197391304348, "BD 2027 (EUR)": null, "BD 2027 (%)": null, "BD 2028 (EUR)": null, "BD 2028 (%)": null, "BD 2029 (EUR)": null, "BD 2029 (%)": null, "BD 2030 (EUR)": null, "BD 2030 (%)": null, "BD C1 (EUR)": null, "BD C1 (%)": null, "BD C2 (EUR)": null, "BD C2 (%)": null, "BD C3 (EUR)": null, "BD C3 (%)": null, "BD C4 (EUR)": null, "BD C4 (%)": null, "BDF (EUR)": null, "BDF (%)": null, "BDA (EUR)": null, "BDA (%)": null, "BDC (EUR)": null, "BDC (%)": null, "BDMI (EUR)": null, "BDMI (%)": null, "BDMP (EUR)": null, "BDMP (%)": null, "BDS (EUR)": null, "BDS (%)": null, "TAC": null, "PA (EUR)": null, "D (EUR)": null, "TAC  C1": null, "PA C1 (EUR)": null, "D C1 (EUR)": null, "TAC C2": null, "PA C2 (EUR)": null, "D C2 (EUR)": null, "TAC  C3": null, "PA C3 (EUR)": null, "D C3 (EUR)": null, "TAC C4": null, "PA C4 (EUR)": null, "D C4 (EUR)": null, "TAC F": null, "PAF (EUR)": null, "DF (EUR)": null, "TAC A": null, "PAA (EUR)": null, "DA (EUR)": null, "TAC C": null, "PAC (EUR)": null, "DC (EUR)": null, "TAC MI": null, "PAMI (EUR)": null, "DMI (EUR)": null, " TAC MP": null, "PAMP (EUR)": null, "DMP (EUR)": null }, "geometry": null },
{ "type": "Feature", "properties": { "Année": 2030, "Mois": "Juin", "UC": "UCR-FD", "TAG": null, "NAP": null, "NAA": null, "NAC": null, "NAD": null, "TAR 1": null, "TAR 2": null, "TAR 1.1": null, "TAR 1.2": null, "TAR 2.1": null, "TAR 2.2": null, "TAA 1.1.1": null, "TAA 1.1.2": null, "TAA 1.1.3": null, "TAA 1.1.4": null, "TAA 1.2.1": null, "TAA 1.2.2": null, "TAA 1.2.3": null, "TAA 1.2.4": null, "TAA 2.1.1": null, "TAA 2.1.2": null, "TAA 2.1.3": null, "TAA 2.1.4": null, "TAA 2.2.1": null, "TAA 2.2.2": null, "TAA 2.2.3": null, "TAA 2.2.4": null, "DC": 3570353.05, "BT": 34500000, "TD": 0.10348849420289855, "BD 2024 (EUR)": 715524.94, "BD 2024 (%)": 0.020739853333333332, "BD 2025 (EUR)": 2758290.3, "BD 2025 (%)": 0.079950443478260858, "BD 2026 (EUR)": 96537.81, "BD 2026 (%)": 0.002798197391304348, "BD 2027 (EUR)": null, "BD 2027 (%)": null, "BD 2028 (EUR)": null, "BD 2028 (%)": null, "BD 2029 (EUR)": null, "BD 2029 (%)": null, "BD 2030 (EUR)": null, "BD 2030 (%)": null, "BD C1 (EUR)": null, "BD C1 (%)": null, "BD C2 (EUR)": null, "BD C2 (%)": null, "BD C3 (EUR)": null, "BD C3 (%)": null, "BD C4 (EUR)": null, "BD C4 (%)": null, "BDF (EUR)": null, "BDF (%)": null, "BDA (EUR)": null, "BDA (%)": null, "BDC (EUR)": null, "BDC (%)": null, "BDMI (EUR)": null, "BDMI (%)": null, "BDMP (EUR)": null, "BDMP (%)": null, "BDS (EUR)": null, "BDS (%)": null, "TAC": null, "PA (EUR)": null, "D (EUR)": null, "TAC  C1": null, "PA C1 (EUR)": null, "D C1 (EUR)": null, "TAC C2": null, "PA C2 (EUR)": null, "D C2 (EUR)": null, "TAC  C3": null, "PA C3 (EUR)": null, "D C3 (EUR)": null, "TAC C4": null, "PA C4 (EUR)": null, "D C4 (EUR)": null, "TAC F": null, "PAF (EUR)": null, "DF (EUR)": null, "TAC A": null, "PAA (EUR)": null, "DA (EUR)": null, "TAC C": null, "PAC (EUR)": null, "DC (EUR)": null, "TAC MI": null, "PAMI (EUR)": null, "DMI (EUR)": null, " TAC MP": null, "PAMP (EUR)": null, "DMP (EUR)": null }, "geometry": null },
{ "type": "Feature", "properties": { "Année": 2030, "Mois": "Juillet", "UC": "UCR-FD", "TAG": null, "NAP": null, "NAA": null, "NAC": null, "NAD": null, "TAR 1": null, "TAR 2": null, "TAR 1.1": null, "TAR 1.2": null, "TAR 2.1": null, "TAR 2.2": null, "TAA 1.1.1": null, "TAA 1.1.2": null, "TAA 1.1.3": null, "TAA 1.1.4": null, "TAA 1.2.1": null, "TAA 1.2.2": null, "TAA 1.2.3": null, "TAA 1.2.4": null, "TAA 2.1.1": null, "TAA 2.1.2": null, "TAA 2.1.3": null, "TAA 2.1.4": null, "TAA 2.2.1": null, "TAA 2.2.2": null, "TAA 2.2.3": null, "TAA 2.2.4": null, "DC": 3570353.05, "BT": 34500000, "TD": 0.10348849420289855, "BD 2024 (EUR)": 715524.94, "BD 2024 (%)": 0.020739853333333332, "BD 2025 (EUR)": 2758290.3, "BD 2025 (%)": 0.079950443478260858, "BD 2026 (EUR)": 96537.81, "BD 2026 (%)": 0.002798197391304348, "BD 2027 (EUR)": null, "BD 2027 (%)": null, "BD 2028 (EUR)": null, "BD 2028 (%)": null, "BD 2029 (EUR)": null, "BD 2029 (%)": null, "BD 2030 (EUR)": null, "BD 2030 (%)": null, "BD C1 (EUR)": null, "BD C1 (%)": null, "BD C2 (EUR)": null, "BD C2 (%)": null, "BD C3 (EUR)": null, "BD C3 (%)": null, "BD C4 (EUR)": null, "BD C4 (%)": null, "BDF (EUR)": null, "BDF (%)": null, "BDA (EUR)": null, "BDA (%)": null, "BDC (EUR)": null, "BDC (%)": null, "BDMI (EUR)": null, "BDMI (%)": null, "BDMP (EUR)": null, "BDMP (%)": null, "BDS (EUR)": null, "BDS (%)": null, "TAC": null, "PA (EUR)": null, "D (EUR)": null, "TAC  C1": null, "PA C1 (EUR)": null, "D C1 (EUR)": null, "TAC C2": null, "PA C2 (EUR)": null, "D C2 (EUR)": null, "TAC  C3": null, "PA C3 (EUR)": null, "D C3 (EUR)": null, "TAC C4": null, "PA C4 (EUR)": null, "D C4 (EUR)": null, "TAC F": null, "PAF (EUR)": null, "DF (EUR)": null, "TAC A": null, "PAA (EUR)": null, "DA (EUR)": null, "TAC C": null, "PAC (EUR)": null, "DC (EUR)": null, "TAC MI": null, "PAMI (EUR)": null, "DMI (EUR)": null, " TAC MP": null, "PAMP (EUR)": null, "DMP (EUR)": null }, "geometry": null },
{ "type": "Feature", "properties": { "Année": 2030, "Mois": "Août", "UC": "UCR-FD", "TAG": null, "NAP": null, "NAA": null, "NAC": null, "NAD": null, "TAR 1": null, "TAR 2": null, "TAR 1.1": null, "TAR 1.2": null, "TAR 2.1": null, "TAR 2.2": null, "TAA 1.1.1": null, "TAA 1.1.2": null, "TAA 1.1.3": null, "TAA 1.1.4": null, "TAA 1.2.1": null, "TAA 1.2.2": null, "TAA 1.2.3": null, "TAA 1.2.4": null, "TAA 2.1.1": null, "TAA 2.1.2": null, "TAA 2.1.3": null, "TAA 2.1.4": null, "TAA 2.2.1": null, "TAA 2.2.2": null, "TAA 2.2.3": null, "TAA 2.2.4": null, "DC": 3570353.05, "BT": 34500000, "TD": 0.10348849420289855, "BD 2024 (EUR)": 715524.94, "BD 2024 (%)": 0.020739853333333332, "BD 2025 (EUR)": 2758290.3, "BD 2025 (%)": 0.079950443478260858, "BD 2026 (EUR)": 96537.81, "BD 2026 (%)": 0.002798197391304348, "BD 2027 (EUR)": null, "BD 2027 (%)": null, "BD 2028 (EUR)": null, "BD 2028 (%)": null, "BD 2029 (EUR)": null, "BD 2029 (%)": null, "BD 2030 (EUR)": null, "BD 2030 (%)": null, "BD C1 (EUR)": null, "BD C1 (%)": null, "BD C2 (EUR)": null, "BD C2 (%)": null, "BD C3 (EUR)": null, "BD C3 (%)": null, "BD C4 (EUR)": null, "BD C4 (%)": null, "BDF (EUR)": null, "BDF (%)": null, "BDA (EUR)": null, "BDA (%)": null, "BDC (EUR)": null, "BDC (%)": null, "BDMI (EUR)": null, "BDMI (%)": null, "BDMP (EUR)": null, "BDMP (%)": null, "BDS (EUR)": null, "BDS (%)": null, "TAC": null, "PA (EUR)": null, "D (EUR)": null, "TAC  C1": null, "PA C1 (EUR)": null, "D C1 (EUR)": null, "TAC C2": null, "PA C2 (EUR)": null, "D C2 (EUR)": null, "TAC  C3": null, "PA C3 (EUR)": null, "D C3 (EUR)": null, "TAC C4": null, "PA C4 (EUR)": null, "D C4 (EUR)": null, "TAC F": null, "PAF (EUR)": null, "DF (EUR)": null, "TAC A": null, "PAA (EUR)": null, "DA (EUR)": null, "TAC C": null, "PAC (EUR)": null, "DC (EUR)": null, "TAC MI": null, "PAMI (EUR)": null, "DMI (EUR)": null, " TAC MP": null, "PAMP (EUR)": null, "DMP (EUR)": null }, "geometry": null },
{ "type": "Feature", "properties": { "Année": 2030, "Mois": "Septembre", "UC": "UCR-FD", "TAG": null, "NAP": null, "NAA": null, "NAC": null, "NAD": null, "TAR 1": null, "TAR 2": null, "TAR 1.1": null, "TAR 1.2": null, "TAR 2.1": null, "TAR 2.2": null, "TAA 1.1.1": null, "TAA 1.1.2": null, "TAA 1.1.3": null, "TAA 1.1.4": null, "TAA 1.2.1": null, "TAA 1.2.2": null, "TAA 1.2.3": null, "TAA 1.2.4": null, "TAA 2.1.1": null, "TAA 2.1.2": null, "TAA 2.1.3": null, "TAA 2.1.4": null, "TAA 2.2.1": null, "TAA 2.2.2": null, "TAA 2.2.3": null, "TAA 2.2.4": null, "DC": 3570353.05, "BT": 34500000, "TD": 0.10348849420289855, "BD 2024 (EUR)": 715524.94, "BD 2024 (%)": 0.020739853333333332, "BD 2025 (EUR)": 2758290.3, "BD 2025 (%)": 0.079950443478260858, "BD 2026 (EUR)": 96537.81, "BD 2026 (%)": 0.002798197391304348, "BD 2027 (EUR)": null, "BD 2027 (%)": null, "BD 2028 (EUR)": null, "BD 2028 (%)": null, "BD 2029 (EUR)": null, "BD 2029 (%)": null, "BD 2030 (EUR)": null, "BD 2030 (%)": null, "BD C1 (EUR)": null, "BD C1 (%)": null, "BD C2 (EUR)": null, "BD C2 (%)": null, "BD C3 (EUR)": null, "BD C3 (%)": null, "BD C4 (EUR)": null, "BD C4 (%)": null, "BDF (EUR)": null, "BDF (%)": null, "BDA (EUR)": null, "BDA (%)": null, "BDC (EUR)": null, "BDC (%)": null, "BDMI (EUR)": null, "BDMI (%)": null, "BDMP (EUR)": null, "BDMP (%)": null, "BDS (EUR)": null, "BDS (%)": null, "TAC": null, "PA (EUR)": null, "D (EUR)": null, "TAC  C1": null, "PA C1 (EUR)": null, "D C1 (EUR)": null, "TAC C2": null, "PA C2 (EUR)": null, "D C2 (EUR)": null, "TAC  C3": null, "PA C3 (EUR)": null, "D C3 (EUR)": null, "TAC C4": null, "PA C4 (EUR)": null, "D C4 (EUR)": null, "TAC F": null, "PAF (EUR)": null, "DF (EUR)": null, "TAC A": null, "PAA (EUR)": null, "DA (EUR)": null, "TAC C": null, "PAC (EUR)": null, "DC (EUR)": null, "TAC MI": null, "PAMI (EUR)": null, "DMI (EUR)": null, " TAC MP": null, "PAMP (EUR)": null, "DMP (EUR)": null }, "geometry": null },
{ "type": "Feature", "properties": { "Année": 2030, "Mois": "Octobre", "UC": "UCR-FD", "TAG": null, "NAP": null, "NAA": null, "NAC": null, "NAD": null, "TAR 1": null, "TAR 2": null, "TAR 1.1": null, "TAR 1.2": null, "TAR 2.1": null, "TAR 2.2": null, "TAA 1.1.1": null, "TAA 1.1.2": null, "TAA 1.1.3": null, "TAA 1.1.4": null, "TAA 1.2.1": null, "TAA 1.2.2": null, "TAA 1.2.3": null, "TAA 1.2.4": null, "TAA 2.1.1": null, "TAA 2.1.2": null, "TAA 2.1.3": null, "TAA 2.1.4": null, "TAA 2.2.1": null, "TAA 2.2.2": null, "TAA 2.2.3": null, "TAA 2.2.4": null, "DC": 3570353.05, "BT": 34500000, "TD": 0.10348849420289855, "BD 2024 (EUR)": 715524.94, "BD 2024 (%)": 0.020739853333333332, "BD 2025 (EUR)": 2758290.3, "BD 2025 (%)": 0.079950443478260858, "BD 2026 (EUR)": 96537.81, "BD 2026 (%)": 0.002798197391304348, "BD 2027 (EUR)": null, "BD 2027 (%)": null, "BD 2028 (EUR)": null, "BD 2028 (%)": null, "BD 2029 (EUR)": null, "BD 2029 (%)": null, "BD 2030 (EUR)": null, "BD 2030 (%)": null, "BD C1 (EUR)": null, "BD C1 (%)": null, "BD C2 (EUR)": null, "BD C2 (%)": null, "BD C3 (EUR)": null, "BD C3 (%)": null, "BD C4 (EUR)": null, "BD C4 (%)": null, "BDF (EUR)": null, "BDF (%)": null, "BDA (EUR)": null, "BDA (%)": null, "BDC (EUR)": null, "BDC (%)": null, "BDMI (EUR)": null, "BDMI (%)": null, "BDMP (EUR)": null, "BDMP (%)": null, "BDS (EUR)": null, "BDS (%)": null, "TAC": null, "PA (EUR)": null, "D (EUR)": null, "TAC  C1": null, "PA C1 (EUR)": null, "D C1 (EUR)": null, "TAC C2": null, "PA C2 (EUR)": null, "D C2 (EUR)": null, "TAC  C3": null, "PA C3 (EUR)": null, "D C3 (EUR)": null, "TAC C4": null, "PA C4 (EUR)": null, "D C4 (EUR)": null, "TAC F": null, "PAF (EUR)": null, "DF (EUR)": null, "TAC A": null, "PAA (EUR)": null, "DA (EUR)": null, "TAC C": null, "PAC (EUR)": null, "DC (EUR)": null, "TAC MI": null, "PAMI (EUR)": null, "DMI (EUR)": null, " TAC MP": null, "PAMP (EUR)": null, "DMP (EUR)": null }, "geometry": null },
{ "type": "Feature", "properties": { "Année": 2030, "Mois": "Novembre", "UC": "UCR-FD", "TAG": null, "NAP": null, "NAA": null, "NAC": null, "NAD": null, "TAR 1": null, "TAR 2": null, "TAR 1.1": null, "TAR 1.2": null, "TAR 2.1": null, "TAR 2.2": null, "TAA 1.1.1": null, "TAA 1.1.2": null, "TAA 1.1.3": null, "TAA 1.1.4": null, "TAA 1.2.1": null, "TAA 1.2.2": null, "TAA 1.2.3": null, "TAA 1.2.4": null, "TAA 2.1.1": null, "TAA 2.1.2": null, "TAA 2.1.3": null, "TAA 2.1.4": null, "TAA 2.2.1": null, "TAA 2.2.2": null, "TAA 2.2.3": null, "TAA 2.2.4": null, "DC": 3570353.05, "BT": 34500000, "TD": 0.10348849420289855, "BD 2024 (EUR)": 715524.94, "BD 2024 (%)": 0.020739853333333332, "BD 2025 (EUR)": 2758290.3, "BD 2025 (%)": 0.079950443478260858, "BD 2026 (EUR)": 96537.81, "BD 2026 (%)": 0.002798197391304348, "BD 2027 (EUR)": null, "BD 2027 (%)": null, "BD 2028 (EUR)": null, "BD 2028 (%)": null, "BD 2029 (EUR)": null, "BD 2029 (%)": null, "BD 2030 (EUR)": null, "BD 2030 (%)": null, "BD C1 (EUR)": null, "BD C1 (%)": null, "BD C2 (EUR)": null, "BD C2 (%)": null, "BD C3 (EUR)": null, "BD C3 (%)": null, "BD C4 (EUR)": null, "BD C4 (%)": null, "BDF (EUR)": null, "BDF (%)": null, "BDA (EUR)": null, "BDA (%)": null, "BDC (EUR)": null, "BDC (%)": null, "BDMI (EUR)": null, "BDMI (%)": null, "BDMP (EUR)": null, "BDMP (%)": null, "BDS (EUR)": null, "BDS (%)": null, "TAC": null, "PA (EUR)": null, "D (EUR)": null, "TAC  C1": null, "PA C1 (EUR)": null, "D C1 (EUR)": null, "TAC C2": null, "PA C2 (EUR)": null, "D C2 (EUR)": null, "TAC  C3": null, "PA C3 (EUR)": null, "D C3 (EUR)": null, "TAC C4": null, "PA C4 (EUR)": null, "D C4 (EUR)": null, "TAC F": null, "PAF (EUR)": null, "DF (EUR)": null, "TAC A": null, "PAA (EUR)": null, "DA (EUR)": null, "TAC C": null, "PAC (EUR)": null, "DC (EUR)": null, "TAC MI": null, "PAMI (EUR)": null, "DMI (EUR)": null, " TAC MP": null, "PAMP (EUR)": null, "DMP (EUR)": null }, "geometry": null },
{ "type": "Feature", "properties": { "Année": 2030, "Mois": "Décembre", "UC": "UCR-FD", "TAG": null, "NAP": null, "NAA": null, "NAC": null, "NAD": null, "TAR 1": null, "TAR 2": null, "TAR 1.1": null, "TAR 1.2": null, "TAR 2.1": null, "TAR 2.2": null, "TAA 1.1.1": null, "TAA 1.1.2": null, "TAA 1.1.3": null, "TAA 1.1.4": null, "TAA 1.2.1": null, "TAA 1.2.2": null, "TAA 1.2.3": null, "TAA 1.2.4": null, "TAA 2.1.1": null, "TAA 2.1.2": null, "TAA 2.1.3": null, "TAA 2.1.4": null, "TAA 2.2.1": null, "TAA 2.2.2": null, "TAA 2.2.3": null, "TAA 2.2.4": null, "DC": 3570353.05, "BT": 34500000, "TD": 0.10348849420289855, "BD 2024 (EUR)": 715524.94, "BD 2024 (%)": 0.020739853333333332, "BD 2025 (EUR)": 2758290.3, "BD 2025 (%)": 0.079950443478260858, "BD 2026 (EUR)": 96537.81, "BD 2026 (%)": 0.002798197391304348, "BD 2027 (EUR)": null, "BD 2027 (%)": null, "BD 2028 (EUR)": null, "BD 2028 (%)": null, "BD 2029 (EUR)": null, "BD 2029 (%)": null, "BD 2030 (EUR)": null, "BD 2030 (%)": null, "BD C1 (EUR)": null, "BD C1 (%)": null, "BD C2 (EUR)": null, "BD C2 (%)": null, "BD C3 (EUR)": null, "BD C3 (%)": null, "BD C4 (EUR)": null, "BD C4 (%)": null, "BDF (EUR)": null, "BDF (%)": null, "BDA (EUR)": null, "BDA (%)": null, "BDC (EUR)": null, "BDC (%)": null, "BDMI (EUR)": null, "BDMI (%)": null, "BDMP (EUR)": null, "BDMP (%)": null, "BDS (EUR)": null, "BDS (%)": null, "TAC": null, "PA (EUR)": null, "D (EUR)": null, "TAC  C1": null, "PA C1 (EUR)": null, "D C1 (EUR)": null, "TAC C2": null, "PA C2 (EUR)": null, "D C2 (EUR)": null, "TAC  C3": null, "PA C3 (EUR)": null, "D C3 (EUR)": null, "TAC C4": null, "PA C4 (EUR)": null, "D C4 (EUR)": null, "TAC F": null, "PAF (EUR)": null, "DF (EUR)": null, "TAC A": null, "PAA (EUR)": null, "DA (EUR)": null, "TAC C": null, "PAC (EUR)": null, "DC (EUR)": null, "TAC MI": null, "PAMI (EUR)": null, "DMI (EUR)": null, " TAC MP": null, "PAMP (EUR)": null, "DMP (EUR)": null }, "geometry": null }
]
}
